Match_ID,Season,Date,Venue,City,Team1,Team2,Winner,Result,Win_By_Runs,Win_By_Wickets,Toss_Winner,Toss_Decision,Player_of_Match,Umpire1,Umpire2,Match_Type,Overs
1082591,2017,2017/04/05,"Rajiv Gandhi International Stadium, Uppal",Hyderabad,Sunrisers Hyderabad,Royal Challengers Bangalore,Sunrisers Hyderabad,,35,,Royal Challengers Bangalore,field,Yuvraj Singh,AY Dandekar,NJ Llong,,
1082592,2017,2017/04/06,Maharashtra Cricket Association Stadium,Pune,Rising Pune Supergiant,Mumbai Indians,Rising Pune Supergiant,,,7,Rising Pune Supergiant,field,SPD Smith,A Nand Kishore,S Ravi,,
1082593,2017,2017/04/07,Saurashtra Cricket Association Stadium,Rajkot,Gujarat Lions,Kolkata Knight Riders,Kolkata Knight Riders,,,10,Kolkata Knight Riders,field,CA Lynn,Nitin Menon,CK Nandan,,
1082594,2017,2017/04/08,Holkar Cricket Stadium,Indore,Kings XI Punjab,Rising Pune Supergiant,Kings XI Punjab,,,6,Kings XI Punjab,field,GJ Maxwell,AK Chaudhary,C Shamshuddin,,
1082595,2017,2017/04/08,M.Chinnaswamy Stadium,Bengaluru,Royal Challengers Bangalore,Delhi Daredevils,Royal Challengers Bangalore,,15,,Royal Challengers Bangalore,bat,KM Jadhav,S Ravi,VK Sharma,,
1082597,2017,2017/04/09,Wankhede Stadium,Mumbai,Mumbai Indians,Kolkata Knight Riders,Mumbai Indians,,,4,Mumbai Indians,field,N Rana,Nitin Menon,CK Nandan,,
1082599,2017,2017/04/11,Maharashtra Cricket Association Stadium,Pune,Rising Pune Supergiant,Delhi Daredevils,Delhi Daredevils,,97,,Rising Pune Supergiant,field,SV Samson,AY Dandekar,S Ravi,,
1082598,2017,2017/04/10,Holkar Cricket Stadium,Indore,Kings XI Punjab,Royal Challengers Bangalore,Kings XI Punjab,,,8,Royal Challengers Bangalore,bat,AR Patel,AK Chaudhary,C Shamshuddin,,
1082600,2017,2017/04/12,Wankhede Stadium,Mumbai,Mumbai Indians,Sunrisers Hyderabad,Mumbai Indians,,,4,Mumbai Indians,field,JJ Bumrah,Nitin Menon,CK Nandan,,
1082601,2017,2017/04/13,Eden Gardens,Kolkata,Kolkata Knight Riders,Kings XI Punjab,Kolkata Knight Riders,,,8,Kolkata Knight Riders,field,SP Narine,A Deshmukh,NJ Llong,,
1082603,2017,2017/04/14,Saurashtra Cricket Association Stadium,Rajkot,Gujarat Lions,Rising Pune Supergiant,Gujarat Lions,,,7,Gujarat Lions,field,AJ Tye,A Nand Kishore,S Ravi,,
1082604,2017,2017/04/15,Eden Gardens,Kolkata,Kolkata Knight Riders,Sunrisers Hyderabad,Kolkata Knight Riders,,17,,Sunrisers Hyderabad,field,RV Uthappa,AY Dandekar,NJ Llong,,
1082605,2017,2017/04/15,Feroz Shah Kotla,Delhi,Delhi Daredevils,Kings XI Punjab,Delhi Daredevils,,51,,Delhi Daredevils,bat,CJ Anderson,YC Barde,Nitin Menon,,
1082602,2017,2017/04/14,M Chinnaswamy Stadium,Bangalore,Royal Challengers Bangalore,Mumbai Indians,Mumbai Indians,,,4,Mumbai Indians,field,KA Pollard,KN Ananthapadmanabhan,AK Chaudhary,,
1082606,2017,2017/04/16,Wankhede Stadium,Mumbai,Mumbai Indians,Gujarat Lions,Mumbai Indians,,,6,Mumbai Indians,field,N Rana,A Nand Kishore,S Ravi,,
1082596,2017,2017/04/09,"Rajiv Gandhi International Stadium, Uppal",Hyderabad,Sunrisers Hyderabad,Gujarat Lions,Sunrisers Hyderabad,,,9,Sunrisers Hyderabad,field,Rashid Khan,A Deshmukh,NJ Llong,,
1082607,2017,2017/04/16,M Chinnaswamy Stadium,Bangalore,Royal Challengers Bangalore,Rising Pune Supergiant,Rising Pune Supergiant,,27,,Royal Challengers Bangalore,field,BA Stokes,KN Ananthapadmanabhan,C Shamshuddin,,
1082609,2017,2017/04/17,"Rajiv Gandhi International Stadium, Uppal",Hyderabad,Sunrisers Hyderabad,Kings XI Punjab,Sunrisers Hyderabad,,5,,Kings XI Punjab,field,B Kumar,AY Dandekar,A Deshmukh,,
1082608,2017,2017/04/17,Feroz Shah Kotla,Delhi,Delhi Daredevils,Kolkata Knight Riders,Kolkata Knight Riders,,,4,Delhi Daredevils,bat,NM Coulter-Nile,Nitin Menon,CK Nandan,,
1082610,2017,2017/04/18,Saurashtra Cricket Association Stadium,Rajkot,Gujarat Lions,Royal Challengers Bangalore,Royal Challengers Bangalore,,21,,Gujarat Lions,field,CH Gayle,S Ravi,VK Sharma,,
1082611,2017,2017/04/19,"Rajiv Gandhi International Stadium, Uppal",Hyderabad,Sunrisers Hyderabad,Delhi Daredevils,Sunrisers Hyderabad,,15,,Sunrisers Hyderabad,bat,KS Williamson,CB Gaffaney,NJ Llong,,
1082612,2017,2017/04/20,Holkar Cricket Stadium,Indore,Kings XI Punjab,Mumbai Indians,Mumbai Indians,,,8,Mumbai Indians,field,JC Buttler,M Erasmus,C Shamshuddin,,
1082613,2017,2017/04/21,Eden Gardens,Kolkata,Kolkata Knight Riders,Gujarat Lions,Gujarat Lions,,,4,Gujarat Lions,field,SK Raina,CB Gaffaney,Nitin Menon,,
1082615,2017,2017/04/22,Maharashtra Cricket Association Stadium,Pune,Rising Pune Supergiant,Sunrisers Hyderabad,Rising Pune Supergiant,,,6,Rising Pune Supergiant,field,MS Dhoni,AY Dandekar,A Deshmukh,,
1082616,2017,2017/04/23,Saurashtra Cricket Association Stadium,Rajkot,Gujarat Lions,Kings XI Punjab,Kings XI Punjab,,26,,Gujarat Lions,field,HM Amla,AK Chaudhary,M Erasmus,,
1082614,2017,2017/04/22,Wankhede Stadium,Mumbai,Mumbai Indians,Delhi Daredevils,Mumbai Indians,,14,,Delhi Daredevils,field,MJ McClenaghan,A Nand Kishore,S Ravi,,
1082617,2017,2017/04/23,Eden Gardens,Kolkata,Kolkata Knight Riders,Royal Challengers Bangalore,Kolkata Knight Riders,,82,,Royal Challengers Bangalore,field,NM Coulter-Nile,CB Gaffaney,CK Nandan,,
1082618,2017,2017/04/24,Wankhede Stadium,Mumbai,Mumbai Indians,Rising Pune Supergiant,Rising Pune Supergiant,,3,,Mumbai Indians,field,BA Stokes,A Nand Kishore,S Ravi,,
1082620,2017,2017/04/26,Maharashtra Cricket Association Stadium,Pune,Rising Pune Supergiant,Kolkata Knight Riders,Kolkata Knight Riders,,,7,Kolkata Knight Riders,field,RV Uthappa,AY Dandekar,NJ Llong,,
1082621,2017,2017/04/27,M Chinnaswamy Stadium,Bangalore,Royal Challengers Bangalore,Gujarat Lions,Gujarat Lions,,,7,Gujarat Lions,field,AJ Tye,AK Chaudhary,C Shamshuddin,,
1082622,2017,2017/04/28,Eden Gardens,Kolkata,Kolkata Knight Riders,Delhi Daredevils,Kolkata Knight Riders,,,7,Kolkata Knight Riders,field,G Gambhir,NJ Llong,S Ravi,,
1082623,2017,2017/04/28,"Punjab Cricket Association IS Bindra Stadium, Mohali",Chandigarh,Kings XI Punjab,Sunrisers Hyderabad,Sunrisers Hyderabad,,26,,Kings XI Punjab,field,Rashid Khan,Nitin Menon,CK Nandan,,
1082625,2017,2017/04/29,Saurashtra Cricket Association Stadium,Rajkot,Gujarat Lions,Mumbai Indians,Tie,tie,,,Gujarat Lions,bat,KH Pandya,AK Chaudhary,CB Gaffaney,,
1082624,2017,2017/04/29,Maharashtra Cricket Association Stadium,Pune,Rising Pune Supergiant,Royal Challengers Bangalore,Rising Pune Supergiant,,61,,Royal Challengers Bangalore,field,LH Ferguson,KN Ananthapadmanabhan,M Erasmus,,
1082626,2017,2017/04/30,"Punjab Cricket Association IS Bindra Stadium, Mohali",Chandigarh,Kings XI Punjab,Delhi Daredevils,Kings XI Punjab,,,10,Kings XI Punjab,field,Sandeep Sharma,YC Barde,CK Nandan,,
1082628,2017,2017/05/01,Wankhede Stadium,Mumbai,Mumbai Indians,Royal Challengers Bangalore,Mumbai Indians,,,5,Royal Challengers Bangalore,bat,RG Sharma,AK Chaudhary,CB Gaffaney,,
1082629,2017,2017/05/01,Maharashtra Cricket Association Stadium,Pune,Rising Pune Supergiant,Gujarat Lions,Rising Pune Supergiant,,,5,Rising Pune Supergiant,field,BA Stokes,M Erasmus,C Shamshuddin,,
1082627,2017,2017/04/30,"Rajiv Gandhi International Stadium, Uppal",Hyderabad,Sunrisers Hyderabad,Kolkata Knight Riders,Sunrisers Hyderabad,,48,,Kolkata Knight Riders,field,DA Warner,AY Dandekar,S Ravi,,
1082631,2017,2017/05/03,Eden Gardens,Kolkata,Kolkata Knight Riders,Rising Pune Supergiant,Rising Pune Supergiant,,,4,Rising Pune Supergiant,field,RA Tripathi,KN Ananthapadmanabhan,A Nand Kishore,,
1082630,2017,2017/05/02,Feroz Shah Kotla,Delhi,Delhi Daredevils,Sunrisers Hyderabad,Delhi Daredevils,,,6,Delhi Daredevils,field,Mohammed Shami,YC Barde,Nitin Menon,,
1082632,2017,2017/05/04,Feroz Shah Kotla,Delhi,Delhi Daredevils,Gujarat Lions,Delhi Daredevils,,,7,Delhi Daredevils,field,RR Pant,M Erasmus,Nitin Menon,,
1082634,2017,2017/05/06,"Rajiv Gandhi International Stadium, Uppal",Hyderabad,Sunrisers Hyderabad,Rising Pune Supergiant,Rising Pune Supergiant,,12,,Sunrisers Hyderabad,field,JD Unadkat,KN Ananthapadmanabhan,AK Chaudhary,,
1082633,2017,2017/05/05,M Chinnaswamy Stadium,Bangalore,Royal Challengers Bangalore,Kings XI Punjab,Kings XI Punjab,,19,,Royal Challengers Bangalore,field,Sandeep Sharma,CB Gaffaney,C Shamshuddin,,
1082635,2017,2017/05/06,Feroz Shah Kotla,Delhi,Delhi Daredevils,Mumbai Indians,Mumbai Indians,,146,,Delhi Daredevils,field,LMP Simmons,Nitin Menon,CK Nandan,,
1082637,2017,2017/05/07,"Punjab Cricket Association IS Bindra Stadium, Mohali",Chandigarh,Kings XI Punjab,Gujarat Lions,Gujarat Lions,,,6,Gujarat Lions,field,DR Smith,A Nand Kishore,VK Sharma,,
1082639,2017,2017/05/09,"Punjab Cricket Association IS Bindra Stadium, Mohali",Chandigarh,Kings XI Punjab,Kolkata Knight Riders,Kings XI Punjab,,14,,Kolkata Knight Riders,field,MM Sharma,A Nand Kishore,S Ravi,,
1082636,2017,2017/05/07,M Chinnaswamy Stadium,Bangalore,Royal Challengers Bangalore,Kolkata Knight Riders,Kolkata Knight Riders,,,6,Kolkata Knight Riders,field,SP Narine,AY Dandekar,C Shamshuddin,,
1082638,2017,2017/05/08,"Rajiv Gandhi International Stadium, Uppal",Hyderabad,Sunrisers Hyderabad,Mumbai Indians,Sunrisers Hyderabad,,,7,Mumbai Indians,bat,S Dhawan,KN Ananthapadmanabhan,M Erasmus,,
1082641,2017,2017/05/11,Wankhede Stadium,Mumbai,Mumbai Indians,Kings XI Punjab,Kings XI Punjab,,7,,Mumbai Indians,field,WP Saha,A Deshmukh,A Nand Kishore,,
1082642,2017,2017/05/12,Feroz Shah Kotla,Delhi,Delhi Daredevils,Rising Pune Supergiant,Delhi Daredevils,,7,,Delhi Daredevils,bat,KK Nair,KN Ananthapadmanabhan,CK Nandan,,
1082640,2017,2017/05/10,Green Park,Kanpur,Gujarat Lions,Delhi Daredevils,Delhi Daredevils,,,2,Delhi Daredevils,field,SS Iyer,YC Barde,AK Chaudhary,,
1082644,2017,2017/05/13,Eden Gardens,Kolkata,Kolkata Knight Riders,Mumbai Indians,Mumbai Indians,,9,,Kolkata Knight Riders,field,AT Rayudu,A Nand Kishore,S Ravi,,
1082645,2017,2017/05/14,Maharashtra Cricket Association Stadium,Pune,Rising Pune Supergiant,Kings XI Punjab,Rising Pune Supergiant,,,9,Rising Pune Supergiant,field,JD Unadkat,AY Dandekar,A Deshmukh,,
1082643,2017,2017/05/13,Green Park,Kanpur,Gujarat Lions,Sunrisers Hyderabad,Sunrisers Hyderabad,,,8,Sunrisers Hyderabad,field,Mohammed Siraj,AK Chaudhary,Nitin Menon,,
1082646,2017,2017/05/14,Feroz Shah Kotla,Delhi,Delhi Daredevils,Royal Challengers Bangalore,Royal Challengers Bangalore,,10,,Royal Challengers Bangalore,bat,HV Patel,CK Nandan,C Shamshuddin,,
1082648,2017,2017/05/17,M Chinnaswamy Stadium,Bangalore,Sunrisers Hyderabad,Kolkata Knight Riders,Kolkata Knight Riders,,,7,Kolkata Knight Riders,field,NM Coulter-Nile,AK Chaudhary,Nitin Menon,,
1082647,2017,2017/05/16,Wankhede Stadium,Mumbai,Mumbai Indians,Rising Pune Supergiant,Rising Pune Supergiant,,20,,Mumbai Indians,field,Washington Sundar,S Ravi,C Shamshuddin,,
1082649,2017,2017/05/19,M Chinnaswamy Stadium,Bangalore,Mumbai Indians,Kolkata Knight Riders,Mumbai Indians,,,6,Mumbai Indians,field,KV Sharma,NJ Llong,Nitin Menon,,
1136561,2018,2018/04/07,Wankhede Stadium,Mumbai,Mumbai Indians,Chennai Super Kings,Chennai Super Kings,,,1,Chennai Super Kings,field,DJ Bravo,CB Gaffaney,A Nand Kishore,,
1136562,2018,2018/04/08,Punjab Cricket Association IS Bindra Stadium,Chandigarh,Delhi Daredevils,Kings XI Punjab,Kings XI Punjab,,,6,Kings XI Punjab,field,KL Rahul,KN Ananthapadmanabhan,RJ Tucker,,
1136563,2018,2018/04/08,Eden Gardens,Kolkata,Royal Challengers Bangalore,Kolkata Knight Riders,Kolkata Knight Riders,,,4,Kolkata Knight Riders,field,SP Narine,A Deshmukh,C Shamshuddin,,
1136565,2018,2018/04/10,MA Chidambaram Stadium,Chennai,Kolkata Knight Riders,Chennai Super Kings,Chennai Super Kings,,,5,Chennai Super Kings,field,SW Billings,AK Chaudhary,CB Gaffaney,,
1136564,2018,2018/04/09,Rajiv Gandhi International Stadium,Hyderabad,Rajasthan Royals,Sunrisers Hyderabad,Sunrisers Hyderabad,,,9,Sunrisers Hyderabad,field,S Dhawan,NJ Llong,VA Kulkarni,,
1136566,2018,2018/04/11,Sawai Mansingh Stadium,Jaipur,Rajasthan Royals,Delhi Daredevils,Rajasthan Royals,,10,,Delhi Daredevils,field,SV Samson,KN Ananthapadmanabhan,Nitin Menon,,
1082650,2017,2017/05/21,"Rajiv Gandhi International Stadium, Uppal",Hyderabad,Mumbai Indians,Rising Pune Supergiant,Mumbai Indians,,1,,Mumbai Indians,bat,KH Pandya,NJ Llong,S Ravi,,
1136567,2018,2018/04/12,Rajiv Gandhi International Stadium,Hyderabad,Mumbai Indians,Sunrisers Hyderabad,Sunrisers Hyderabad,,,1,Sunrisers Hyderabad,field,Rashid Khan,CK Nandan,NJ Llong,,
1136568,2018,2018/04/13,M.Chinnaswamy Stadium,Bengaluru,Kings XI Punjab,Royal Challengers Bangalore,Royal Challengers Bangalore,,,4,Royal Challengers Bangalore,field,UT Yadav,A Deshmukh,S Ravi,,
1136569,2018,2018/04/14,Wankhede Stadium,Mumbai,Mumbai Indians,Delhi Daredevils,Delhi Daredevils,,,7,Delhi Daredevils,field,JJ Roy,KN Ananthapadmanabhan,Nitin Menon,,
1136570,2018,2018/04/14,Eden Gardens,Kolkata,Kolkata Knight Riders,Sunrisers Hyderabad,Sunrisers Hyderabad,,,5,Sunrisers Hyderabad,field,B Stanlake,AK Chaudhary,A Nand Kishore,,
1136571,2018,2018/04/15,M.Chinnaswamy Stadium,Bengaluru,Rajasthan Royals,Royal Challengers Bangalore,Rajasthan Royals,,19,,Royal Challengers Bangalore,field,SV Samson,C Shamshuddin,S Ravi,,
1136572,2018,2018/04/15,Punjab Cricket Association IS Bindra Stadium,Chandigarh,Kings XI Punjab,Chennai Super Kings,Kings XI Punjab,,4,,Chennai Super Kings,field,CH Gayle,CK Nandan,VA Kulkarni,,
1136573,2018,2018/04/16,Eden Gardens,Kolkata,Kolkata Knight Riders,Delhi Daredevils,Kolkata Knight Riders,,71,,Delhi Daredevils,field,N Rana,AK Chaudhary,A Nand Kishore,,
1136575,2018,2018/04/18,Sawai Mansingh Stadium,Jaipur,Rajasthan Royals,Kolkata Knight Riders,Kolkata Knight Riders,,,7,Kolkata Knight Riders,field,N Rana,A Deshmukh,S Ravi,,
1136574,2018,2018/04/17,Wankhede Stadium,Mumbai,Mumbai Indians,Royal Challengers Bangalore,Mumbai Indians,,46,,Royal Challengers Bangalore,field,RG Sharma,Nitin Menon,RJ Tucker,,
1136576,2018,2018/04/19,Punjab Cricket Association IS Bindra Stadium,Chandigarh,Kings XI Punjab,Sunrisers Hyderabad,Kings XI Punjab,,15,,Kings XI Punjab,bat,CH Gayle,AK Chaudhary,NJ Llong,,
1136578,2018,2018/04/21,Eden Gardens,Kolkata,Kolkata Knight Riders,Kings XI Punjab,Kings XI Punjab,,,9,Kings XI Punjab,field,KL Rahul,A Deshmukh,C Shamshuddin,,
1136577,2018,2018/04/20,Maharashtra Cricket Association Stadium,Pune,Chennai Super Kings,Rajasthan Royals,Chennai Super Kings,,64,,Rajasthan Royals,field,SR Watson,KN Ananthapadmanabhan,Nitin Menon,,
1136579,2018,2018/04/21,M.Chinnaswamy Stadium,Bengaluru,Delhi Daredevils,Royal Challengers Bangalore,Royal Challengers Bangalore,,,6,Royal Challengers Bangalore,field,AB de Villiers,CB Gaffaney,CK Nandan,,
1136580,2018,2018/04/22,Rajiv Gandhi International Stadium,Hyderabad,Chennai Super Kings,Sunrisers Hyderabad,Chennai Super Kings,,4,,Sunrisers Hyderabad,field,AT Rayudu,AK Chaudhary,VA Kulkarni,,
1136582,2018,2018/04/23,Arun Jaitley Stadium,Delhi,Kings XI Punjab,Delhi Daredevils,Kings XI Punjab,,4,,Delhi Daredevils,field,AS Rajpoot,A Nand Kishore,CK Nandan,,
1136581,2018,2018/04/22,Sawai Mansingh Stadium,Jaipur,Mumbai Indians,Rajasthan Royals,Rajasthan Royals,,,3,Mumbai Indians,bat,JC Archer,KN Ananthapadmanabhan,RJ Tucker,,
1136583,2018,2018/04/24,Wankhede Stadium,Mumbai,Sunrisers Hyderabad,Mumbai Indians,Sunrisers Hyderabad,,31,,Mumbai Indians,field,Rashid Khan,C Shamshuddin,S Ravi,,
1136584,2018,2018/04/25,M.Chinnaswamy Stadium,Bengaluru,Royal Challengers Bangalore,Chennai Super Kings,Chennai Super Kings,,,5,Chennai Super Kings,field,MS Dhoni,NJ Llong,VK Sharma,,
1136585,2018,2018/04/26,Rajiv Gandhi International Stadium,Hyderabad,Sunrisers Hyderabad,Kings XI Punjab,Sunrisers Hyderabad,,13,,Kings XI Punjab,field,AS Rajpoot,CK Nandan,YC Barde,,
1136587,2018,2018/04/28,Maharashtra Cricket Association Stadium,Pune,Chennai Super Kings,Mumbai Indians,Mumbai Indians,,,8,Mumbai Indians,field,RG Sharma,CB Gaffaney,Nitin Menon,,
1136588,2018,2018/04/29,Sawai Mansingh Stadium,Jaipur,Sunrisers Hyderabad,Rajasthan Royals,Sunrisers Hyderabad,,11,,Sunrisers Hyderabad,bat,KS Williamson,BNJ Oxenford,A Nand Kishore,,
1136586,2018,2018/04/27,Arun Jaitley Stadium,Delhi,Delhi Daredevils,Kolkata Knight Riders,Delhi Daredevils,,55,,Kolkata Knight Riders,field,SS Iyer,C Shamshuddin,S Ravi,,
1136589,2018,2018/04/29,M.Chinnaswamy Stadium,Bengaluru,Royal Challengers Bangalore,Kolkata Knight Riders,Kolkata Knight Riders,,,6,Kolkata Knight Riders,field,CA Lynn,AK Chaudhary,NJ Llong,,
1136590,2018,2018/04/30,Maharashtra Cricket Association Stadium,Pune,Chennai Super Kings,Delhi Daredevils,Chennai Super Kings,,13,,Delhi Daredevils,field,SR Watson,AY Dandekar,C Shamshuddin,,
1136591,2018,2018/05/01,M.Chinnaswamy Stadium,Bengaluru,Royal Challengers Bangalore,Mumbai Indians,Royal Challengers Bangalore,,14,,Mumbai Indians,field,TG Southee,M Erasmus,Nitin Menon,,
1136592,2018,2018/05/02,Arun Jaitley Stadium,Delhi,Delhi Daredevils,Rajasthan Royals,Delhi Daredevils,,4,,Rajasthan Royals,field,RR Pant,CK Nandan,VK Sharma,,
1136593,2018,2018/05/03,Eden Gardens,Kolkata,Chennai Super Kings,Kolkata Knight Riders,Kolkata Knight Riders,,,6,Kolkata Knight Riders,field,SP Narine,A Deshmukh,HDPK Dharmasena,,
1136595,2018,2018/05/05,Maharashtra Cricket Association Stadium,Pune,Royal Challengers Bangalore,Chennai Super Kings,Chennai Super Kings,,,6,Chennai Super Kings,field,RA Jadeja,Nitin Menon,YC Barde,,
1136594,2018,2018/05/04,Holkar Cricket Stadium,Indore,Kings XI Punjab,Mumbai Indians,Mumbai Indians,,,6,Mumbai Indians,field,SA Yadav,AY Dandekar,S Ravi,,
1136596,2018,2018/05/05,Rajiv Gandhi International Stadium,Hyderabad,Delhi Daredevils,Sunrisers Hyderabad,Sunrisers Hyderabad,,,7,Delhi Daredevils,bat,Rashid Khan,BNJ Oxenford,CK Nandan,,
1136598,2018,2018/05/06,Holkar Cricket Stadium,Indore,Rajasthan Royals,Kings XI Punjab,Kings XI Punjab,,,6,Kings XI Punjab,field,Mujeeb Ur Rahman,C Shamshuddin,S Ravi,,
1136597,2018,2018/05/06,Wankhede Stadium,Mumbai,Mumbai Indians,Kolkata Knight Riders,Mumbai Indians,,13,,Kolkata Knight Riders,field,HH Pandya,A Deshmukh,HDPK Dharmasena,,
1136599,2018,2018/05/07,Rajiv Gandhi International Stadium,Hyderabad,Sunrisers Hyderabad,Royal Challengers Bangalore,Sunrisers Hyderabad,,5,,Royal Challengers Bangalore,field,KS Williamson,BNJ Oxenford,VK Sharma,,
1136600,2018,2018/05/08,Sawai Mansingh Stadium,Jaipur,Rajasthan Royals,Kings XI Punjab,Rajasthan Royals,,15,,Rajasthan Royals,bat,JC Buttler,M Erasmus,Nitin Menon,,
1136601,2018,2018/05/09,Eden Gardens,Kolkata,Mumbai Indians,Kolkata Knight Riders,Mumbai Indians,,102,,Kolkata Knight Riders,field,Ishan Kishan,KN Ananthapadmanabhan,AK Chaudhary,,
1136603,2018,2018/05/11,Sawai Mansingh Stadium,Jaipur,Chennai Super Kings,Rajasthan Royals,Rajasthan Royals,,,4,Chennai Super Kings,bat,JC Buttler,M Erasmus,YC Barde,,
1136602,2018,2018/05/10,Arun Jaitley Stadium,Delhi,Delhi Daredevils,Sunrisers Hyderabad,Sunrisers Hyderabad,,,9,Delhi Daredevils,bat,S Dhawan,AY Dandekar,C Shamshuddin,,
1136604,2018,2018/05/12,Holkar Cricket Stadium,Indore,Kolkata Knight Riders,Kings XI Punjab,Kolkata Knight Riders,,31,,Kings XI Punjab,field,SP Narine,CK Nandan,VK Sharma,,
1136606,2018,2018/05/13,Maharashtra Cricket Association Stadium,Pune,Sunrisers Hyderabad,Chennai Super Kings,Chennai Super Kings,,,8,Chennai Super Kings,field,AT Rayudu,M Erasmus,YC Barde,,
1136608,2018,2018/05/14,Holkar Cricket Stadium,Indore,Kings XI Punjab,Royal Challengers Bangalore,Royal Challengers Bangalore,,,10,Royal Challengers Bangalore,field,UT Yadav,BNJ Oxenford,VK Sharma,,
1136605,2018,2018/05/12,Arun Jaitley Stadium,Delhi,Delhi Daredevils,Royal Challengers Bangalore,Royal Challengers Bangalore,,,5,Royal Challengers Bangalore,field,AB de Villiers,KN Ananthapadmanabhan,HDPK Dharmasena,,
1136609,2018,2018/05/15,Eden Gardens,Kolkata,Rajasthan Royals,Kolkata Knight Riders,Kolkata Knight Riders,,,6,Kolkata Knight Riders,field,Kuldeep Yadav,AK Chaudhary,HDPK Dharmasena,,
1136610,2018,2018/05/16,Wankhede Stadium,Mumbai,Mumbai Indians,Kings XI Punjab,Mumbai Indians,,3,,Kings XI Punjab,field,JJ Bumrah,M Erasmus,Nitin Menon,,
1136611,2018,2018/05/17,M.Chinnaswamy Stadium,Bengaluru,Royal Challengers Bangalore,Sunrisers Hyderabad,Royal Challengers Bangalore,,14,,Sunrisers Hyderabad,field,AB de Villiers,AY Dandekar,S Ravi,,
1136613,2018,2018/05/19,Sawai Mansingh Stadium,Jaipur,Rajasthan Royals,Royal Challengers Bangalore,Rajasthan Royals,,30,,Rajasthan Royals,bat,S Gopal,BNJ Oxenford,VK Sharma,,
1136614,2018,2018/05/19,Rajiv Gandhi International Stadium,Hyderabad,Sunrisers Hyderabad,Kolkata Knight Riders,Kolkata Knight Riders,,,5,Sunrisers Hyderabad,bat,CA Lynn,AK Chaudhary,S Ravi,,
1136612,2018,2018/05/18,Arun Jaitley Stadium,Delhi,Delhi Daredevils,Chennai Super Kings,Delhi Daredevils,,34,,Chennai Super Kings,field,HV Patel,HDPK Dharmasena,VA Kulkarni,,
1136615,2018,2018/05/20,Arun Jaitley Stadium,Delhi,Delhi Daredevils,Mumbai Indians,Delhi Daredevils,,11,,Delhi Daredevils,bat,A Mishra,HDPK Dharmasena,CK Nandan,,
1136616,2018,2018/05/20,Maharashtra Cricket Association Stadium,Pune,Kings XI Punjab,Chennai Super Kings,Chennai Super Kings,,,5,Chennai Super Kings,field,L Ngidi,Nitin Menon,YC Barde,,
1136617,2018,2018/05/22,Wankhede Stadium,Mumbai,Sunrisers Hyderabad,Chennai Super Kings,Chennai Super Kings,,,2,Chennai Super Kings,field,F du Plessis,C Shamshuddin,M Erasmus,,
1136618,2018,2018/05/23,Eden Gardens,Kolkata,Kolkata Knight Riders,Rajasthan Royals,Kolkata Knight Riders,,25,,Rajasthan Royals,field,AD Russell,AK Chaudhary,Nitin Menon,,
1136619,2018,2018/05/25,Eden Gardens,Kolkata,Sunrisers Hyderabad,Kolkata Knight Riders,Sunrisers Hyderabad,,14,,Kolkata Knight Riders,field,Rashid Khan,HDPK Dharmasena,Nitin Menon,,
1175356,2019,2019/03/23,MA Chidambaram Stadium,Chennai,Royal Challengers Bangalore,Chennai Super Kings,Chennai Super Kings,,,7,Chennai Super Kings,field,Harbhajan Singh,AY Dandekar,BNJ Oxenford,,
1175358,2019,2019/03/24,Wankhede Stadium,Mumbai,Delhi Capitals,Mumbai Indians,Delhi Capitals,,37,,Mumbai Indians,field,RR Pant,S Ravi,YC Barde,,
1175359,2019,2019/03/25,Sawai Mansingh Stadium,Jaipur,Kings XI Punjab,Rajasthan Royals,Kings XI Punjab,,14,,Rajasthan Royals,field,CH Gayle,C Shamshuddin,KN Ananthapadmanabhan,,
1175361,2019,2019/03/27,Eden Gardens,Kolkata,Kolkata Knight Riders,Kings XI Punjab,Kolkata Knight Riders,,28,,Kings XI Punjab,field,AD Russell,AK Chaudhary,VA Kulkarni,,
1175360,2019,2019/03/26,Arun Jaitley Stadium,Delhi,Delhi Capitals,Chennai Super Kings,Chennai Super Kings,,,6,Delhi Capitals,bat,SR Watson,M Erasmus,Nitin Menon,,
1175362,2019,2019/03/28,M.Chinnaswamy Stadium,Bengaluru,Mumbai Indians,Royal Challengers Bangalore,Mumbai Indians,,6,,Royal Challengers Bangalore,field,JJ Bumrah,CK Nandan,S Ravi,,
1136620,2018,2018/05/27,Wankhede Stadium,Mumbai,Sunrisers Hyderabad,Chennai Super Kings,Chennai Super Kings,,,8,Chennai Super Kings,field,SR Watson,M Erasmus,S Ravi,,
1175357,2019,2019/03/24,Eden Gardens,Kolkata,Sunrisers Hyderabad,Kolkata Knight Riders,Kolkata Knight Riders,,,6,Kolkata Knight Riders,field,AD Russell,AK Chaudhary,CB Gaffaney,,
1175363,2019,2019/03/29,Rajiv Gandhi International Stadium,Hyderabad,Rajasthan Royals,Sunrisers Hyderabad,Sunrisers Hyderabad,,,5,Rajasthan Royals,bat,Rashid Khan,BNJ Oxenford,C Shamshuddin,,
1175366,2019,2019/03/31,Rajiv Gandhi International Stadium,Hyderabad,Sunrisers Hyderabad,Royal Challengers Bangalore,Sunrisers Hyderabad,,118,,Royal Challengers Bangalore,field,JM Bairstow,KN Ananthapadmanabhan,S Ravi,,
1175364,2019,2019/03/30,Punjab Cricket Association IS Bindra Stadium,Chandigarh,Mumbai Indians,Kings XI Punjab,Kings XI Punjab,,,8,Kings XI Punjab,field,MA Agarwal,CB Gaffaney,VA Kulkarni,,
1175365,2019,2019/03/30,Arun Jaitley Stadium,Delhi,Kolkata Knight Riders,Delhi Capitals,Tie,tie,,,Delhi Capitals,field,PP Shaw,AY Dandekar,Nitin Menon,,
1175367,2019,2019/03/31,MA Chidambaram Stadium,Chennai,Chennai Super Kings,Rajasthan Royals,Chennai Super Kings,,8,,Rajasthan Royals,field,MS Dhoni,CK Nandan,YC Barde,,
1175369,2019,2019/04/02,Sawai Mansingh Stadium,Jaipur,Royal Challengers Bangalore,Rajasthan Royals,Rajasthan Royals,,,7,Rajasthan Royals,field,S Gopal,AY Dandekar,M Erasmus,,
1175368,2019,2019/04/01,Punjab Cricket Association IS Bindra Stadium,Chandigarh,Kings XI Punjab,Delhi Capitals,Kings XI Punjab,,14,,Delhi Capitals,field,SM Curran,AK Chaudhary,CB Gaffaney,,
1175370,2019,2019/04/03,Wankhede Stadium,Mumbai,Mumbai Indians,Chennai Super Kings,Mumbai Indians,,37,,Chennai Super Kings,field,HH Pandya,BNJ Oxenford,RJ Tucker,,
1175371,2019,2019/04/04,Arun Jaitley Stadium,Delhi,Delhi Capitals,Sunrisers Hyderabad,Sunrisers Hyderabad,,,5,Sunrisers Hyderabad,field,JM Bairstow,C Shamshuddin,KN Ananthapadmanabhan,,
1175372,2019,2019/04/05,M.Chinnaswamy Stadium,Bengaluru,Royal Challengers Bangalore,Kolkata Knight Riders,Kolkata Knight Riders,,,5,Kolkata Knight Riders,field,AD Russell,AK Chaudhary,CB Gaffaney,,
1178393,2019,2019/04/06,MA Chidambaram Stadium,Chennai,Chennai Super Kings,Kings XI Punjab,Chennai Super Kings,,22,,Chennai Super Kings,bat,Harbhajan Singh,KN Ananthapadmanabhan,RJ Tucker,,
1178394,2019,2019/04/06,Rajiv Gandhi International Stadium,Hyderabad,Mumbai Indians,Sunrisers Hyderabad,Mumbai Indians,,40,,Sunrisers Hyderabad,field,AS Joseph,AY Dandekar,Nitin Menon,,
1178396,2019,2019/04/07,Sawai Mansingh Stadium,Jaipur,Rajasthan Royals,Kolkata Knight Riders,Kolkata Knight Riders,,,8,Kolkata Knight Riders,field,HF Gurney,AK Chaudhary,CB Gaffaney,,
1178395,2019,2019/04/07,M.Chinnaswamy Stadium,Bengaluru,Royal Challengers Bangalore,Delhi Capitals,Delhi Capitals,,,4,Delhi Capitals,field,K Rabada,S Ravi,YC Barde,,
1178397,2019,2019/04/08,Punjab Cricket Association IS Bindra Stadium,Chandigarh,Sunrisers Hyderabad,Kings XI Punjab,Kings XI Punjab,,,6,Kings XI Punjab,field,KL Rahul,AY Dandekar,M Erasmus,,
1178398,2019,2019/04/09,MA Chidambaram Stadium,Chennai,Kolkata Knight Riders,Chennai Super Kings,Chennai Super Kings,,,7,Chennai Super Kings,field,DL Chahar,C Shamshuddin,RJ Tucker,,
1178399,2019,2019/04/10,Wankhede Stadium,Mumbai,Kings XI Punjab,Mumbai Indians,Mumbai Indians,,,3,Mumbai Indians,field,KA Pollard,S Ravi,YC Barde,,
1178400,2019,2019/04/11,Sawai Mansingh Stadium,Jaipur,Rajasthan Royals,Chennai Super Kings,Chennai Super Kings,,,4,Chennai Super Kings,field,MS Dhoni,BNJ Oxenford,UV Gandhe,,
1178401,2019,2019/04/12,Eden Gardens,Kolkata,Kolkata Knight Riders,Delhi Capitals,Delhi Capitals,,,7,Delhi Capitals,field,S Dhawan,CK Nandan,YC Barde,,
1178402,2019,2019/04/13,Wankhede Stadium,Mumbai,Mumbai Indians,Rajasthan Royals,Rajasthan Royals,,,4,Rajasthan Royals,field,JC Buttler,A Nand Kishore,Nitin Menon,,
1178404,2019,2019/04/14,Eden Gardens,Kolkata,Kolkata Knight Riders,Chennai Super Kings,Chennai Super Kings,,,5,Chennai Super Kings,field,Imran Tahir,CK Nandan,RJ Tucker,,
1178406,2019,2019/04/15,Wankhede Stadium,Mumbai,Royal Challengers Bangalore,Mumbai Indians,Mumbai Indians,,,5,Mumbai Indians,field,SL Malinga,M Erasmus,Nitin Menon,,
1178403,2019,2019/04/13,Punjab Cricket Association IS Bindra Stadium,Chandigarh,Kings XI Punjab,Royal Challengers Bangalore,Royal Challengers Bangalore,,,8,Royal Challengers Bangalore,field,AB de Villiers,S Ravi,UV Gandhe,,
1178405,2019,2019/04/14,Rajiv Gandhi International Stadium,Hyderabad,Delhi Capitals,Sunrisers Hyderabad,Delhi Capitals,,39,,Sunrisers Hyderabad,field,KMA Paul,AK Chaudhary,BNJ Oxenford,,
1178407,2019,2019/04/16,Punjab Cricket Association IS Bindra Stadium,Chandigarh,Kings XI Punjab,Rajasthan Royals,Kings XI Punjab,,12,,Rajasthan Royals,field,R Ashwin,AK Chaudhary,VA Kulkarni,,
1178409,2019,2019/04/18,Arun Jaitley Stadium,Delhi,Mumbai Indians,Delhi Capitals,Mumbai Indians,,40,,Mumbai Indians,bat,HH Pandya,BNJ Oxenford,NJ Llong,,
1178408,2019,2019/04/17,Rajiv Gandhi International Stadium,Hyderabad,Chennai Super Kings,Sunrisers Hyderabad,Sunrisers Hyderabad,,,6,Chennai Super Kings,bat,DA Warner,IJ Gould,UV Gandhe,,
1178410,2019,2019/04/19,Eden Gardens,Kolkata,Royal Challengers Bangalore,Kolkata Knight Riders,Royal Challengers Bangalore,,10,,Kolkata Knight Riders,field,V Kohli,IJ Gould,Nitin Menon,,
1178413,2019,2019/04/21,Rajiv Gandhi International Stadium,Hyderabad,Kolkata Knight Riders,Sunrisers Hyderabad,Sunrisers Hyderabad,,,9,Sunrisers Hyderabad,field,KK Ahmed,NJ Llong,Nitin Menon,,
1178412,2019,2019/04/20,Arun Jaitley Stadium,Delhi,Kings XI Punjab,Delhi Capitals,Delhi Capitals,,,5,Delhi Capitals,field,SS Iyer,C Shamshuddin,UV Gandhe,,
1178411,2019,2019/04/20,Sawai Mansingh Stadium,Jaipur,Mumbai Indians,Rajasthan Royals,Rajasthan Royals,,,5,Rajasthan Royals,field,SPD Smith,S Ravi,YC Barde,,
1178414,2019,2019/04/21,M.Chinnaswamy Stadium,Bengaluru,Royal Challengers Bangalore,Chennai Super Kings,Royal Challengers Bangalore,,1,,Chennai Super Kings,field,PA Patel,RJ Tucker,VA Kulkarni,,
1178415,2019,2019/04/22,Sawai Mansingh Stadium,Jaipur,Rajasthan Royals,Delhi Capitals,Delhi Capitals,,,6,Delhi Capitals,field,RR Pant,A Nand Kishore,S Ravi,,
1178417,2019,2019/04/24,M.Chinnaswamy Stadium,Bengaluru,Royal Challengers Bangalore,Kings XI Punjab,Royal Challengers Bangalore,,17,,Kings XI Punjab,field,AB de Villiers,BNJ Oxenford,C Shamshuddin,,
1178416,2019,2019/04/23,MA Chidambaram Stadium,Chennai,Sunrisers Hyderabad,Chennai Super Kings,Chennai Super Kings,,,6,Chennai Super Kings,field,SR Watson,AK Chaudhary,NJ Llong,,
1178418,2019,2019/04/25,Eden Gardens,Kolkata,Kolkata Knight Riders,Rajasthan Royals,Rajasthan Royals,,,3,Rajasthan Royals,field,VR Aaron,AY Dandekar,IJ Gould,,
1178419,2019,2019/04/26,MA Chidambaram Stadium,Chennai,Mumbai Indians,Chennai Super Kings,Mumbai Indians,,46,,Chennai Super Kings,field,RG Sharma,AK Chaudhary,NJ Llong,,
1178420,2019,2019/04/27,Sawai Mansingh Stadium,Jaipur,Sunrisers Hyderabad,Rajasthan Royals,Rajasthan Royals,,,7,Rajasthan Royals,field,JD Unadkat,A Nand Kishore,YC Barde,,
1178422,2019,2019/04/28,Eden Gardens,Kolkata,Kolkata Knight Riders,Mumbai Indians,Kolkata Knight Riders,,34,,Mumbai Indians,field,AD Russell,IJ Gould,Nitin Menon,,
1178421,2019,2019/04/28,Arun Jaitley Stadium,Delhi,Delhi Capitals,Royal Challengers Bangalore,Delhi Capitals,,16,,Delhi Capitals,bat,S Dhawan,BNJ Oxenford,KN Ananthapadmanabhan,,
1178423,2019,2019/04/29,Rajiv Gandhi International Stadium,Hyderabad,Sunrisers Hyderabad,Kings XI Punjab,Sunrisers Hyderabad,,45,,Kings XI Punjab,field,DA Warner,CK Nandan,S Ravi,,
1178424,2019,2019/04/30,M.Chinnaswamy Stadium,Bengaluru,Royal Challengers Bangalore,Rajasthan Royals,No Result,no result,,,Rajasthan Royals,field,,NJ Llong,UV Gandhe,,
1178425,2019,2019/05/01,MA Chidambaram Stadium,Chennai,Chennai Super Kings,Delhi Capitals,Chennai Super Kings,,80,,Delhi Capitals,field,MS Dhoni,AY Dandekar,Nitin Menon,,
1178426,2019,2019/05/02,Wankhede Stadium,Mumbai,Mumbai Indians,Sunrisers Hyderabad,Tie,tie,,,Mumbai Indians,bat,JJ Bumrah,CK Nandan,S Ravi,,
1178428,2019,2019/05/04,Arun Jaitley Stadium,Delhi,Rajasthan Royals,Delhi Capitals,Delhi Capitals,,,5,Rajasthan Royals,bat,A Mishra,AY Dandekar,IJ Gould,,
1178427,2019,2019/05/03,Punjab Cricket Association IS Bindra Stadium,Chandigarh,Kings XI Punjab,Kolkata Knight Riders,Kolkata Knight Riders,,,7,Kolkata Knight Riders,field,Shubman Gill,BNJ Oxenford,C Shamshuddin,,
1178430,2019,2019/05/05,Punjab Cricket Association IS Bindra Stadium,Chandigarh,Chennai Super Kings,Kings XI Punjab,Kings XI Punjab,,,6,Kings XI Punjab,field,KL Rahul,C Shamshuddin,KN Ananthapadmanabhan,,
1178429,2019,2019/05/04,M.Chinnaswamy Stadium,Bengaluru,Sunrisers Hyderabad,Royal Challengers Bangalore,Royal Challengers Bangalore,,,4,Royal Challengers Bangalore,field,SO Hetmyer,AK Chaudhary,NJ Llong,,
1178431,2019,2019/05/05,Wankhede Stadium,Mumbai,Kolkata Knight Riders,Mumbai Indians,Mumbai Indians,,,9,Mumbai Indians,field,HH Pandya,A Nand Kishore,CK Nandan,,
1181764,2019,2019/05/07,MA Chidambaram Stadium,Chennai,Chennai Super Kings,Mumbai Indians,Mumbai Indians,,,6,Chennai Super Kings,bat,SA Yadav,NJ Llong,Nitin Menon,,
1181766,2019,2019/05/08,Dr. Y.S. Rajasekhara Reddy ACA-VDCA Cricket Stadium,Visakhapatnam,Sunrisers Hyderabad,Delhi Capitals,Delhi Capitals,,,2,Delhi Capitals,field,RR Pant,BNJ Oxenford,S Ravi,,
1181767,2019,2019/05/10,Dr. Y.S. Rajasekhara Reddy ACA-VDCA Cricket Stadium,Visakhapatnam,Delhi Capitals,Chennai Super Kings,Chennai Super Kings,,,6,Chennai Super Kings,field,F du Plessis,BNJ Oxenford,S Ravi,,
1181768,2019,2019/05/12,Rajiv Gandhi International Stadium,Hyderabad,Mumbai Indians,Chennai Super Kings,Mumbai Indians,,1,,Mumbai Indians,bat,JJ Bumrah,IJ Gould,Nitin Menon,,
1216493,2020/21,2020/09/20,Dubai International Cricket Stadium,,Delhi Capitals,Kings XI Punjab,Tie,tie,,,Kings XI Punjab,field,MP Stoinis,AK Chaudhary,Nitin Menon,,
1216492,2020/21,2020/09/19,Sheikh Zayed Stadium,Abu Dhabi,Mumbai Indians,Chennai Super Kings,Chennai Super Kings,,,5,Chennai Super Kings,field,AT Rayudu,CB Gaffaney,VK Sharma,,
1216494,2020/21,2020/10/21,Sheikh Zayed Stadium,Abu Dhabi,Kolkata Knight Riders,Royal Challengers Bangalore,Royal Challengers Bangalore,,,8,Kolkata Knight Riders,bat,Mohammed Siraj,VK Sharma,S Ravi,,
1216496,2020/21,2020/09/22,Sharjah Cricket Stadium,,Rajasthan Royals,Chennai Super Kings,Rajasthan Royals,,16,,Chennai Super Kings,field,SV Samson,C Shamshuddin,VA Kulkarni,,
1216495,2020/21,2020/11/03,Sharjah Cricket Stadium,,Mumbai Indians,Sunrisers Hyderabad,Sunrisers Hyderabad,,,10,Sunrisers Hyderabad,field,S Nadeem,C Shamshuddin,RK Illingworth,,
1216497,2020/21,2020/10/24,Sheikh Zayed Stadium,Abu Dhabi,Kolkata Knight Riders,Delhi Capitals,Kolkata Knight Riders,,59,,Delhi Capitals,field,CV Varun,CB Gaffaney,PG Pathak,,
1216498,2020/21,2020/10/24,Dubai International Cricket Stadium,,Kings XI Punjab,Sunrisers Hyderabad,Kings XI Punjab,,12,,Sunrisers Hyderabad,field,CJ Jordan,AY Dandekar,PR Reiffel,,
1216499,2020/21,2020/10/28,Sheikh Zayed Stadium,Abu Dhabi,Royal Challengers Bangalore,Mumbai Indians,Mumbai Indians,,,5,Mumbai Indians,field,SA Yadav,UV Gandhe,CB Gaffaney,,
1216500,2020/21,2020/10/09,Sharjah Cricket Stadium,,Delhi Capitals,Rajasthan Royals,Delhi Capitals,,46,,Rajasthan Royals,field,R Ashwin,KN Ananthapadmanabhan,C Shamshuddin,,
1216502,2020/21,2020/10/31,Sharjah Cricket Stadium,,Royal Challengers Bangalore,Sunrisers Hyderabad,Sunrisers Hyderabad,,,5,Sunrisers Hyderabad,field,Sandeep Sharma,KN Ananthapadmanabhan,K Srinivasan,,
1216501,2020/21,2020/10/07,Sheikh Zayed Stadium,Abu Dhabi,Kolkata Knight Riders,Chennai Super Kings,Kolkata Knight Riders,,10,,Kolkata Knight Riders,bat,RA Tripathi,KN Ananthapadmanabhan,RK Illingworth,,
1216503,2020/21,2020/10/01,Sheikh Zayed Stadium,Abu Dhabi,Mumbai Indians,Kings XI Punjab,Mumbai Indians,,48,,Kings XI Punjab,field,KA Pollard,VK Sharma,S Ravi,,
1216505,2020/21,2020/11/02,Sheikh Zayed Stadium,Abu Dhabi,Royal Challengers Bangalore,Delhi Capitals,Delhi Capitals,,,6,Delhi Capitals,field,A Nortje,CB Gaffaney,S Ravi,,
1216504,2020/21,2020/09/30,Dubai International Cricket Stadium,,Kolkata Knight Riders,Rajasthan Royals,Kolkata Knight Riders,,37,,Rajasthan Royals,field,Shivam Mavi,KN Ananthapadmanabhan,C Shamshuddin,,
1216506,2020/21,2020/11/01,Sheikh Zayed Stadium,Abu Dhabi,Kings XI Punjab,Chennai Super Kings,Chennai Super Kings,,,9,Chennai Super Kings,field,RD Gaikwad,PG Pathak,VK Sharma,,
1216507,2020/21,2020/10/11,Dubai International Cricket Stadium,,Sunrisers Hyderabad,Rajasthan Royals,Rajasthan Royals,,,5,Sunrisers Hyderabad,bat,R Tewatia,YC Barde,PR Reiffel,,
1216508,2020/21,2020/09/23,Sheikh Zayed Stadium,Abu Dhabi,Mumbai Indians,Kolkata Knight Riders,Mumbai Indians,,49,,Kolkata Knight Riders,field,RG Sharma,CB Gaffaney,S Ravi,,
1216509,2020/21,2020/10/17,Sharjah Cricket Stadium,,Chennai Super Kings,Delhi Capitals,Delhi Capitals,,,5,Chennai Super Kings,bat,S Dhawan,KN Ananthapadmanabhan,RK Illingworth,,
1216510,2020/21,2020/09/24,Dubai International Cricket Stadium,,Kings XI Punjab,Royal Challengers Bangalore,Kings XI Punjab,,97,,Royal Challengers Bangalore,field,KL Rahul,AK Chaudhary,PR Reiffel,,
1216511,2020/21,2020/10/06,Sheikh Zayed Stadium,Abu Dhabi,Mumbai Indians,Rajasthan Royals,Mumbai Indians,,57,,Mumbai Indians,bat,SA Yadav,VK Sharma,S Ravi,,
1216512,2020/21,2020/10/18,Sheikh Zayed Stadium,Abu Dhabi,Kolkata Knight Riders,Sunrisers Hyderabad,Tie,tie,,,Sunrisers Hyderabad,field,LH Ferguson,PG Pathak,S Ravi,,
1216513,2020/21,2020/10/04,Dubai International Cricket Stadium,,Kings XI Punjab,Chennai Super Kings,Chennai Super Kings,,,10,Kings XI Punjab,bat,SR Watson,AY Dandekar,Nitin Menon,,
1216514,2020/21,2020/10/03,Sheikh Zayed Stadium,Abu Dhabi,Rajasthan Royals,Royal Challengers Bangalore,Royal Challengers Bangalore,,,8,Rajasthan Royals,bat,YS Chahal,CB Gaffaney,S Ravi,,
1216515,2020/21,2020/10/03,Sharjah Cricket Stadium,,Delhi Capitals,Kolkata Knight Riders,Delhi Capitals,,18,,Kolkata Knight Riders,field,SS Iyer,VA Kulkarni,RK Illingworth,,
1216516,2020/21,2020/10/02,Dubai International Cricket Stadium,,Sunrisers Hyderabad,Chennai Super Kings,Sunrisers Hyderabad,,7,,Sunrisers Hyderabad,bat,PK Garg,AK Chaudhary,PR Reiffel,,
1216517,2020/21,2020/10/18,Dubai International Cricket Stadium,,Mumbai Indians,Kings XI Punjab,Tie,tie,,,Mumbai Indians,bat,KL Rahul,Nitin Menon,PR Reiffel,,
1216518,2020/21,2020/10/22,Dubai International Cricket Stadium,,Rajasthan Royals,Sunrisers Hyderabad,Sunrisers Hyderabad,,,8,Sunrisers Hyderabad,field,MK Pandey,Nitin Menon,PR Reiffel,,
1216519,2020/21,2020/10/05,Dubai International Cricket Stadium,,Delhi Capitals,Royal Challengers Bangalore,Delhi Capitals,,59,,Royal Challengers Bangalore,field,AR Patel,Nitin Menon,YC Barde,,
1216520,2020/21,2020/10/26,Sharjah Cricket Stadium,,Kolkata Knight Riders,Kings XI Punjab,Kings XI Punjab,,,8,Kings XI Punjab,field,CH Gayle,KN Ananthapadmanabhan,RK Illingworth,,
1216521,2020/21,2020/10/23,Sharjah Cricket Stadium,,Chennai Super Kings,Mumbai Indians,Mumbai Indians,,,10,Mumbai Indians,field,TA Boult,C Shamshuddin,VA Kulkarni,,
1216522,2020/21,2020/10/17,Dubai International Cricket Stadium,,Rajasthan Royals,Royal Challengers Bangalore,Royal Challengers Bangalore,,,7,Rajasthan Royals,bat,AB de Villiers,AK Chaudhary,Nitin Menon,,
1216523,2020/21,2020/10/10,Sheikh Zayed Stadium,Abu Dhabi,Kolkata Knight Riders,Kings XI Punjab,Kolkata Knight Riders,,2,,Kolkata Knight Riders,bat,KD Karthik,UV Gandhe,CB Gaffaney,,
1216524,2020/21,2020/10/27,Dubai International Cricket Stadium,,Sunrisers Hyderabad,Delhi Capitals,Sunrisers Hyderabad,,88,,Delhi Capitals,field,WP Saha,AK Chaudhary,Nitin Menon,,
1216525,2020/21,2020/10/10,Dubai International Cricket Stadium,,Royal Challengers Bangalore,Chennai Super Kings,Royal Challengers Bangalore,,37,,Royal Challengers Bangalore,bat,V Kohli,AK Chaudhary,PR Reiffel,,
1216526,2020/21,2020/10/16,Sheikh Zayed Stadium,Abu Dhabi,Kolkata Knight Riders,Mumbai Indians,Mumbai Indians,,,8,Kolkata Knight Riders,bat,Q de Kock,CB Gaffaney,VK Sharma,,
1216527,2020/21,2020/09/27,Sharjah Cricket Stadium,,Kings XI Punjab,Rajasthan Royals,Rajasthan Royals,,,4,Rajasthan Royals,field,SV Samson,RK Illingworth,K Srinivasan,,
1216529,2020/21,2020/10/11,Sheikh Zayed Stadium,Abu Dhabi,Delhi Capitals,Mumbai Indians,Mumbai Indians,,,5,Delhi Capitals,bat,Q de Kock,CB Gaffaney,S Ravi,,
1216528,2020/21,2020/10/13,Dubai International Cricket Stadium,,Chennai Super Kings,Sunrisers Hyderabad,Chennai Super Kings,,20,,Chennai Super Kings,bat,RA Jadeja,AK Chaudhary,PR Reiffel,,
1216530,2020/21,2020/11/01,Dubai International Cricket Stadium,,Kolkata Knight Riders,Rajasthan Royals,Kolkata Knight Riders,,60,,Rajasthan Royals,field,PJ Cummins,Nitin Menon,PR Reiffel,,
1216531,2020/21,2020/10/15,Sharjah Cricket Stadium,,Royal Challengers Bangalore,Kings XI Punjab,Kings XI Punjab,,,8,Royal Challengers Bangalore,bat,KL Rahul,KN Ananthapadmanabhan,C Shamshuddin,,
1216532,2020/21,2020/09/29,Sheikh Zayed Stadium,Abu Dhabi,Sunrisers Hyderabad,Delhi Capitals,Sunrisers Hyderabad,,15,,Delhi Capitals,field,Rashid Khan,VK Sharma,S Ravi,,
1216533,2020/21,2020/10/19,Sheikh Zayed Stadium,Abu Dhabi,Chennai Super Kings,Rajasthan Royals,Rajasthan Royals,,,7,Chennai Super Kings,bat,JC Buttler,CB Gaffaney,VK Sharma,,
1216534,2020/21,2020/09/21,Dubai International Cricket Stadium,,Royal Challengers Bangalore,Sunrisers Hyderabad,Royal Challengers Bangalore,,10,,Sunrisers Hyderabad,field,YS Chahal,AY Dandekar,Nitin Menon,,
1216535,2020/21,2020/10/31,Dubai International Cricket Stadium,,Delhi Capitals,Mumbai Indians,Mumbai Indians,,,9,Mumbai Indians,field,Ishan Kishan,YC Barde,PR Reiffel,,
1216537,2020/21,2020/10/30,Sheikh Zayed Stadium,Abu Dhabi,Kings XI Punjab,Rajasthan Royals,Rajasthan Royals,,,7,Rajasthan Royals,field,BA Stokes,CB Gaffaney,S Ravi,,
1216536,2020/21,2020/10/29,Dubai International Cricket Stadium,,Kolkata Knight Riders,Chennai Super Kings,Chennai Super Kings,,,6,Chennai Super Kings,field,RD Gaikwad,C Shamshuddin,RK Illingworth,,
1216538,2020/21,2020/10/04,Sharjah Cricket Stadium,,Mumbai Indians,Sunrisers Hyderabad,Mumbai Indians,,34,,Mumbai Indians,bat,TA Boult,KN Ananthapadmanabhan,RK Illingworth,,
1216539,2020/21,2020/09/25,Dubai International Cricket Stadium,,Delhi Capitals,Chennai Super Kings,Delhi Capitals,,44,,Chennai Super Kings,field,PP Shaw,KN Ananthapadmanabhan,RK Illingworth,,
1136607,2018,2018/05/13,Wankhede Stadium,Mumbai,Mumbai Indians,Rajasthan Royals,Rajasthan Royals,,,7,Rajasthan Royals,field,JC Buttler,Nitin Menon,S Ravi,,
1216540,2020/21,2020/10/12,Sharjah Cricket Stadium,,Royal Challengers Bangalore,Kolkata Knight Riders,Royal Challengers Bangalore,,82,,Royal Challengers Bangalore,bat,AB de Villiers,RK Illingworth,K Srinivasan,,
1216541,2020/21,2020/10/25,Sheikh Zayed Stadium,Abu Dhabi,Mumbai Indians,Rajasthan Royals,Rajasthan Royals,,,8,Mumbai Indians,bat,BA Stokes,UV Gandhe,VK Sharma,,
1216542,2020/21,2020/10/08,Dubai International Cricket Stadium,,Sunrisers Hyderabad,Kings XI Punjab,Sunrisers Hyderabad,,69,,Sunrisers Hyderabad,bat,JM Bairstow,AK Chaudhary,Nitin Menon,,
1216543,2020/21,2020/10/14,Dubai International Cricket Stadium,,Delhi Capitals,Rajasthan Royals,Delhi Capitals,,13,,Delhi Capitals,bat,A Nortje,AK Chaudhary,Nitin Menon,,
1216545,2020/21,2020/09/26,Sheikh Zayed Stadium,Abu Dhabi,Sunrisers Hyderabad,Kolkata Knight Riders,Kolkata Knight Riders,,,7,Sunrisers Hyderabad,bat,Shubman Gill,CB Gaffaney,VK Sharma,,
1216546,2020/21,2020/10/20,Dubai International Cricket Stadium,,Delhi Capitals,Kings XI Punjab,Kings XI Punjab,,,5,Delhi Capitals,bat,S Dhawan,C Shamshuddin,RK Illingworth,,
1216544,2020/21,2020/10/25,Dubai International Cricket Stadium,,Royal Challengers Bangalore,Chennai Super Kings,Chennai Super Kings,,,8,Royal Challengers Bangalore,bat,RD Gaikwad,C Shamshuddin,RK Illingworth,,
1237177,2020/21,2020/11/05,Dubai International Cricket Stadium,,Mumbai Indians,Delhi Capitals,Mumbai Indians,,57,,Delhi Capitals,field,JJ Bumrah,CB Gaffaney,Nitin Menon,,
1216547,2020/21,2020/09/28,Dubai International Cricket Stadium,,Royal Challengers Bangalore,Mumbai Indians,Tie,tie,,,Mumbai Indians,field,AB de Villiers,Nitin Menon,PR Reiffel,,
1237178,2020/21,2020/11/06,Sheikh Zayed Stadium,Abu Dhabi,Royal Challengers Bangalore,Sunrisers Hyderabad,Sunrisers Hyderabad,,,6,Sunrisers Hyderabad,field,KS Williamson,PR Reiffel,S Ravi,,
1237180,2020/21,2020/11/08,Sheikh Zayed Stadium,Abu Dhabi,Delhi Capitals,Sunrisers Hyderabad,Delhi Capitals,,17,,Delhi Capitals,bat,MP Stoinis,PR Reiffel,S Ravi,,
1237181,2020/21,2020/11/10,Dubai International Cricket Stadium,,Delhi Capitals,Mumbai Indians,Mumbai Indians,,,5,Delhi Capitals,bat,TA Boult,CB Gaffaney,Nitin Menon,,
1254058,2021,2021/04/09,"MA Chidambaram Stadium, Chepauk, Chennai",Chennai,Mumbai Indians,Royal Challengers Bangalore,Royal Challengers Bangalore,,,2,Royal Challengers Bangalore,field,HV Patel,KN Ananthapadmanabhan,Nitin Menon,,
1254060,2021,2021/04/11,"MA Chidambaram Stadium, Chepauk, Chennai",Chennai,Kolkata Knight Riders,Sunrisers Hyderabad,Kolkata Knight Riders,,10,,Sunrisers Hyderabad,field,N Rana,KN Ananthapadmanabhan,Nitin Menon,,
1254059,2021,2021/04/10,"Wankhede Stadium, Mumbai",Mumbai,Chennai Super Kings,Delhi Capitals,Delhi Capitals,,,7,Delhi Capitals,field,S Dhawan,AK Chaudhary,VK Sharma,,
1254061,2021,2021/04/12,"Wankhede Stadium, Mumbai",Mumbai,Punjab Kings,Rajasthan Royals,Punjab Kings,,4,,Rajasthan Royals,field,SV Samson,AK Chaudhary,S Ravi,,
1254062,2021,2021/04/13,"MA Chidambaram Stadium, Chepauk, Chennai",Chennai,Mumbai Indians,Kolkata Knight Riders,Mumbai Indians,,10,,Kolkata Knight Riders,field,RD Chahar,C Shamshuddin,CB Gaffaney,,
1254063,2021,2021/04/14,"MA Chidambaram Stadium, Chepauk, Chennai",Chennai,Royal Challengers Bangalore,Sunrisers Hyderabad,Royal Challengers Bangalore,,6,,Sunrisers Hyderabad,field,GJ Maxwell,Nitin Menon,UV Gandhe,,
1254064,2021,2021/04/15,"Wankhede Stadium, Mumbai",Mumbai,Delhi Capitals,Rajasthan Royals,Rajasthan Royals,,,3,Rajasthan Royals,field,JD Unadkat,S Ravi,VK Sharma,,
1254065,2021,2021/04/16,"Wankhede Stadium, Mumbai",Mumbai,Punjab Kings,Chennai Super Kings,Chennai Super Kings,,,6,Chennai Super Kings,field,DL Chahar,AK Chaudhary,AY Dandekar,,
1254066,2021,2021/04/17,"MA Chidambaram Stadium, Chepauk, Chennai",Chennai,Mumbai Indians,Sunrisers Hyderabad,Mumbai Indians,,13,,Mumbai Indians,bat,KA Pollard,CB Gaffaney,K Srinivasan,,
1254067,2021,2021/04/18,"MA Chidambaram Stadium, Chepauk, Chennai",Chennai,Royal Challengers Bangalore,Kolkata Knight Riders,Royal Challengers Bangalore,,38,,Royal Challengers Bangalore,bat,AB de Villiers,C Shamshuddin,Nitin Menon,,
1254070,2021,2021/04/20,"MA Chidambaram Stadium, Chepauk, Chennai",Chennai,Mumbai Indians,Delhi Capitals,Delhi Capitals,,,6,Mumbai Indians,bat,A Mishra,C Shamshuddin,CB Gaffaney,,
1254069,2021,2021/04/19,"Wankhede Stadium, Mumbai",Mumbai,Chennai Super Kings,Rajasthan Royals,Chennai Super Kings,,45,,Rajasthan Royals,field,MM Ali,PR Reiffel,VK Sharma,,
1254071,2021,2021/04/21,"MA Chidambaram Stadium, Chepauk, Chennai",Chennai,Punjab Kings,Sunrisers Hyderabad,Sunrisers Hyderabad,,,9,Punjab Kings,bat,JM Bairstow,K Srinivasan,Nitin Menon,,
1254072,2021,2021/04/21,"Wankhede Stadium, Mumbai",Mumbai,Chennai Super Kings,Kolkata Knight Riders,Chennai Super Kings,,18,,Kolkata Knight Riders,field,F du Plessis,AY Dandekar,PR Reiffel,,
1254073,2021,2021/04/22,"Wankhede Stadium, Mumbai",Mumbai,Rajasthan Royals,Royal Challengers Bangalore,Royal Challengers Bangalore,,,10,Royal Challengers Bangalore,field,D Padikkal,J Madanagopal,S Ravi,,
1254074,2021,2021/04/23,"MA Chidambaram Stadium, Chepauk, Chennai",Chennai,Mumbai Indians,Punjab Kings,Punjab Kings,,,9,Punjab Kings,field,KL Rahul,C Shamshuddin,Nitin Menon,,
1254075,2021,2021/04/24,"Wankhede Stadium, Mumbai",Mumbai,Kolkata Knight Riders,Rajasthan Royals,Rajasthan Royals,,,6,Rajasthan Royals,field,CH Morris,Navdeep Singh,S Ravi,,
1254076,2021,2021/04/25,"Wankhede Stadium, Mumbai",Mumbai,Chennai Super Kings,Royal Challengers Bangalore,Chennai Super Kings,,69,,Chennai Super Kings,bat,RA Jadeja,AK Chaudhary,VK Sharma,,
1254077,2021,2021/04/25,"MA Chidambaram Stadium, Chepauk, Chennai",Chennai,Delhi Capitals,Sunrisers Hyderabad,Tie,tie,,,Delhi Capitals,bat,PP Shaw,CB Gaffaney,KN Ananthapadmanabhan,,
1254078,2021,2021/04/26,"Narendra Modi Stadium, Ahmedabad",Ahmedabad,Punjab Kings,Kolkata Knight Riders,Kolkata Knight Riders,,,5,Kolkata Knight Riders,field,EJG Morgan,PR Reiffel,YC Barde,,
1254079,2021,2021/04/27,"Narendra Modi Stadium, Ahmedabad",Ahmedabad,Royal Challengers Bangalore,Delhi Capitals,Royal Challengers Bangalore,,1,,Delhi Capitals,field,AB de Villiers,S Ravi,VK Sharma,,
1254080,2021,2021/04/28,"Arun Jaitley Stadium, Delhi",Delhi,Sunrisers Hyderabad,Chennai Super Kings,Chennai Super Kings,,,7,Sunrisers Hyderabad,bat,RD Gaikwad,C Shamshuddin,CK Nandan,,
1254081,2021,2021/04/29,"Arun Jaitley Stadium, Delhi",Delhi,Rajasthan Royals,Mumbai Indians,Mumbai Indians,,,7,Mumbai Indians,field,Q de Kock,CB Gaffaney,KN Ananthapadmanabhan,,
1254083,2021,2021/04/30,"Narendra Modi Stadium, Ahmedabad",Ahmedabad,Punjab Kings,Royal Challengers Bangalore,Punjab Kings,,34,,Royal Challengers Bangalore,field,Harpreet Brar,S Ravi,VK Sharma,,
1254084,2021,2021/05/01,"Arun Jaitley Stadium, Delhi",Delhi,Chennai Super Kings,Mumbai Indians,Mumbai Indians,,,4,Mumbai Indians,field,KA Pollard,KN Ananthapadmanabhan,CK Nandan,,
1254085,2021,2021/05/02,"Arun Jaitley Stadium, Delhi",Delhi,Rajasthan Royals,Sunrisers Hyderabad,Rajasthan Royals,,55,,Sunrisers Hyderabad,field,JC Buttler,C Shamshuddin,CB Gaffaney,,
1254082,2021,2021/04/29,"Narendra Modi Stadium, Ahmedabad",Ahmedabad,Kolkata Knight Riders,Delhi Capitals,Delhi Capitals,,,7,Delhi Capitals,field,PP Shaw,AK Chaudhary,YC Barde,,
1254086,2021,2021/05/02,"Narendra Modi Stadium, Ahmedabad",Ahmedabad,Punjab Kings,Delhi Capitals,Delhi Capitals,,,7,Delhi Capitals,field,MA Agarwal,AK Chaudhary,AY Dandekar,,
1254087,2021,2021/09/20,"Zayed Cricket Stadium, Abu Dhabi",Abu Dhabi,Royal Challengers Bangalore,Kolkata Knight Riders,Kolkata Knight Riders,,,9,Royal Challengers Bangalore,bat,CV Varun,CB Gaffaney,S Ravi,,
1254068,2021,2021/04/18,"Wankhede Stadium, Mumbai",Mumbai,Punjab Kings,Delhi Capitals,Delhi Capitals,,,6,Delhi Capitals,field,S Dhawan,AK Chaudhary,PR Reiffel,,
1254088,2021,2021/10/08,"Zayed Cricket Stadium, Abu Dhabi",Abu Dhabi,Mumbai Indians,Sunrisers Hyderabad,Mumbai Indians,,42,,Mumbai Indians,bat,Ishan Kishan,Tapan Sharma,VK Sharma,,
1254089,2021,2021/10/02,"Zayed Cricket Stadium, Abu Dhabi",Abu Dhabi,Chennai Super Kings,Rajasthan Royals,Rajasthan Royals,,,7,Rajasthan Royals,field,RD Gaikwad,CB Gaffaney,VK Sharma,,
1254090,2021,2021/10/03,Sharjah Cricket Stadium,Sharjah,Royal Challengers Bangalore,Punjab Kings,Royal Challengers Bangalore,,6,,Royal Challengers Bangalore,bat,GJ Maxwell,KN Ananthapadmanabhan,RK Illingworth,,
1254092,2021,2021/09/28,Sharjah Cricket Stadium,Sharjah,Delhi Capitals,Kolkata Knight Riders,Kolkata Knight Riders,,,3,Kolkata Knight Riders,field,SP Narine,Nitin Menon,HAS Khalid,,
1254091,2021,2021/09/30,Sharjah Cricket Stadium,Sharjah,Sunrisers Hyderabad,Chennai Super Kings,Chennai Super Kings,,,6,Chennai Super Kings,field,JR Hazlewood,Nitin Menon,YC Barde,,
1254093,2021,2021/10/05,Sharjah Cricket Stadium,Sharjah,Rajasthan Royals,Mumbai Indians,Mumbai Indians,,,8,Mumbai Indians,field,NM Coulter-Nile,AK Chaudhary,MA Gough,,
1254094,2021,2021/10/07,Dubai International Cricket Stadium,Dubai,Chennai Super Kings,Punjab Kings,Punjab Kings,,,6,Punjab Kings,field,KL Rahul,K Srinivasan,RK Illingworth,,
1254097,2021,2021/09/25,"Zayed Cricket Stadium, Abu Dhabi",Abu Dhabi,Delhi Capitals,Rajasthan Royals,Delhi Capitals,,33,,Rajasthan Royals,field,SS Iyer,CB Gaffaney,UV Gandhe,,
1254096,2021,2021/09/23,"Zayed Cricket Stadium, Abu Dhabi",Abu Dhabi,Mumbai Indians,Kolkata Knight Riders,Kolkata Knight Riders,,,7,Kolkata Knight Riders,field,SP Narine,S Ravi,VK Sharma,,
1254095,2021,2021/10/06,"Zayed Cricket Stadium, Abu Dhabi",Abu Dhabi,Sunrisers Hyderabad,Royal Challengers Bangalore,Sunrisers Hyderabad,,4,,Royal Challengers Bangalore,field,KS Williamson,S Ravi,UV Gandhe,,
1254098,2021,2021/09/26,"Zayed Cricket Stadium, Abu Dhabi",Abu Dhabi,Kolkata Knight Riders,Chennai Super Kings,Chennai Super Kings,,,2,Kolkata Knight Riders,bat,RA Jadeja,CB Gaffaney,Tapan Sharma,,
1254100,2021,2021/09/27,Dubai International Cricket Stadium,Dubai,Rajasthan Royals,Sunrisers Hyderabad,Sunrisers Hyderabad,,,7,Rajasthan Royals,bat,JJ Roy,KN Ananthapadmanabhan,Navdeep Singh,,
1254099,2021,2021/09/28,"Zayed Cricket Stadium, Abu Dhabi",Abu Dhabi,Punjab Kings,Mumbai Indians,Mumbai Indians,,,6,Mumbai Indians,field,KA Pollard,S Ravi,VK Sharma,,
1254101,2021,2021/10/08,Dubai International Cricket Stadium,Dubai,Delhi Capitals,Royal Challengers Bangalore,Royal Challengers Bangalore,,,7,Royal Challengers Bangalore,field,KS Bharat,KN Ananthapadmanabhan,Nitin Menon,,
1254102,2021,2021/10/01,Dubai International Cricket Stadium,Dubai,Kolkata Knight Riders,Punjab Kings,Punjab Kings,,,5,Punjab Kings,field,KL Rahul,KN Ananthapadmanabhan,RK Illingworth,,
1254103,2021,2021/09/29,Dubai International Cricket Stadium,Dubai,Rajasthan Royals,Royal Challengers Bangalore,Royal Challengers Bangalore,,,7,Royal Challengers Bangalore,field,YS Chahal,AY Dandekar,KN Ananthapadmanabhan,,
1254104,2021,2021/09/19,Dubai International Cricket Stadium,Dubai,Chennai Super Kings,Mumbai Indians,Chennai Super Kings,,20,,Chennai Super Kings,bat,RD Gaikwad,Nitin Menon,RK Illingworth,,
1254105,2021,2021/09/22,Dubai International Cricket Stadium,Dubai,Sunrisers Hyderabad,Delhi Capitals,Delhi Capitals,,,8,Sunrisers Hyderabad,bat,A Nortje,KN Ananthapadmanabhan,RK Illingworth,,
1254106,2021,2021/10/07,Sharjah Cricket Stadium,Sharjah,Kolkata Knight Riders,Rajasthan Royals,Kolkata Knight Riders,,86,,Rajasthan Royals,field,Shivam Mavi,MA Gough,HAS Khalid,,
1254108,2021,2021/09/26,Dubai International Cricket Stadium,Dubai,Royal Challengers Bangalore,Mumbai Indians,Royal Challengers Bangalore,,54,,Mumbai Indians,field,GJ Maxwell,AK Chaudhary,MA Gough,,
1254107,2021,2021/09/25,Sharjah Cricket Stadium,Sharjah,Punjab Kings,Sunrisers Hyderabad,Punjab Kings,,5,,Sunrisers Hyderabad,field,JO Holder,RK Illingworth,YC Barde,,
1254110,2021,2021/10/04,Dubai International Cricket Stadium,Dubai,Chennai Super Kings,Delhi Capitals,Delhi Capitals,,,3,Delhi Capitals,field,AR Patel,AK Chaudhary,Nitin Menon,,
1254109,2021,2021/10/03,Dubai International Cricket Stadium,Dubai,Sunrisers Hyderabad,Kolkata Knight Riders,Kolkata Knight Riders,,,6,Sunrisers Hyderabad,bat,Shubman Gill,J Madanagopal,MA Gough,,
1254111,2021,2021/09/21,Dubai International Cricket Stadium,Dubai,Rajasthan Royals,Punjab Kings,Rajasthan Royals,,2,,Punjab Kings,field,Kartik Tyagi,AK Chaudhary,MA Gough,,
1254112,2021,2021/10/02,Sharjah Cricket Stadium,Sharjah,Mumbai Indians,Delhi Capitals,Delhi Capitals,,,4,Delhi Capitals,field,AR Patel,AK Chaudhary,MA Gough,,
1254113,2021,2021/09/24,Sharjah Cricket Stadium,Sharjah,Royal Challengers Bangalore,Chennai Super Kings,Chennai Super Kings,,,6,Chennai Super Kings,field,DJ Bravo,AK Chaudhary,Nitin Menon,,
1254115,2021,2021/10/11,Sharjah Cricket Stadium,Sharjah,Royal Challengers Bangalore,Kolkata Knight Riders,Kolkata Knight Riders,,,4,Royal Challengers Bangalore,bat,SP Narine,CB Gaffaney,VK Sharma,,
1254114,2021,2021/10/10,Dubai International Cricket Stadium,Dubai,Delhi Capitals,Chennai Super Kings,Chennai Super Kings,,,4,Chennai Super Kings,field,RD Gaikwad,Nitin Menon,RK Illingworth,,
1254116,2021,2021/10/13,Sharjah Cricket Stadium,Sharjah,Delhi Capitals,Kolkata Knight Riders,Kolkata Knight Riders,,,3,Kolkata Knight Riders,field,VR Iyer,KN Ananthapadmanabhan,MA Gough,,
1254117,2021,2021/10/15,Dubai International Cricket Stadium,Dubai,Chennai Super Kings,Kolkata Knight Riders,Chennai Super Kings,,27,,Kolkata Knight Riders,field,F du Plessis,Nitin Menon,RK Illingworth,,
1304047,2022,2022/03/26,"Wankhede Stadium, Mumbai",Mumbai,Chennai Super Kings,Kolkata Knight Riders,Kolkata Knight Riders,,,6,Kolkata Knight Riders,field,UT Yadav,AK Chaudhary,Nitin Menon,,
1304048,2022,2022/03/27,"Brabourne Stadium, Mumbai",Mumbai,Mumbai Indians,Delhi Capitals,Delhi Capitals,,,4,Delhi Capitals,field,Kuldeep Yadav,RJ Tucker,HAS Khalid,,
1304049,2022,2022/03/27,"Dr DY Patil Sports Academy, Mumbai",Mumbai,Royal Challengers Bangalore,Punjab Kings,Punjab Kings,,,5,Punjab Kings,field,OF Smith,Nitin Menon,YC Barde,,
1304050,2022,2022/03/28,"Wankhede Stadium, Mumbai",Mumbai,Lucknow Super Giants,Gujarat Titans,Gujarat Titans,,,5,Gujarat Titans,field,Mohammed Shami,PG Pathak,VK Sharma,,
1304051,2022,2022/03/29,"Maharashtra Cricket Association Stadium, Pune",Pune,Rajasthan Royals,Sunrisers Hyderabad,Rajasthan Royals,,61,,Sunrisers Hyderabad,field,SV Samson,BNJ Oxenford,UV Gandhe,,
1304052,2022,2022/03/30,"Dr DY Patil Sports Academy, Mumbai",Mumbai,Kolkata Knight Riders,Royal Challengers Bangalore,Royal Challengers Bangalore,,,3,Royal Challengers Bangalore,field,PWH de Silva,J Madanagopal,Navdeep Singh,,
1304053,2022,2022/03/31,"Brabourne Stadium, Mumbai",Mumbai,Chennai Super Kings,Lucknow Super Giants,Lucknow Super Giants,,,6,Lucknow Super Giants,field,E Lewis,RJ Tucker,VK Sharma,,
1304054,2022,2022/04/01,"Wankhede Stadium, Mumbai",Mumbai,Punjab Kings,Kolkata Knight Riders,Kolkata Knight Riders,,,6,Kolkata Knight Riders,field,UT Yadav,AK Chaudhary,HAS Khalid,,
1304055,2022,2022/04/02,"Dr DY Patil Sports Academy, Mumbai",Mumbai,Rajasthan Royals,Mumbai Indians,Rajasthan Royals,,23,,Mumbai Indians,field,JC Buttler,Nitin Menon,PG Pathak,,
1304056,2022,2022/04/02,"Maharashtra Cricket Association Stadium, Pune",Pune,Gujarat Titans,Delhi Capitals,Gujarat Titans,,14,,Delhi Capitals,field,LH Ferguson,KN Ananthapadmanabhan,UV Gandhe,,
1304057,2022,2022/04/03,"Brabourne Stadium, Mumbai",Mumbai,Punjab Kings,Chennai Super Kings,Punjab Kings,,54,,Chennai Super Kings,field,LS Livingstone,RJ Tucker,YC Barde,,
1304058,2022,2022/04/04,"Dr DY Patil Sports Academy, Mumbai",Mumbai,Lucknow Super Giants,Sunrisers Hyderabad,Lucknow Super Giants,,12,,Sunrisers Hyderabad,field,Avesh Khan,J Madanagopal,Navdeep Singh,,
1304059,2022,2022/04/05,"Wankhede Stadium, Mumbai",Mumbai,Rajasthan Royals,Royal Challengers Bangalore,Royal Challengers Bangalore,,,4,Royal Challengers Bangalore,field,KD Karthik,AK Chaudhary,HAS Khalid,,
1304061,2022,2022/04/07,"Dr DY Patil Sports Academy, Mumbai",Mumbai,Delhi Capitals,Lucknow Super Giants,Lucknow Super Giants,,,6,Lucknow Super Giants,field,Q de Kock,RJ Tucker,Tapan Sharma,,
1304060,2022,2022/04/06,"Maharashtra Cricket Association Stadium, Pune",Pune,Mumbai Indians,Kolkata Knight Riders,Kolkata Knight Riders,,,5,Kolkata Knight Riders,field,PJ Cummins,BNJ Oxenford,KN Ananthapadmanabhan,,
1304062,2022,2022/04/08,"Brabourne Stadium, Mumbai",Mumbai,Punjab Kings,Gujarat Titans,Gujarat Titans,,,6,Gujarat Titans,field,Shubman Gill,AK Chaudhary,VK Sharma,,
1304063,2022,2022/04/09,"Dr DY Patil Sports Academy, Mumbai",Mumbai,Chennai Super Kings,Sunrisers Hyderabad,Sunrisers Hyderabad,,,8,Sunrisers Hyderabad,field,Abhishek Sharma,Navdeep Singh,Nitin Menon,,
1304065,2022,2022/04/10,"Brabourne Stadium, Mumbai",Mumbai,Delhi Capitals,Kolkata Knight Riders,Delhi Capitals,,44,,Kolkata Knight Riders,field,Kuldeep Yadav,CB Gaffaney,J Madanagopal,,
1304064,2022,2022/04/09,"Maharashtra Cricket Association Stadium, Pune",Pune,Mumbai Indians,Royal Challengers Bangalore,Royal Challengers Bangalore,,,7,Royal Challengers Bangalore,field,Anuj Rawat,BNJ Oxenford,KN Ananthapadmanabhan,,
1304066,2022,2022/04/10,"Wankhede Stadium, Mumbai",Mumbai,Rajasthan Royals,Lucknow Super Giants,Rajasthan Royals,,3,,Lucknow Super Giants,field,YS Chahal,AK Chaudhary,Tapan Sharma,,
1304067,2022,2022/04/11,"Dr DY Patil Sports Academy, Mumbai",Mumbai,Gujarat Titans,Sunrisers Hyderabad,Sunrisers Hyderabad,,,8,Sunrisers Hyderabad,field,KS Williamson,Chirra Ravikanthreddy,RJ Tucker,,
1304068,2022,2022/04/12,"Dr DY Patil Sports Academy, Mumbai",Mumbai,Chennai Super Kings,Royal Challengers Bangalore,Chennai Super Kings,,23,,Royal Challengers Bangalore,field,S Dube,Nitin Menon,N Pandit,,
1304069,2022,2022/04/13,"Maharashtra Cricket Association Stadium, Pune",Pune,Punjab Kings,Mumbai Indians,Punjab Kings,,12,,Mumbai Indians,field,MA Agarwal,BNJ Oxenford,UV Gandhe,,
1304071,2022,2022/04/15,"Brabourne Stadium, Mumbai",Mumbai,Kolkata Knight Riders,Sunrisers Hyderabad,Sunrisers Hyderabad,,,7,Sunrisers Hyderabad,field,RA Tripathi,GR Sadashiv Iyer,VK Sharma,,
1304070,2022,2022/04/14,"Dr DY Patil Sports Academy, Mumbai",Mumbai,Gujarat Titans,Rajasthan Royals,Gujarat Titans,,37,,Rajasthan Royals,field,HH Pandya,CB Gaffaney,R Pandit,,
1304072,2022,2022/04/16,"Brabourne Stadium, Mumbai",Mumbai,Lucknow Super Giants,Mumbai Indians,Lucknow Super Giants,,18,,Mumbai Indians,field,KL Rahul,AK Chaudhary,NA Patwardhan,,
1304073,2022,2022/04/16,"Wankhede Stadium, Mumbai",Mumbai,Royal Challengers Bangalore,Delhi Capitals,Royal Challengers Bangalore,,16,,Delhi Capitals,field,KD Karthik,Chirra Ravikanthreddy,J Madanagopal,,
1304074,2022,2022/04/17,"Dr DY Patil Sports Academy, Mumbai",Mumbai,Punjab Kings,Sunrisers Hyderabad,Sunrisers Hyderabad,,,7,Sunrisers Hyderabad,field,Umran Malik,PG Pathak,R Pandit,,
1304075,2022,2022/04/17,"Maharashtra Cricket Association Stadium, Pune",Pune,Chennai Super Kings,Gujarat Titans,Gujarat Titans,,,3,Gujarat Titans,field,DA Miller,KN Ananthapadmanabhan,UV Gandhe,,
1304076,2022,2022/04/18,"Brabourne Stadium, Mumbai",Mumbai,Rajasthan Royals,Kolkata Knight Riders,Rajasthan Royals,,7,,Kolkata Knight Riders,field,YS Chahal,GR Sadashiv Iyer,VK Sharma,,
1304077,2022,2022/04/19,"Dr DY Patil Sports Academy, Mumbai",Mumbai,Royal Challengers Bangalore,Lucknow Super Giants,Royal Challengers Bangalore,,18,,Lucknow Super Giants,field,F du Plessis,CB Gaffaney,N Pandit,,
1304078,2022,2022/04/20,"Brabourne Stadium, Mumbai",Mumbai,Punjab Kings,Delhi Capitals,Delhi Capitals,,,9,Delhi Capitals,field,Kuldeep Yadav,RJ Tucker,Tapan Sharma,,
1304079,2022,2022/04/21,"Dr DY Patil Sports Academy, Mumbai",Navi Mumbai,Mumbai Indians,Chennai Super Kings,Chennai Super Kings,,,3,Chennai Super Kings,field,Mukesh Choudhary,BNJ Oxenford,UV Gandhe,,
1304080,2022,2022/04/22,"Wankhede Stadium, Mumbai",Mumbai,Rajasthan Royals,Delhi Capitals,Rajasthan Royals,,15,,Delhi Capitals,field,JC Buttler,NA Patwardhan,Nitin Menon,,
1304081,2022,2022/04/23,"Dr DY Patil Sports Academy, Mumbai",Navi Mumbai,Gujarat Titans,Kolkata Knight Riders,Gujarat Titans,,8,,Gujarat Titans,bat,Rashid Khan,KN Ananthapadmanabhan,UV Gandhe,,
1304083,2022,2022/04/24,"Wankhede Stadium, Mumbai",Mumbai,Lucknow Super Giants,Mumbai Indians,Lucknow Super Giants,,36,,Mumbai Indians,field,KL Rahul,M Erasmus,HAS Khalid,,
1304084,2022,2022/04/25,"Wankhede Stadium, Mumbai",Mumbai,Punjab Kings,Chennai Super Kings,Punjab Kings,,11,,Chennai Super Kings,field,S Dhawan,M Erasmus,Tapan Sharma,,
1304085,2022,2022/04/26,"Maharashtra Cricket Association Stadium, Pune",Pune,Rajasthan Royals,Royal Challengers Bangalore,Rajasthan Royals,,29,,Royal Challengers Bangalore,field,R Parag,BNJ Oxenford,KN Ananthapadmanabhan,,
1304086,2022,2022/04/27,"Wankhede Stadium, Mumbai",Mumbai,Sunrisers Hyderabad,Gujarat Titans,Gujarat Titans,,,5,Gujarat Titans,field,Umran Malik,CB Gaffaney,Navdeep Singh,,
1304087,2022,2022/04/28,"Wankhede Stadium, Mumbai",Mumbai,Kolkata Knight Riders,Delhi Capitals,Delhi Capitals,,,4,Delhi Capitals,field,Kuldeep Yadav,AK Chaudhary,PG Pathak,,
1304089,2022,2022/04/30,"Brabourne Stadium, Mumbai",Mumbai,Royal Challengers Bangalore,Gujarat Titans,Gujarat Titans,,,6,Royal Challengers Bangalore,bat,R Tewatia,HAS Khalid,VK Sharma,,
1304090,2022,2022/04/30,"Dr DY Patil Sports Academy, Mumbai",Navi Mumbai,Rajasthan Royals,Mumbai Indians,Mumbai Indians,,,5,Mumbai Indians,field,SA Yadav,BNJ Oxenford,YC Barde,,
1304088,2022,2022/04/29,"Maharashtra Cricket Association Stadium, Pune",Pune,Lucknow Super Giants,Punjab Kings,Lucknow Super Giants,,20,,Punjab Kings,field,KH Pandya,MA Gough,UV Gandhe,,
1304091,2022,2022/05/01,"Wankhede Stadium, Mumbai",Mumbai,Lucknow Super Giants,Delhi Capitals,Lucknow Super Giants,,6,,Lucknow Super Giants,bat,Mohsin Khan,Chirra Ravikanthreddy,CB Gaffaney,,
1304092,2022,2022/05/01,"Maharashtra Cricket Association Stadium, Pune",Pune,Chennai Super Kings,Sunrisers Hyderabad,Chennai Super Kings,,13,,Sunrisers Hyderabad,field,RD Gaikwad,AK Chaudhary,KN Ananthapadmanabhan,,
1304093,2022,2022/05/02,"Wankhede Stadium, Mumbai",Mumbai,Rajasthan Royals,Kolkata Knight Riders,Kolkata Knight Riders,,,7,Kolkata Knight Riders,field,RK Singh,J Madanagopal,N Pandit,,
1304095,2022,2022/05/04,"Maharashtra Cricket Association Stadium, Pune",Pune,Royal Challengers Bangalore,Chennai Super Kings,Royal Challengers Bangalore,,13,,Chennai Super Kings,field,HV Patel,KN Ananthapadmanabhan,MA Gough,,
1304098,2022,2022/05/07,"Wankhede Stadium, Mumbai",Mumbai,Punjab Kings,Rajasthan Royals,Rajasthan Royals,,,6,Punjab Kings,bat,YBK Jaiswal,Chirra Ravikanthreddy,YC Barde,,
1304096,2022,2022/05/05,"Brabourne Stadium, Mumbai",Mumbai,Delhi Capitals,Sunrisers Hyderabad,Delhi Capitals,,21,,Sunrisers Hyderabad,field,DA Warner,Navdeep Singh,NA Patwardhan,,
1304099,2022,2022/05/07,"Maharashtra Cricket Association Stadium, Pune",Pune,Lucknow Super Giants,Kolkata Knight Riders,Lucknow Super Giants,,75,,Kolkata Knight Riders,field,Avesh Khan,AK Chaudhary,MA Gough,,
1304097,2022,2022/05/06,"Brabourne Stadium, Mumbai",Mumbai,Mumbai Indians,Gujarat Titans,Mumbai Indians,,5,,Gujarat Titans,field,TH David,J Madanagopal,GR Sadashiv Iyer,,
1304102,2022,2022/05/09,"Dr DY Patil Sports Academy, Mumbai",Navi Mumbai,Kolkata Knight Riders,Mumbai Indians,Kolkata Knight Riders,,52,,Mumbai Indians,field,JJ Bumrah,CB Gaffaney,GR Sadashiv Iyer,,
1304101,2022,2022/05/08,"Dr DY Patil Sports Academy, Mumbai",Navi Mumbai,Chennai Super Kings,Delhi Capitals,Chennai Super Kings,,91,,Delhi Capitals,field,DP Conway,Nitin Menon,R Pandit,,
1304100,2022,2022/05/08,"Wankhede Stadium, Mumbai",Mumbai,Royal Challengers Bangalore,Sunrisers Hyderabad,Royal Challengers Bangalore,,67,,Royal Challengers Bangalore,bat,PWH de Silva,BNJ Oxenford,N Pandit,,
1304103,2022,2022/05/10,"Maharashtra Cricket Association Stadium, Pune",Pune,Gujarat Titans,Lucknow Super Giants,Gujarat Titans,,62,,Gujarat Titans,bat,Shubman Gill,KN Ananthapadmanabhan,MA Gough,,
1304104,2022,2022/05/11,"Dr DY Patil Sports Academy, Mumbai",Navi Mumbai,Rajasthan Royals,Delhi Capitals,Delhi Capitals,,,8,Delhi Capitals,field,MR Marsh,NA Patwardhan,Nitin Menon,,
1304105,2022,2022/05/12,"Wankhede Stadium, Mumbai",Mumbai,Chennai Super Kings,Mumbai Indians,Mumbai Indians,,,5,Mumbai Indians,field,DR Sams,Chirra Ravikanthreddy,CB Gaffaney,,
1304082,2022,2022/04/23,"Brabourne Stadium, Mumbai",Mumbai,Royal Challengers Bangalore,Sunrisers Hyderabad,Sunrisers Hyderabad,,,9,Sunrisers Hyderabad,field,M Jansen,Chirra Ravikanthreddy,J Madanagopal,,
1304106,2022,2022/05/13,"Brabourne Stadium, Mumbai",Mumbai,Punjab Kings,Royal Challengers Bangalore,Punjab Kings,,54,,Royal Challengers Bangalore,field,JM Bairstow,J Madanagopal,N Pandit,,
1304107,2022,2022/05/14,"Maharashtra Cricket Association Stadium, Pune",Pune,Kolkata Knight Riders,Sunrisers Hyderabad,Kolkata Knight Riders,,54,,Kolkata Knight Riders,bat,AD Russell,AK Chaudhary,KN Ananthapadmanabhan,,
1304109,2022,2022/05/15,"Brabourne Stadium, Mumbai",Mumbai,Rajasthan Royals,Lucknow Super Giants,Rajasthan Royals,,24,,Rajasthan Royals,bat,TA Boult,PG Pathak,Tapan Sharma,,
1304108,2022,2022/05/15,"Wankhede Stadium, Mumbai",Mumbai,Chennai Super Kings,Gujarat Titans,Gujarat Titans,,,7,Chennai Super Kings,bat,WP Saha,R Pandit,VK Sharma,,
1304110,2022,2022/05/16,"Dr DY Patil Sports Academy, Mumbai",Navi Mumbai,Delhi Capitals,Punjab Kings,Delhi Capitals,,17,,Punjab Kings,field,SN Thakur,GR Sadashiv Iyer,Nitin Menon,,
1304111,2022,2022/05/17,"Wankhede Stadium, Mumbai",Mumbai,Sunrisers Hyderabad,Mumbai Indians,Sunrisers Hyderabad,,3,,Mumbai Indians,field,RA Tripathi,CB Gaffaney,N Pandit,,
1304112,2022,2022/05/18,"Dr DY Patil Sports Academy, Mumbai",Navi Mumbai,Lucknow Super Giants,Kolkata Knight Riders,Lucknow Super Giants,,2,,Lucknow Super Giants,bat,Q de Kock,R Pandit,YC Barde,,
1304113,2022,2022/05/19,"Wankhede Stadium, Mumbai",Mumbai,Gujarat Titans,Royal Challengers Bangalore,Royal Challengers Bangalore,,,8,Gujarat Titans,bat,V Kohli,KN Ananthapadmanabhan,GR Sadashiv Iyer,,
1304114,2022,2022/05/20,"Brabourne Stadium, Mumbai",Mumbai,Chennai Super Kings,Rajasthan Royals,Rajasthan Royals,,,5,Chennai Super Kings,bat,R Ashwin,CB Gaffaney,NA Patwardhan,,
1304115,2022,2022/05/21,"Wankhede Stadium, Mumbai",Mumbai,Delhi Capitals,Mumbai Indians,Mumbai Indians,,,5,Mumbai Indians,field,JJ Bumrah,Nitin Menon,Tapan Sharma,,
1304116,2022,2022/05/22,"Wankhede Stadium, Mumbai",Mumbai,Sunrisers Hyderabad,Punjab Kings,Punjab Kings,,,5,Sunrisers Hyderabad,bat,Harpreet Brar,AK Chaudhary,NA Patwardhan,,
1312197,2022,2022/05/24,"Eden Gardens, Kolkata",Kolkata,Rajasthan Royals,Gujarat Titans,Gujarat Titans,,,7,Gujarat Titans,field,DA Miller,BNJ Oxenford,VK Sharma,,
1312198,2022,2022/05/25,"Eden Gardens, Kolkata",Kolkata,Royal Challengers Bangalore,Lucknow Super Giants,Royal Challengers Bangalore,,14,,Lucknow Super Giants,field,RM Patidar,J Madanagopal,MA Gough,,
1312200,2022,2022/05/29,"Narendra Modi Stadium, Ahmedabad",Ahmedabad,Rajasthan Royals,Gujarat Titans,Gujarat Titans,,,7,Rajasthan Royals,bat,HH Pandya,CB Gaffaney,Nitin Menon,,
1312199,2022,2022/05/27,"Narendra Modi Stadium, Ahmedabad",Ahmedabad,Royal Challengers Bangalore,Rajasthan Royals,Rajasthan Royals,,,7,Rajasthan Royals,field,JC Buttler,CB Gaffaney,Nitin Menon,,
1359475,2023,2023/03/31,"Narendra Modi Stadium, Ahmedabad",Ahmedabad,Chennai Super Kings,Gujarat Titans,Gujarat Titans,,,5,Gujarat Titans,field,Rashid Khan,Nitin Menon,HAS Khalid,,
1359477,2023,2023/04/01,"Bharat Ratna Shri Atal Bihari Vajpayee Ekana Cricket Stadium, Lucknow",Lucknow,Lucknow Super Giants,Delhi Capitals,Lucknow Super Giants,,50,,Delhi Capitals,field,MA Wood,AK Chaudhary,NA Patwardhan,,
1359479,2023,2023/04/02,"M Chinnaswamy Stadium, Bengaluru",Bengaluru,Mumbai Indians,Royal Challengers Bangalore,Royal Challengers Bangalore,,,8,Royal Challengers Bangalore,field,F du Plessis,Nitin Menon,Tapan Sharma,,
1359476,2023,2023/04/01,"Punjab Cricket Association IS Bindra Stadium, Mohali, Chandigarh",Chandigarh,Punjab Kings,Kolkata Knight Riders,Punjab Kings,,7,,Kolkata Knight Riders,field,Arshdeep Singh,BNJ Oxenford,YC Barde,,
1359478,2023,2023/04/02,"Rajiv Gandhi International Stadium, Uppal, Hyderabad",Hyderabad,Rajasthan Royals,Sunrisers Hyderabad,Rajasthan Royals,,72,,Sunrisers Hyderabad,field,JC Buttler,KN Ananthapadmanabhan,R Pandit,,
1359481,2023,2023/04/04,"Arun Jaitley Stadium, Delhi",Delhi,Delhi Capitals,Gujarat Titans,Gujarat Titans,,,6,Gujarat Titans,field,B Sai Sudharsan,A Nand Kishore,GR Sadashiv Iyer,,
1359480,2023,2023/04/03,"MA Chidambaram Stadium, Chepauk, Chennai",Chennai,Chennai Super Kings,Lucknow Super Giants,Chennai Super Kings,,12,,Lucknow Super Giants,field,MM Ali,A Totre,BNJ Oxenford,,
1359483,2023,2023/04/06,"Eden Gardens, Kolkata",Kolkata,Kolkata Knight Riders,Royal Challengers Bangalore,Kolkata Knight Riders,,81,,Royal Challengers Bangalore,field,SN Thakur,Vinod Seshan,VK Sharma,,
1359482,2023,2023/04/05,"Barsapara Cricket Stadium, Guwahati",Guwahati,Punjab Kings,Rajasthan Royals,Punjab Kings,,5,,Rajasthan Royals,field,NT Ellis,KN Ananthapadmanabhan,MV Saidharshan Kumar,,
1359485,2023,2023/04/08,"Barsapara Cricket Stadium, Guwahati",Guwahati,Rajasthan Royals,Delhi Capitals,Rajasthan Royals,,57,,Delhi Capitals,field,YBK Jaiswal,Navdeep Singh,MV Saidharshan Kumar,,
1359484,2023,2023/04/07,"Bharat Ratna Shri Atal Bihari Vajpayee Ekana Cricket Stadium, Lucknow",Lucknow,Sunrisers Hyderabad,Lucknow Super Giants,Lucknow Super Giants,,,5,Sunrisers Hyderabad,bat,KH Pandya,J Madanagopal,YC Barde,,
1359486,2023,2023/04/08,"Wankhede Stadium, Mumbai",Mumbai,Mumbai Indians,Chennai Super Kings,Chennai Super Kings,,,7,Chennai Super Kings,field,RA Jadeja,CB Gaffaney,NA Patwardhan,,
1359487,2023,2023/04/09,"Narendra Modi Stadium, Ahmedabad",Ahmedabad,Gujarat Titans,Kolkata Knight Riders,Kolkata Knight Riders,,,3,Gujarat Titans,bat,RK Singh,Nitin Menon,Tapan Sharma,,
1359488,2023,2023/04/09,"Rajiv Gandhi International Stadium, Uppal, Hyderabad",Hyderabad,Punjab Kings,Sunrisers Hyderabad,Sunrisers Hyderabad,,,8,Sunrisers Hyderabad,field,S Dhawan,BNJ Oxenford,UV Gandhe,,
1359489,2023,2023/04/10,"M Chinnaswamy Stadium, Bengaluru",Bengaluru,Royal Challengers Bangalore,Lucknow Super Giants,Lucknow Super Giants,,,1,Lucknow Super Giants,field,N Pooran,AK Chaudhary,A Nand Kishore,,
1359490,2023,2023/04/11,"Arun Jaitley Stadium, Delhi",Delhi,Delhi Capitals,Mumbai Indians,Mumbai Indians,,,6,Mumbai Indians,field,RG Sharma,MA Gough,R Pandit,,
1359491,2023,2023/04/12,"MA Chidambaram Stadium, Chepauk, Chennai",Chennai,Rajasthan Royals,Chennai Super Kings,Rajasthan Royals,,3,,Chennai Super Kings,field,R Ashwin,Vinod Seshan,VK Sharma,,
1359493,2023,2023/04/14,"Eden Gardens, Kolkata",Kolkata,Sunrisers Hyderabad,Kolkata Knight Riders,Sunrisers Hyderabad,,23,,Kolkata Knight Riders,field,HC Brook,CB Gaffaney,GR Sadashiv Iyer,,
1359495,2023,2023/04/15,"Bharat Ratna Shri Atal Bihari Vajpayee Ekana Cricket Stadium, Lucknow",Lucknow,Lucknow Super Giants,Punjab Kings,Punjab Kings,,,2,Punjab Kings,field,Sikandar Raza,HAS Khalid,VK Sharma,,
1359494,2023,2023/04/15,"M Chinnaswamy Stadium, Bengaluru",Bengaluru,Royal Challengers Bangalore,Delhi Capitals,Royal Challengers Bangalore,,23,,Delhi Capitals,field,V Kohli,KN Ananthapadmanabhan,MV Saidharshan Kumar,,
1359492,2023,2023/04/13,"Punjab Cricket Association IS Bindra Stadium, Mohali, Chandigarh",Chandigarh,Punjab Kings,Gujarat Titans,Gujarat Titans,,,6,Gujarat Titans,field,MM Sharma,A Totre,J Madanagopal,,
1359497,2023,2023/04/16,"Narendra Modi Stadium, Ahmedabad",Ahmedabad,Gujarat Titans,Rajasthan Royals,Rajasthan Royals,,,3,Rajasthan Royals,field,SO Hetmyer,AK Chaudhary,CB Gaffaney,,
1359496,2023,2023/04/16,"Wankhede Stadium, Mumbai",Mumbai,Kolkata Knight Riders,Mumbai Indians,Mumbai Indians,,,5,Mumbai Indians,field,VR Iyer,BNJ Oxenford,UV Gandhe,,
1359498,2023,2023/04/17,"M Chinnaswamy Stadium, Bengaluru",Bengaluru,Chennai Super Kings,Royal Challengers Bangalore,Chennai Super Kings,,8,,Royal Challengers Bangalore,field,DP Conway,KN Ananthapadmanabhan,Navdeep Singh,,
1359499,2023,2023/04/18,"Rajiv Gandhi International Stadium, Uppal, Hyderabad",Hyderabad,Mumbai Indians,Sunrisers Hyderabad,Mumbai Indians,,14,,Sunrisers Hyderabad,field,C Green,Nitin Menon,Vinod Seshan,,
1359500,2023,2023/04/19,"Sawai Mansingh Stadium, Jaipur",Jaipur,Lucknow Super Giants,Rajasthan Royals,Lucknow Super Giants,,10,,Rajasthan Royals,field,MP Stoinis,J Madanagopal,YC Barde,,
1359501,2023,2023/04/20,"Punjab Cricket Association IS Bindra Stadium, Mohali, Chandigarh",Chandigarh,Royal Challengers Bangalore,Punjab Kings,Royal Challengers Bangalore,,24,,Punjab Kings,field,Mohammed Siraj,AK Chaudhary,GR Sadashiv Iyer,,
1304094,2022,2022/05/03,"Dr DY Patil Sports Academy, Mumbai",Navi Mumbai,Gujarat Titans,Punjab Kings,Punjab Kings,,,8,Gujarat Titans,bat,K Rabada,R Pandit,VK Sharma,,
1359502,2023,2023/04/20,"Arun Jaitley Stadium, Delhi",Delhi,Kolkata Knight Riders,Delhi Capitals,Delhi Capitals,,,4,Delhi Capitals,field,I Sharma,MA Gough,R Pandit,,
1359503,2023,2023/04/21,"MA Chidambaram Stadium, Chepauk, Chennai",Chennai,Sunrisers Hyderabad,Chennai Super Kings,Chennai Super Kings,,,7,Chennai Super Kings,field,RA Jadeja,HAS Khalid,VK Sharma,,
1359504,2023,2023/04/22,"Bharat Ratna Shri Atal Bihari Vajpayee Ekana Cricket Stadium, Lucknow",Lucknow,Gujarat Titans,Lucknow Super Giants,Gujarat Titans,,7,,Gujarat Titans,bat,MM Sharma,A Totre,RJ Tucker,,
1359505,2023,2023/04/22,"Wankhede Stadium, Mumbai",Mumbai,Punjab Kings,Mumbai Indians,Punjab Kings,,13,,Mumbai Indians,field,SM Curran,CB Gaffaney,GR Sadashiv Iyer,,
1359507,2023,2023/04/23,"Eden Gardens, Kolkata",Kolkata,Chennai Super Kings,Kolkata Knight Riders,Chennai Super Kings,,49,,Kolkata Knight Riders,field,AM Rahane,Nitin Menon,Tapan Sharma,,
1359506,2023,2023/04/23,"M Chinnaswamy Stadium, Bengaluru",Bengaluru,Royal Challengers Bangalore,Rajasthan Royals,Royal Challengers Bangalore,,7,,Rajasthan Royals,field,GJ Maxwell,MA Gough,MV Saidharshan Kumar,,
1359509,2023,2023/04/25,"Narendra Modi Stadium, Ahmedabad",Ahmedabad,Gujarat Titans,Mumbai Indians,Gujarat Titans,,55,,Mumbai Indians,field,A Manohar,AK Chaudhary,A Nand Kishore,,
1359508,2023,2023/04/24,"Rajiv Gandhi International Stadium, Uppal, Hyderabad",Hyderabad,Delhi Capitals,Sunrisers Hyderabad,Delhi Capitals,,7,,Delhi Capitals,bat,AR Patel,J Madanagopal,RJ Tucker,,
1359510,2023,2023/04/26,"M Chinnaswamy Stadium, Bengaluru",Bengaluru,Kolkata Knight Riders,Royal Challengers Bangalore,Kolkata Knight Riders,,21,,Royal Challengers Bangalore,field,CV Varun,KN Ananthapadmanabhan,R Pandit,,
1359511,2023,2023/04/27,"Sawai Mansingh Stadium, Jaipur",Jaipur,Rajasthan Royals,Chennai Super Kings,Rajasthan Royals,,32,,Rajasthan Royals,bat,YBK Jaiswal,A Totre,YC Barde,,
1359512,2023,2023/04/28,"Punjab Cricket Association IS Bindra Stadium, Mohali, Chandigarh",Chandigarh,Lucknow Super Giants,Punjab Kings,Lucknow Super Giants,,56,,Punjab Kings,field,MP Stoinis,Nitin Menon,Vinod Seshan,,
1359515,2023,2023/04/30,"MA Chidambaram Stadium, Chepauk, Chennai",Chennai,Chennai Super Kings,Punjab Kings,Punjab Kings,,,4,Chennai Super Kings,bat,DP Conway,RJ Tucker,UV Gandhe,,
1359513,2023,2023/04/29,"Eden Gardens, Kolkata",Kolkata,Kolkata Knight Riders,Gujarat Titans,Gujarat Titans,,,7,Gujarat Titans,field,J Little,NA Patwardhan,GR Sadashiv Iyer,,
1359514,2023,2023/04/29,"Arun Jaitley Stadium, Delhi",Delhi,Sunrisers Hyderabad,Delhi Capitals,Sunrisers Hyderabad,,9,,Sunrisers Hyderabad,bat,MR Marsh,MA Gough,Navdeep Singh,,
1359517,2023,2023/05/01,"Bharat Ratna Shri Atal Bihari Vajpayee Ekana Cricket Stadium, Lucknow",Lucknow,Royal Challengers Bangalore,Lucknow Super Giants,Royal Challengers Bangalore,,18,,Royal Challengers Bangalore,bat,F du Plessis,AK Chaudhary,GR Sadashiv Iyer,,
1359516,2023,2023/04/30,"Wankhede Stadium, Mumbai",Mumbai,Rajasthan Royals,Mumbai Indians,Mumbai Indians,,,6,Rajasthan Royals,bat,YBK Jaiswal,Vinod Seshan,VK Sharma,,
1359518,2023,2023/05/02,"Narendra Modi Stadium, Ahmedabad",Ahmedabad,Delhi Capitals,Gujarat Titans,Delhi Capitals,,5,,Delhi Capitals,bat,Mohammed Shami,MA Gough,R Pandit,,
1359519,2023,2023/05/03,"Bharat Ratna Shri Atal Bihari Vajpayee Ekana Cricket Stadium, Lucknow",Lucknow,Lucknow Super Giants,Chennai Super Kings,No Result,no result,,,Chennai Super Kings,field,,AK Chaudhary,NA Patwardhan,,
1359520,2023,2023/05/03,"Punjab Cricket Association IS Bindra Stadium, Mohali, Chandigarh",Chandigarh,Punjab Kings,Mumbai Indians,Mumbai Indians,,,6,Mumbai Indians,field,Ishan Kishan,J Madanagopal,RJ Tucker,,
1359521,2023,2023/05/04,"Rajiv Gandhi International Stadium, Uppal, Hyderabad",Hyderabad,Kolkata Knight Riders,Sunrisers Hyderabad,Kolkata Knight Riders,,5,,Kolkata Knight Riders,bat,CV Varun,KN Ananthapadmanabhan,MA Gough,,
1359523,2023,2023/05/06,"MA Chidambaram Stadium, Chepauk, Chennai",Chennai,Mumbai Indians,Chennai Super Kings,Chennai Super Kings,,,6,Chennai Super Kings,field,M Pathirana,BNJ Oxenford,Navdeep Singh,,
1359522,2023,2023/05/05,"Sawai Mansingh Stadium, Jaipur",Jaipur,Rajasthan Royals,Gujarat Titans,Gujarat Titans,,,9,Rajasthan Royals,bat,Rashid Khan,HAS Khalid,VK Sharma,,
1359526,2023,2023/05/07,"Sawai Mansingh Stadium, Jaipur",Jaipur,Rajasthan Royals,Sunrisers Hyderabad,Sunrisers Hyderabad,,,4,Rajasthan Royals,bat,GD Phillips,Nitin Menon,Vinod Seshan,,
1359525,2023,2023/05/07,"Narendra Modi Stadium, Ahmedabad",Ahmedabad,Gujarat Titans,Lucknow Super Giants,Gujarat Titans,,56,,Lucknow Super Giants,field,Shubman Gill,AK Chaudhary,A Nand Kishore,,
1359524,2023,2023/05/06,"Arun Jaitley Stadium, Delhi",Delhi,Royal Challengers Bangalore,Delhi Capitals,Delhi Capitals,,,7,Royal Challengers Bangalore,bat,PD Salt,RJ Tucker,YC Barde,,
1359528,2023,2023/05/09,"Wankhede Stadium, Mumbai",Mumbai,Royal Challengers Bangalore,Mumbai Indians,Mumbai Indians,,,6,Mumbai Indians,field,SA Yadav,HAS Khalid,VK Sharma,,
1359527,2023,2023/05/08,"Eden Gardens, Kolkata",Kolkata,Punjab Kings,Kolkata Knight Riders,Kolkata Knight Riders,,,5,Punjab Kings,bat,AD Russell,A Totre,J Madanagopal,,
1359529,2023,2023/05/10,"MA Chidambaram Stadium, Chepauk, Chennai",Chennai,Chennai Super Kings,Delhi Capitals,Chennai Super Kings,,27,,Chennai Super Kings,bat,RA Jadeja,CB Gaffaney,NA Patwardhan,,
1359530,2023,2023/05/11,"Eden Gardens, Kolkata",Kolkata,Kolkata Knight Riders,Rajasthan Royals,Rajasthan Royals,,,9,Rajasthan Royals,field,YBK Jaiswal,RJ Tucker,MV Saidharshan Kumar,,
1359531,2023,2023/05/12,"Wankhede Stadium, Mumbai",Mumbai,Mumbai Indians,Gujarat Titans,Mumbai Indians,,27,,Gujarat Titans,field,SA Yadav,Nitin Menon,Tapan Sharma,,
1359532,2023,2023/05/13,"Rajiv Gandhi International Stadium, Uppal, Hyderabad",Hyderabad,Sunrisers Hyderabad,Lucknow Super Giants,Lucknow Super Giants,,,7,Sunrisers Hyderabad,bat,PN Mankad,A Totre,J Madanagopal,,
1359533,2023,2023/05/13,"Arun Jaitley Stadium, Delhi",Delhi,Punjab Kings,Delhi Capitals,Punjab Kings,,31,,Delhi Capitals,field,P Simran Singh,CB Gaffaney,NA Patwardhan,,
1359535,2023,2023/05/14,"MA Chidambaram Stadium, Chepauk, Chennai",Chennai,Chennai Super Kings,Kolkata Knight Riders,Kolkata Knight Riders,,,6,Chennai Super Kings,bat,RK Singh,Tapan Sharma,Vinod Seshan,,
1359534,2023,2023/05/14,"Sawai Mansingh Stadium, Jaipur",Jaipur,Royal Challengers Bangalore,Rajasthan Royals,Royal Challengers Bangalore,,112,,Royal Challengers Bangalore,bat,WD Parnell,KN Ananthapadmanabhan,Navdeep Singh,,
1359536,2023,2023/05/15,"Narendra Modi Stadium, Ahmedabad",Ahmedabad,Gujarat Titans,Sunrisers Hyderabad,Gujarat Titans,,34,,Sunrisers Hyderabad,field,Shubman Gill,J Madanagopal,UV Gandhe,,
1359538,2023,2023/05/17,"Himachal Pradesh Cricket Association Stadium, Dharamsala",Dharamsala,Delhi Capitals,Punjab Kings,Delhi Capitals,,15,,Punjab Kings,field,RR Rossouw,KN Ananthapadmanabhan,MV Saidharshan Kumar,,
1359537,2023,2023/05/16,"Bharat Ratna Shri Atal Bihari Vajpayee Ekana Cricket Stadium, Lucknow",Lucknow,Lucknow Super Giants,Mumbai Indians,Lucknow Super Giants,,5,,Mumbai Indians,field,MP Stoinis,AK Chaudhary,A Nand Kishore,,
1359540,2023,2023/05/19,"Himachal Pradesh Cricket Association Stadium, Dharamsala",Dharamsala,Punjab Kings,Rajasthan Royals,Rajasthan Royals,,,4,Rajasthan Royals,field,D Padikkal,A Nand Kishore,RJ Tucker,,
1359541,2023,2023/05/20,"Arun Jaitley Stadium, Delhi",Delhi,Chennai Super Kings,Delhi Capitals,Chennai Super Kings,,77,,Chennai Super Kings,bat,RD Gaikwad,CB Gaffaney,NA Patwardhan,,
1359539,2023,2023/05/18,"Rajiv Gandhi International Stadium, Uppal, Hyderabad",Hyderabad,Sunrisers Hyderabad,Royal Challengers Bangalore,Royal Challengers Bangalore,,,8,Royal Challengers Bangalore,field,V Kohli,BNJ Oxenford,VK Sharma,,
1359544,2023,2023/05/21,"M Chinnaswamy Stadium, Bengaluru",Bengaluru,Royal Challengers Bangalore,Gujarat Titans,Gujarat Titans,,,6,Gujarat Titans,field,Shubman Gill,Nitin Menon,VK Sharma,,
1359542,2023,2023/05/20,"Eden Gardens, Kolkata",Kolkata,Lucknow Super Giants,Kolkata Knight Riders,Lucknow Super Giants,,1,,Kolkata Knight Riders,field,N Pooran,J Madanagopal,UV Gandhe,,
1370350,2023,2023/05/23,"MA Chidambaram Stadium, Chepauk, Chennai",Chennai,Chennai Super Kings,Gujarat Titans,Chennai Super Kings,,15,,Gujarat Titans,field,RD Gaikwad,AK Chaudhary,CB Gaffaney,,
1370351,2023,2023/05/24,"MA Chidambaram Stadium, Chepauk, Chennai",Chennai,Mumbai Indians,Lucknow Super Giants,Mumbai Indians,,81,,Mumbai Indians,bat,Akash Madhwal,BNJ Oxenford,VK Sharma,,
1370352,2023,2023/05/26,"Narendra Modi Stadium, Ahmedabad",Ahmedabad,Gujarat Titans,Mumbai Indians,Gujarat Titans,,62,,Mumbai Indians,field,Shubman Gill,Nitin Menon,RJ Tucker,,
1359543,2023,2023/05/21,"Wankhede Stadium, Mumbai",Mumbai,Sunrisers Hyderabad,Mumbai Indians,Mumbai Indians,,,8,Mumbai Indians,field,C Green,KN Ananthapadmanabhan,RJ Tucker,,
1370353,2023,2023/05/29,"Narendra Modi Stadium, Ahmedabad",Ahmedabad,Gujarat Titans,Chennai Super Kings,Chennai Super Kings,,,5,Chennai Super Kings,field,DP Conway,Nitin Menon,RJ Tucker,,
1422119,2024,2024/03/22,"MA Chidambaram Stadium, Chepauk, Chennai",Chennai,Royal Challengers Bengaluru,Chennai Super Kings,Chennai Super Kings,,,6,Royal Challengers Bengaluru,bat,Mustafizur Rahman,HAS Khalid,VK Sharma,,
1422120,2024,2024/03/23,"Maharaja Yadavindra Singh International Cricket Stadium, Mullanpur",Mohali,Delhi Capitals,Punjab Kings,Punjab Kings,,,4,Punjab Kings,field,SM Curran,J Madanagopal,NA Patwardhan,,
1422123,2024,2024/03/24,"Narendra Modi Stadium, Ahmedabad",Ahmedabad,Gujarat Titans,Mumbai Indians,Gujarat Titans,,6,,Mumbai Indians,field,B Sai Sudharsan,VA Kulkarni,VK Sharma,,
1422121,2024,2024/03/23,"Eden Gardens, Kolkata",Kolkata,Kolkata Knight Riders,Sunrisers Hyderabad,Kolkata Knight Riders,,4,,Sunrisers Hyderabad,field,AD Russell,R Pandit,YC Barde,,
1422122,2024,2024/03/24,"Sawai Mansingh Stadium, Jaipur",Jaipur,Rajasthan Royals,Lucknow Super Giants,Rajasthan Royals,,20,,Rajasthan Royals,bat,SV Samson,A Totre,HDPK Dharmasena,,
1422124,2024,2024/03/25,"M Chinnaswamy Stadium, Bengaluru",Bengaluru,Punjab Kings,Royal Challengers Bengaluru,Royal Challengers Bengaluru,,,4,Royal Challengers Bengaluru,field,V Kohli,AK Chaudhary,MV Saidharshan Kumar,,
1422125,2024,2024/03/26,"MA Chidambaram Stadium, Chepauk, Chennai",Chennai,Chennai Super Kings,Gujarat Titans,Chennai Super Kings,,63,,Gujarat Titans,field,S Dube,AG Wharf,Tapan Sharma,,
1422126,2024,2024/03/27,"Rajiv Gandhi International Stadium, Uppal, Hyderabad",Hyderabad,Sunrisers Hyderabad,Mumbai Indians,Sunrisers Hyderabad,,31,,Mumbai Indians,field,Abhishek Sharma,KN Ananthapadmanabhan,UV Gandhe,,
1422128,2024,2024/03/29,"M Chinnaswamy Stadium, Bengaluru",Bengaluru,Royal Challengers Bengaluru,Kolkata Knight Riders,Kolkata Knight Riders,,,7,Kolkata Knight Riders,field,SP Narine,AK Chaudhary,R Pandit,,
1422127,2024,2024/03/28,"Sawai Mansingh Stadium, Jaipur",Jaipur,Rajasthan Royals,Delhi Capitals,Rajasthan Royals,,12,,Delhi Capitals,field,R Parag,A Nand Kishore,Nitin Menon,,
1422129,2024,2024/03/30,"Bharat Ratna Shri Atal Bihari Vajpayee Ekana Cricket Stadium, Lucknow",Lucknow,Lucknow Super Giants,Punjab Kings,Lucknow Super Giants,,21,,Lucknow Super Giants,bat,MP Yadav,J Madanagopal,Navdeep Singh,,
1422131,2024,2024/03/31,"Dr. Y.S. Rajasekhara Reddy ACA-VDCA Cricket Stadium, Visakhapatnam",Visakhapatnam,Delhi Capitals,Chennai Super Kings,Delhi Capitals,,20,,Delhi Capitals,bat,KK Ahmed,HDPK Dharmasena,Vinod Seshan,,
1422130,2024,2024/03/31,"Narendra Modi Stadium, Ahmedabad",Ahmedabad,Sunrisers Hyderabad,Gujarat Titans,Gujarat Titans,,,7,Sunrisers Hyderabad,bat,MM Sharma,HAS Khalid,VK Sharma,,
1422132,2024,2024/04/01,"Wankhede Stadium, Mumbai",Mumbai,Mumbai Indians,Rajasthan Royals,Rajasthan Royals,,,6,Rajasthan Royals,field,TA Boult,MV Saidharshan Kumar,YC Barde,,
1422134,2024,2024/04/03,"Dr. Y.S. Rajasekhara Reddy ACA-VDCA Cricket Stadium, Visakhapatnam",Visakhapatnam,Kolkata Knight Riders,Delhi Capitals,Kolkata Knight Riders,,106,,Kolkata Knight Riders,bat,SP Narine,A Totre,UV Gandhe,,
1422133,2024,2024/04/02,"M Chinnaswamy Stadium, Bengaluru",Bengaluru,Lucknow Super Giants,Royal Challengers Bengaluru,Lucknow Super Giants,,28,,Royal Challengers Bengaluru,field,MP Yadav,J Madanagopal,NA Patwardhan,,
1422135,2024,2024/04/04,"Narendra Modi Stadium, Ahmedabad",Ahmedabad,Gujarat Titans,Punjab Kings,Punjab Kings,,,3,Punjab Kings,field,Shashank Singh,Nitin Menon,VA Kulkarni,,
1422136,2024,2024/04/05,"Rajiv Gandhi International Stadium, Uppal, Hyderabad",Hyderabad,Chennai Super Kings,Sunrisers Hyderabad,Sunrisers Hyderabad,,,6,Sunrisers Hyderabad,field,Abhishek Sharma,R Pandit,YC Barde,,
1422137,2024,2024/04/06,"Sawai Mansingh Stadium, Jaipur",Jaipur,Royal Challengers Bengaluru,Rajasthan Royals,Rajasthan Royals,,,6,Rajasthan Royals,field,JC Buttler,AG Wharf,Tapan Sharma,,
1422138,2024,2024/04/07,"Wankhede Stadium, Mumbai",Mumbai,Mumbai Indians,Delhi Capitals,Mumbai Indians,,29,,Delhi Capitals,field,R Shepherd,HDPK Dharmasena,UV Gandhe,,
1422139,2024,2024/04/07,"Bharat Ratna Shri Atal Bihari Vajpayee Ekana Cricket Stadium, Lucknow",Lucknow,Lucknow Super Giants,Gujarat Titans,Lucknow Super Giants,,33,,Lucknow Super Giants,bat,Yash Thakur,A Nand Kishore,VK Sharma,,
1426260,2024,2024/04/08,"MA Chidambaram Stadium, Chepauk, Chennai",Chennai,Kolkata Knight Riders,Chennai Super Kings,Chennai Super Kings,,,7,Chennai Super Kings,field,RA Jadeja,AK Chaudhary,MV Saidharshan Kumar,,
1426261,2024,2024/04/09,"Maharaja Yadavindra Singh International Cricket Stadium, Mullanpur",Mohali,Sunrisers Hyderabad,Punjab Kings,Sunrisers Hyderabad,,2,,Punjab Kings,field,Nithish Kumar Reddy,Navdeep Singh,NA Patwardhan,,
1426262,2024,2024/04/10,"Sawai Mansingh Stadium, Jaipur",Jaipur,Rajasthan Royals,Gujarat Titans,Gujarat Titans,,,3,Gujarat Titans,field,Rashid Khan,HDPK Dharmasena,Vinod Seshan,,
1426264,2024,2024/04/12,"Bharat Ratna Shri Atal Bihari Vajpayee Ekana Cricket Stadium, Lucknow",Lucknow,Lucknow Super Giants,Delhi Capitals,Delhi Capitals,,,6,Lucknow Super Giants,bat,Kuldeep Yadav,R Pandit,YC Barde,,
1426263,2024,2024/04/11,"Wankhede Stadium, Mumbai",Mumbai,Royal Challengers Bengaluru,Mumbai Indians,Mumbai Indians,,,7,Mumbai Indians,field,JJ Bumrah,Nitin Menon,VA Kulkarni,,
1426265,2024,2024/04/13,"Maharaja Yadavindra Singh International Cricket Stadium, Mullanpur",Mohali,Punjab Kings,Rajasthan Royals,Rajasthan Royals,,,3,Rajasthan Royals,field,SO Hetmyer,AK Chaudhary,Tapan Sharma,,
1426266,2024,2024/04/14,"Eden Gardens, Kolkata",Kolkata,Lucknow Super Giants,Kolkata Knight Riders,Kolkata Knight Riders,,,8,Kolkata Knight Riders,field,PD Salt,A Totre,Vinod Seshan,,
1426267,2024,2024/04/14,"Wankhede Stadium, Mumbai",Mumbai,Chennai Super Kings,Mumbai Indians,Chennai Super Kings,,20,,Mumbai Indians,field,M Pathirana,Nitin Menon,HAS Khalid,,
1426269,2024,2024/04/16,"Eden Gardens, Kolkata",Kolkata,Kolkata Knight Riders,Rajasthan Royals,Rajasthan Royals,,,2,Rajasthan Royals,field,JC Buttler,MA Gough,UV Gandhe,,
1426270,2024,2024/04/17,"Narendra Modi Stadium, Ahmedabad",Ahmedabad,Gujarat Titans,Delhi Capitals,Delhi Capitals,,,6,Delhi Capitals,field,RR Pant,NA Patwardhan,VK Sharma,,
1426268,2024,2024/04/15,"M Chinnaswamy Stadium, Bengaluru",Bengaluru,Sunrisers Hyderabad,Royal Challengers Bengaluru,Sunrisers Hyderabad,,25,,Royal Challengers Bengaluru,field,TM Head,AK Chaudhary,R Pandit,,
1426272,2024,2024/04/19,"Bharat Ratna Shri Atal Bihari Vajpayee Ekana Cricket Stadium, Lucknow",Lucknow,Chennai Super Kings,Lucknow Super Giants,Lucknow Super Giants,,,8,Lucknow Super Giants,field,KL Rahul,AK Chaudhary,R Pandit,,
1426271,2024,2024/04/18,"Maharaja Yadavindra Singh International Cricket Stadium, Mullanpur",Mohali,Mumbai Indians,Punjab Kings,Mumbai Indians,,9,,Punjab Kings,field,JJ Bumrah,A Nand Kishore,VA Kulkarni,,
1426274,2024,2024/04/21,"Eden Gardens, Kolkata",Kolkata,Kolkata Knight Riders,Royal Challengers Bengaluru,Kolkata Knight Riders,,1,,Royal Challengers Bengaluru,field,AD Russell,A Totre,Vinod Seshan,,
1426273,2024,2024/04/20,"Arun Jaitley Stadium, Delhi",Delhi,Sunrisers Hyderabad,Delhi Capitals,Sunrisers Hyderabad,,67,,Delhi Capitals,field,TM Head,J Madanagopal,Navdeep Singh,,
1426276,2024,2024/04/22,"Sawai Mansingh Stadium, Jaipur",Jaipur,Mumbai Indians,Rajasthan Royals,Rajasthan Royals,,,9,Mumbai Indians,bat,Sandeep Sharma,AK Chaudhary,MV Saidharshan Kumar,,
1426277,2024,2024/04/23,"MA Chidambaram Stadium, Chepauk, Chennai",Chennai,Chennai Super Kings,Lucknow Super Giants,Lucknow Super Giants,,,6,Lucknow Super Giants,field,MP Stoinis,NA Patwardhan,Tapan Sharma,,
1426278,2024,2024/04/24,"Arun Jaitley Stadium, Delhi",Delhi,Delhi Capitals,Gujarat Titans,Delhi Capitals,,4,,Gujarat Titans,field,RR Pant,KN Ananthapadmanabhan,UV Gandhe,,
1426275,2024,2024/04/21,"Maharaja Yadavindra Singh International Cricket Stadium, Mullanpur",Mohali,Punjab Kings,Gujarat Titans,Gujarat Titans,,,3,Punjab Kings,bat,R Sai Kishore,A Nand Kishore,VA Kulkarni,,
1426279,2024,2024/04/25,"Rajiv Gandhi International Stadium, Uppal, Hyderabad",Hyderabad,Royal Challengers Bengaluru,Sunrisers Hyderabad,Royal Challengers Bengaluru,,35,,Royal Challengers Bengaluru,bat,RM Patidar,Nitin Menon,HAS Khalid,,
1426280,2024,2024/04/26,"Eden Gardens, Kolkata",Kolkata,Kolkata Knight Riders,Punjab Kings,Punjab Kings,,,8,Punjab Kings,field,JM Bairstow,AK Chaudhary,YC Barde,,
1426281,2024,2024/04/27,"Arun Jaitley Stadium, Delhi",Delhi,Delhi Capitals,Mumbai Indians,Delhi Capitals,,10,,Mumbai Indians,field,J Fraser-McGurk,Navdeep Singh,NA Patwardhan,,
1426283,2024,2024/04/28,"Narendra Modi Stadium, Ahmedabad",Ahmedabad,Gujarat Titans,Royal Challengers Bengaluru,Royal Challengers Bengaluru,,,9,Royal Challengers Bengaluru,field,WG Jacks,Nitin Menon,VK Sharma,,
1426282,2024,2024/04/27,"Bharat Ratna Shri Atal Bihari Vajpayee Ekana Cricket Stadium, Lucknow",Lucknow,Lucknow Super Giants,Rajasthan Royals,Rajasthan Royals,,,7,Rajasthan Royals,field,SV Samson,KN Ananthapadmanabhan,MA Gough,,
1426284,2024,2024/04/28,"MA Chidambaram Stadium, Chepauk, Chennai",Chennai,Chennai Super Kings,Sunrisers Hyderabad,Chennai Super Kings,,78,,Sunrisers Hyderabad,field,RD Gaikwad,R Pandit,MV Saidharshan Kumar,,
1426285,2024,2024/04/29,"Eden Gardens, Kolkata",Kolkata,Delhi Capitals,Kolkata Knight Riders,Kolkata Knight Riders,,,7,Delhi Capitals,bat,CV Varun,Navdeep Singh,Tapan Sharma,,
1426286,2024,2024/04/30,"Bharat Ratna Shri Atal Bihari Vajpayee Ekana Cricket Stadium, Lucknow",Lucknow,Mumbai Indians,Lucknow Super Giants,Lucknow Super Giants,,,4,Lucknow Super Giants,field,MP Stoinis,MA Gough,UV Gandhe,,
1426287,2024,2024/05/01,"MA Chidambaram Stadium, Chepauk, Chennai",Chennai,Chennai Super Kings,Punjab Kings,Punjab Kings,,,7,Punjab Kings,field,Harpreet Brar,HAS Khalid,VK Sharma,,
1426288,2024,2024/05/02,"Rajiv Gandhi International Stadium, Uppal, Hyderabad",Hyderabad,Sunrisers Hyderabad,Rajasthan Royals,Sunrisers Hyderabad,,1,,Sunrisers Hyderabad,bat,B Kumar,AK Chaudhary,YC Barde,,
1426290,2024,2024/05/04,"M Chinnaswamy Stadium, Bengaluru",Bengaluru,Gujarat Titans,Royal Challengers Bengaluru,Royal Challengers Bengaluru,,,4,Royal Challengers Bengaluru,field,Mohammed Siraj,A Totre,Vinod Seshan,,
1426289,2024,2024/05/03,"Wankhede Stadium, Mumbai",Mumbai,Kolkata Knight Riders,Mumbai Indians,Kolkata Knight Riders,,24,,Mumbai Indians,field,VR Iyer,J Madanagopal,Tapan Sharma,,
1426291,2024,2024/05/05,"Himachal Pradesh Cricket Association Stadium, Dharamsala",Dharamsala,Chennai Super Kings,Punjab Kings,Chennai Super Kings,,28,,Punjab Kings,field,RA Jadeja,A Nand Kishore,VA Kulkarni,,
1426292,2024,2024/05/05,"Bharat Ratna Shri Atal Bihari Vajpayee Ekana Cricket Stadium, Lucknow",Lucknow,Kolkata Knight Riders,Lucknow Super Giants,Kolkata Knight Riders,,98,,Lucknow Super Giants,field,SP Narine,MV Saidharshan Kumar,YC Barde,,
1426293,2024,2024/05/06,"Wankhede Stadium, Mumbai",Mumbai,Sunrisers Hyderabad,Mumbai Indians,Mumbai Indians,,,7,Mumbai Indians,field,SA Yadav,Navdeep Singh,Tapan Sharma,,
1426294,2024,2024/05/07,"Arun Jaitley Stadium, Delhi",Delhi,Delhi Capitals,Rajasthan Royals,Delhi Capitals,,20,,Rajasthan Royals,field,Kuldeep Yadav,KN Ananthapadmanabhan,UV Gandhe,,
1426295,2024,2024/05/08,"Rajiv Gandhi International Stadium, Uppal, Hyderabad",Hyderabad,Lucknow Super Giants,Sunrisers Hyderabad,Sunrisers Hyderabad,,,10,Lucknow Super Giants,bat,TM Head,MV Saidharshan Kumar,YC Barde,,
1426296,2024,2024/05/09,"Himachal Pradesh Cricket Association Stadium, Dharamsala",Dharamsala,Royal Challengers Bengaluru,Punjab Kings,Royal Challengers Bengaluru,,60,,Punjab Kings,field,V Kohli,Nitin Menon,HAS Khalid,,
1426297,2024,2024/05/10,"Narendra Modi Stadium, Ahmedabad",Ahmedabad,Gujarat Titans,Chennai Super Kings,Gujarat Titans,,35,,Chennai Super Kings,field,Shubman Gill,KN Ananthapadmanabhan,NA Patwardhan,,
1426298,2024,2024/05/11,"Eden Gardens, Kolkata",Kolkata,Kolkata Knight Riders,Mumbai Indians,Kolkata Knight Riders,,18,,Mumbai Indians,field,CV Varun,UV Gandhe,Vinod Seshan,,
1426300,2024,2024/05/12,"M Chinnaswamy Stadium, Bengaluru",Bengaluru,Royal Challengers Bengaluru,Delhi Capitals,Royal Challengers Bengaluru,,47,,Delhi Capitals,field,C Green,A Nand Kishore,VA Kulkarni,,
1426299,2024,2024/05/12,"MA Chidambaram Stadium, Chepauk, Chennai",Chennai,Rajasthan Royals,Chennai Super Kings,Chennai Super Kings,,,5,Rajasthan Royals,bat,Simarjeet Singh,R Pandit,YC Barde,,
1426302,2024,2024/05/14,"Arun Jaitley Stadium, Delhi",Delhi,Delhi Capitals,Lucknow Super Giants,Delhi Capitals,,19,,Lucknow Super Giants,field,I Sharma,A Totre,Vinod Seshan,,
1426306,2024,2024/05/18,"M Chinnaswamy Stadium, Bengaluru",Bengaluru,Royal Challengers Bengaluru,Chennai Super Kings,Royal Challengers Bengaluru,,27,,Chennai Super Kings,field,F du Plessis,A Totre,KN Ananthapadmanabhan,,
1426305,2024,2024/05/17,"Wankhede Stadium, Mumbai",Mumbai,Lucknow Super Giants,Mumbai Indians,Lucknow Super Giants,,18,,Mumbai Indians,field,N Pooran,Navdeep Singh,R Pandit,,
1426303,2024,2024/05/15,"Barsapara Cricket Stadium, Guwahati",Guwahati,Rajasthan Royals,Punjab Kings,Punjab Kings,,,5,Rajasthan Royals,bat,SM Curran,R Pandit,MV Saidharshan Kumar,,
1426309,2024,2024/05/21,"Narendra Modi Stadium, Ahmedabad",Ahmedabad,Sunrisers Hyderabad,Kolkata Knight Riders,Kolkata Knight Riders,,,8,Sunrisers Hyderabad,bat,MA Starc,AK Chaudhary,R Pandit,,
1426307,2024,2024/05/19,"Rajiv Gandhi International Stadium, Uppal, Hyderabad",Hyderabad,Punjab Kings,Sunrisers Hyderabad,Sunrisers Hyderabad,,,4,Punjab Kings,bat,Abhishek Sharma,Nitin Menon,VK Sharma,,
1426310,2024,2024/05/22,"Narendra Modi Stadium, Ahmedabad",Ahmedabad,Royal Challengers Bengaluru,Rajasthan Royals,Rajasthan Royals,,,4,Rajasthan Royals,field,R Ashwin,KN Ananthapadmanabhan,MV Saidharshan Kumar,,
1426311,2024,2024/05/24,"MA Chidambaram Stadium, Chepauk, Chennai",Chennai,Sunrisers Hyderabad,Rajasthan Royals,Sunrisers Hyderabad,,36,,Rajasthan Royals,field,Shahbaz Ahmed,Nitin Menon,VK Sharma,,
1426312,2024,2024/05/26,"MA Chidambaram Stadium, Chepauk, Chennai",Chennai,Sunrisers Hyderabad,Kolkata Knight Riders,Kolkata Knight Riders,,,8,Sunrisers Hyderabad,bat,MA Starc,J Madanagopal,Nitin Menon,,
1473439,2025,2025/03/23,"Rajiv Gandhi International Stadium, Uppal, Hyderabad",Hyderabad,Sunrisers Hyderabad,Rajasthan Royals,Sunrisers Hyderabad,,44,,Rajasthan Royals,field,Ishan Kishan,AT Holdstock,A Totre,,
1473438,2025,2025/03/22,"Eden Gardens, Kolkata",Kolkata,Kolkata Knight Riders,Royal Challengers Bengaluru,Royal Challengers Bengaluru,,,7,Royal Challengers Bengaluru,field,KH Pandya,A Bengeri,Vinod Seshan,,
1473441,2025,2025/03/24,"Dr. Y.S. Rajasekhara Reddy ACA-VDCA Cricket Stadium, Visakhapatnam",Visakhapatnam,Lucknow Super Giants,Delhi Capitals,Delhi Capitals,,,1,Delhi Capitals,field,Ashutosh Sharma,Abhijit Bhattacharya,UV Gandhe,,
1473442,2025,2025/03/25,"Narendra Modi Stadium, Ahmedabad",Ahmedabad,Punjab Kings,Gujarat Titans,Punjab Kings,,11,,Gujarat Titans,field,SS Iyer,A Bengeri,Vinod Seshan,,
1473440,2025,2025/03/23,"MA Chidambaram Stadium, Chepauk, Chennai",Chennai,Mumbai Indians,Chennai Super Kings,Chennai Super Kings,,,4,Chennai Super Kings,field,Noor Ahmad,KN Ananthapadmanabhan,HAS Khalid,,
1473444,2025,2025/03/27,"Rajiv Gandhi International Stadium, Uppal, Hyderabad",Hyderabad,Sunrisers Hyderabad,Lucknow Super Giants,Lucknow Super Giants,,,5,Lucknow Super Giants,field,SN Thakur,Abhijit Bhattacharya,UV Gandhe,,
1473443,2025,2025/03/26,"Barsapara Cricket Stadium, Guwahati",Guwahati,Rajasthan Royals,Kolkata Knight Riders,Kolkata Knight Riders,,,8,Kolkata Knight Riders,field,Q de Kock,A Totre,R Pandit,,
1473445,2025,2025/03/28,"MA Chidambaram Stadium, Chepauk, Chennai",Chennai,Royal Challengers Bengaluru,Chennai Super Kings,Royal Challengers Bengaluru,,50,,Chennai Super Kings,field,RM Patidar,Nitin Menon,HAS Khalid,,
1473446,2025,2025/03/29,"Narendra Modi Stadium, Ahmedabad",Ahmedabad,Gujarat Titans,Mumbai Indians,Gujarat Titans,,36,,Mumbai Indians,field,M Prasidh Krishna,A Bengeri,Vinod Seshan,,
1473447,2025,2025/03/30,"Dr. Y.S. Rajasekhara Reddy ACA-VDCA Cricket Stadium, Visakhapatnam",Visakhapatnam,Sunrisers Hyderabad,Delhi Capitals,Delhi Capitals,,,7,Sunrisers Hyderabad,bat,MA Starc,Abhijit Bhattacharya,UV Gandhe,,
1473448,2025,2025/03/30,"Barsapara Cricket Stadium, Guwahati",Guwahati,Rajasthan Royals,Chennai Super Kings,Rajasthan Royals,,6,,Chennai Super Kings,field,N Rana,AT Holdstock,A Totre,,
1473449,2025,2025/03/31,"Wankhede Stadium, Mumbai",Mumbai,Kolkata Knight Riders,Mumbai Indians,Mumbai Indians,,,8,Mumbai Indians,field,Ashwani Kumar,MV Saidharshan Kumar,HAS Khalid,,
1473450,2025,2025/04/01,"Bharat Ratna Shri Atal Bihari Vajpayee Ekana Cricket Stadium, Lucknow",Lucknow,Lucknow Super Giants,Punjab Kings,Punjab Kings,,,8,Punjab Kings,field,P Simran Singh,A Bengeri,Vinod Seshan,,
1473452,2025,2025/04/03,"Eden Gardens, Kolkata",Kolkata,Kolkata Knight Riders,Sunrisers Hyderabad,Kolkata Knight Riders,,80,,Sunrisers Hyderabad,field,VG Arora,AT Holdstock,A Totre,,
1473454,2025,2025/04/05,"MA Chidambaram Stadium, Chepauk, Chennai",Chennai,Delhi Capitals,Chennai Super Kings,Delhi Capitals,,25,,Delhi Capitals,bat,KL Rahul,A Bengeri,P Joshi,,
1473451,2025,2025/04/02,"M Chinnaswamy Stadium, Bengaluru",Bengaluru,Royal Challengers Bengaluru,Gujarat Titans,Gujarat Titans,,,8,Gujarat Titans,field,Mohammed Siraj,Abhijit Bhattacharya,UV Gandhe,,
1473453,2025,2025/04/04,"Bharat Ratna Shri Atal Bihari Vajpayee Ekana Cricket Stadium, Lucknow",Lucknow,Lucknow Super Giants,Mumbai Indians,Lucknow Super Giants,,12,,Mumbai Indians,field,DS Rathi,Nitin Menon,MV Saidharshan Kumar,,
1473455,2025,2025/04/05,"Maharaja Yadavindra Singh International Cricket Stadium, Mullanpur",Mohali,Rajasthan Royals,Punjab Kings,Rajasthan Royals,,50,,Punjab Kings,field,JC Archer,K Swaroopanand,UV Gandhe,,
1473456,2025,2025/04/08,"Eden Gardens, Kolkata",Kolkata,Lucknow Super Giants,Kolkata Knight Riders,Lucknow Super Giants,,4,,Kolkata Knight Riders,field,N Pooran,AT Holdstock,A Totre,,
1473457,2025,2025/04/06,"Rajiv Gandhi International Stadium, Uppal, Hyderabad",Hyderabad,Sunrisers Hyderabad,Gujarat Titans,Gujarat Titans,,,7,Gujarat Titans,field,Mohammed Siraj,KN Ananthapadmanabhan,MV Saidharshan Kumar,,
1473458,2025,2025/04/07,"Wankhede Stadium, Mumbai",Mumbai,Royal Challengers Bengaluru,Mumbai Indians,Royal Challengers Bengaluru,,12,,Mumbai Indians,field,RM Patidar,P Joshi,Vinod Seshan,,
1473459,2025,2025/04/08,"Maharaja Yadavindra Singh International Cricket Stadium, Mullanpur",Mohali,Punjab Kings,Chennai Super Kings,Punjab Kings,,18,,Punjab Kings,bat,Priyansh Arya,Abhijit Bhattacharya,UV Gandhe,,
1473460,2025,2025/04/09,"Narendra Modi Stadium, Ahmedabad",Ahmedabad,Gujarat Titans,Rajasthan Royals,Gujarat Titans,,58,,Rajasthan Royals,field,B Sai Sudharsan,A Totre,R Pandit,,
1473461,2025,2025/04/10,"M Chinnaswamy Stadium, Bengaluru",Bengaluru,Royal Challengers Bengaluru,Delhi Capitals,Delhi Capitals,,,6,Delhi Capitals,field,KL Rahul,KN Ananthapadmanabhan,MV Saidharshan Kumar,,
1473462,2025,2025/04/11,"MA Chidambaram Stadium, Chepauk, Chennai",Chennai,Chennai Super Kings,Kolkata Knight Riders,Kolkata Knight Riders,,,8,Kolkata Knight Riders,field,SP Narine,CB Gaffaney,P Joshi,,
1473463,2025,2025/04/12,"Bharat Ratna Shri Atal Bihari Vajpayee Ekana Cricket Stadium, Lucknow",Lucknow,Gujarat Titans,Lucknow Super Giants,Lucknow Super Giants,,,6,Lucknow Super Giants,field,AK Markram,K Swaroopanand,UV Gandhe,,
1473464,2025,2025/04/12,"Rajiv Gandhi International Stadium, Uppal, Hyderabad",Hyderabad,Punjab Kings,Sunrisers Hyderabad,Sunrisers Hyderabad,,,8,Punjab Kings,bat,Abhishek Sharma,A Totre,K Kelkar,,
1473465,2025,2025/04/13,"Sawai Mansingh Stadium, Jaipur",Jaipur,Rajasthan Royals,Royal Challengers Bengaluru,Royal Challengers Bengaluru,,,9,Royal Challengers Bengaluru,field,PD Salt,Nitin Menon,MV Saidharshan Kumar,,
1473466,2025,2025/04/13,"Arun Jaitley Stadium, Delhi",Delhi,Mumbai Indians,Delhi Capitals,Mumbai Indians,,12,,Delhi Capitals,field,KV Sharma,CB Gaffaney,Vinod Seshan,,
1473469,2025,2025/04/16,"Arun Jaitley Stadium, Delhi",Delhi,Delhi Capitals,Rajasthan Royals,Tie,tie,,,Rajasthan Royals,field,MA Starc,A Totre,K Kelkar,,
1473470,2025,2025/04/17,"Wankhede Stadium, Mumbai",Mumbai,Sunrisers Hyderabad,Mumbai Indians,Mumbai Indians,,,4,Mumbai Indians,field,WG Jacks,J Madanagopal,Vinod Seshan,,
1473467,2025,2025/04/14,"Bharat Ratna Shri Atal Bihari Vajpayee Ekana Cricket Stadium, Lucknow",Lucknow,Lucknow Super Giants,Chennai Super Kings,Chennai Super Kings,,,5,Chennai Super Kings,field,MS Dhoni,UV Gandhe,VK Sharma,,
1473468,2025,2025/04/15,"Maharaja Yadavindra Singh International Cricket Stadium, Mullanpur",Mohali,Punjab Kings,Kolkata Knight Riders,Punjab Kings,,16,,Punjab Kings,bat,YS Chahal,M Krishnadas,MV Saidharshan Kumar,,
1473471,2025,2025/04/18,"M Chinnaswamy Stadium, Bengaluru",Bengaluru,Royal Challengers Bengaluru,Punjab Kings,Punjab Kings,,,5,Punjab Kings,field,TH David,UV Gandhe,VK Sharma,,
1473472,2025,2025/04/19,"Narendra Modi Stadium, Ahmedabad",Ahmedabad,Delhi Capitals,Gujarat Titans,Gujarat Titans,,,7,Gujarat Titans,field,JC Buttler,A Totre,K Kelkar,,
1473473,2025,2025/04/19,"Sawai Mansingh Stadium, Jaipur",Jaipur,Lucknow Super Giants,Rajasthan Royals,Lucknow Super Giants,,2,,Lucknow Super Giants,bat,Avesh Khan,J Madanagopal,Vinod Seshan,,
1473475,2025,2025/04/20,"Wankhede Stadium, Mumbai",Mumbai,Chennai Super Kings,Mumbai Indians,Mumbai Indians,,,9,Mumbai Indians,field,RG Sharma,Abhijit Bhattacharya,VK Sharma,,
1473474,2025,2025/04/20,"Maharaja Yadavindra Singh International Cricket Stadium, Mullanpur",Mohali,Punjab Kings,Royal Challengers Bengaluru,Royal Challengers Bengaluru,,,7,Royal Challengers Bengaluru,field,V Kohli,KM Gandhi,MV Saidharshan Kumar,,
1473476,2025,2025/04/21,"Eden Gardens, Kolkata",Kolkata,Gujarat Titans,Kolkata Knight Riders,Gujarat Titans,,39,,Kolkata Knight Riders,field,Shubman Gill,Anish Sahasrabudhe,R Pandit,,
1473477,2025,2025/04/22,"Bharat Ratna Shri Atal Bihari Vajpayee Ekana Cricket Stadium, Lucknow",Lucknow,Lucknow Super Giants,Delhi Capitals,Delhi Capitals,,,8,Delhi Capitals,field,Mukesh Kumar,KM Gandhi,MV Saidharshan Kumar,,
1473479,2025,2025/04/24,"M Chinnaswamy Stadium, Bengaluru",Bengaluru,Royal Challengers Bengaluru,Rajasthan Royals,Royal Challengers Bengaluru,,11,,Rajasthan Royals,field,JR Hazlewood,MA Gough,UV Gandhe,,
1473478,2025,2025/04/23,"Rajiv Gandhi International Stadium, Uppal, Hyderabad",Hyderabad,Sunrisers Hyderabad,Mumbai Indians,Mumbai Indians,,,7,Mumbai Indians,field,TA Boult,J Madanagopal,Vinod Seshan,,
1473481,2025,2025/04/26,"Eden Gardens, Kolkata",Kolkata,Punjab Kings,Kolkata Knight Riders,No Result,no result,,,Punjab Kings,bat,,AT Holdstock,Anish Sahasrabudhe,,
1473480,2025,2025/04/25,"MA Chidambaram Stadium, Chepauk, Chennai",Chennai,Chennai Super Kings,Sunrisers Hyderabad,Sunrisers Hyderabad,,,5,Sunrisers Hyderabad,field,HV Patel,M Krishnadas,Nitin Menon,,
1473482,2025,2025/04/27,"Wankhede Stadium, Mumbai",Mumbai,Mumbai Indians,Lucknow Super Giants,Mumbai Indians,,54,,Lucknow Super Giants,field,WG Jacks,CB Gaffaney,J Madanagopal,,
1473484,2025,2025/04/28,"Sawai Mansingh Stadium, Jaipur",Jaipur,Gujarat Titans,Rajasthan Royals,Rajasthan Royals,,,8,Rajasthan Royals,field,V Suryavanshi,MA Gough,VK Sharma,,
1473486,2025,2025/04/30,"MA Chidambaram Stadium, Chepauk, Chennai",Chennai,Chennai Super Kings,Punjab Kings,Punjab Kings,,,4,Punjab Kings,field,SS Iyer,A Totre,Anish Sahasrabudhe,,
1473485,2025,2025/04/29,"Arun Jaitley Stadium, Delhi",Delhi,Kolkata Knight Riders,Delhi Capitals,Kolkata Knight Riders,,14,,Delhi Capitals,field,SP Narine,M Krishnadas,MV Saidharshan Kumar,,
1473483,2025,2025/04/27,"Arun Jaitley Stadium, Delhi",Delhi,Delhi Capitals,Royal Challengers Bengaluru,Royal Challengers Bengaluru,,,6,Royal Challengers Bengaluru,field,KH Pandya,M Krishnadas,Nitin Menon,,
1473490,2025,2025/05/04,"Eden Gardens, Kolkata",Kolkata,Kolkata Knight Riders,Rajasthan Royals,Kolkata Knight Riders,,1,,Kolkata Knight Riders,bat,AD Russell,Anish Sahasrabudhe,R Pandit,,
1473487,2025,2025/05/01,"Sawai Mansingh Stadium, Jaipur",Jaipur,Mumbai Indians,Rajasthan Royals,Mumbai Indians,,100,,Rajasthan Royals,field,RD Rickelton,P Joshi,Vinod Seshan,,
1473488,2025,2025/05/02,"Narendra Modi Stadium, Ahmedabad",Ahmedabad,Gujarat Titans,Sunrisers Hyderabad,Gujarat Titans,,38,,Sunrisers Hyderabad,field,M Prasidh Krishna,K Swaroopanand,VK Sharma,,
1473489,2025,2025/05/03,"M Chinnaswamy Stadium, Bengaluru",Bengaluru,Royal Challengers Bengaluru,Chennai Super Kings,Royal Challengers Bengaluru,,2,,Chennai Super Kings,field,R Shepherd,M Krishnadas,Nitin Menon,,
1473491,2025,2025/05/04,"Himachal Pradesh Cricket Association Stadium, Dharamsala",Dharamsala,Punjab Kings,Lucknow Super Giants,Punjab Kings,,37,,Lucknow Super Giants,field,P Simran Singh,J Madanagopal,P Joshi,,
1473492,2025,2025/05/05,"Rajiv Gandhi International Stadium, Uppal, Hyderabad",Hyderabad,Delhi Capitals,Sunrisers Hyderabad,No Result,no result,,,Sunrisers Hyderabad,field,,K Swaroopanand,VK Sharma,,
1473494,2025,2025/05/07,"Eden Gardens, Kolkata",Kolkata,Kolkata Knight Riders,Chennai Super Kings,Chennai Super Kings,,,2,Kolkata Knight Riders,bat,Noor Ahmad,AT Holdstock,Anish Sahasrabudhe,,
1473495,2025,2025/05/08,"Himachal Pradesh Cricket Association Stadium, Dharamsala",Dharamsala,Punjab Kings,Delhi Capitals,No Result,no result,,,Punjab Kings,bat,,CB Gaffaney,P Joshi,,
1473497,2025,2025/05/18,"Sawai Mansingh Stadium, Jaipur",Jaipur,Punjab Kings,Rajasthan Royals,Punjab Kings,,10,,Punjab Kings,bat,Harpreet Brar,A Bengeri,CB Gaffaney,,
1473493,2025,2025/05/06,"Wankhede Stadium, Mumbai",Mumbai,Mumbai Indians,Gujarat Titans,Gujarat Titans,,,3,Gujarat Titans,field,Shubman Gill,KM Gandhi,MV Saidharshan Kumar,,
1473499,2025,2025/05/19,"Bharat Ratna Shri Atal Bihari Vajpayee Ekana Cricket Stadium, Lucknow",Lucknow,Lucknow Super Giants,Sunrisers Hyderabad,Sunrisers Hyderabad,,,6,Sunrisers Hyderabad,field,Abhishek Sharma,K Swaroopanand,MA Gough,,
1473498,2025,2025/05/18,"Arun Jaitley Stadium, Delhi",Delhi,Delhi Capitals,Gujarat Titans,Gujarat Titans,,,10,Gujarat Titans,field,B Sai Sudharsan,AT Holdstock,K Kelkar,,
1473500,2025,2025/05/20,"Arun Jaitley Stadium, Delhi",Delhi,Chennai Super Kings,Rajasthan Royals,Rajasthan Royals,,,6,Rajasthan Royals,field,Akash Madhwal,K Kelkar,R Pandit,,
1473501,2025,2025/05/21,"Wankhede Stadium, Mumbai",Mumbai,Mumbai Indians,Delhi Capitals,Mumbai Indians,,59,,Delhi Capitals,field,SA Yadav,A Bengeri,J Madanagopal,,
1473502,2025,2025/05/22,"Narendra Modi Stadium, Ahmedabad",Ahmedabad,Lucknow Super Giants,Gujarat Titans,Lucknow Super Giants,,33,,Gujarat Titans,field,MR Marsh,KN Ananthapadmanabhan,M Krishnadas,,
1473504,2025,2025/05/25,"Narendra Modi Stadium, Ahmedabad",Ahmedabad,Chennai Super Kings,Gujarat Titans,Chennai Super Kings,,83,,Chennai Super Kings,bat,D Brevis,KM Gandhi,KN Ananthapadmanabhan,,
1473506,2025,2025/05/26,"Sawai Mansingh Stadium, Jaipur",Jaipur,Mumbai Indians,Punjab Kings,Punjab Kings,,,7,Punjab Kings,field,JP Inglis,CB Gaffaney,P Joshi,,
1473505,2025,2025/05/25,"Arun Jaitley Stadium, Delhi",Delhi,Sunrisers Hyderabad,Kolkata Knight Riders,Sunrisers Hyderabad,,110,,Sunrisers Hyderabad,bat,H Klaasen,AT Holdstock,K Kelkar,,
1473503,2025,2025/05/23,"Bharat Ratna Shri Atal Bihari Vajpayee Ekana Cricket Stadium, Lucknow",Lucknow,Sunrisers Hyderabad,Royal Challengers Bengaluru,Sunrisers Hyderabad,,42,,Royal Challengers Bengaluru,field,Ishan Kishan,K Swaroopanand,MA Gough,,
1473508,2025,2025/05/29,"Maharaja Yadavindra Singh International Cricket Stadium, Mullanpur",New Chandigarh,Punjab Kings,Royal Challengers Bengaluru,Royal Challengers Bengaluru,,,8,Royal Challengers Bengaluru,field,Suyash Sharma,MA Gough,VK Sharma,,
1473507,2025,2025/05/27,"Bharat Ratna Shri Atal Bihari Vajpayee Ekana Cricket Stadium, Lucknow",Lucknow,Lucknow Super Giants,Royal Challengers Bengaluru,Royal Challengers Bengaluru,,,6,Royal Challengers Bengaluru,field,JM Sharma,MA Gough,VK Sharma,,
1473510,2025,2025/06/01,"Narendra Modi Stadium, Ahmedabad",Ahmedabad,Mumbai Indians,Punjab Kings,Punjab Kings,,,5,Punjab Kings,field,SS Iyer,CB Gaffaney,Nitin Menon,,
1473511,2025,2025/06/03,"Narendra Modi Stadium, Ahmedabad",Ahmedabad,Royal Challengers Bengaluru,Punjab Kings,Royal Challengers Bengaluru,,6,,Punjab Kings,field,KH Pandya,J Madanagopal,Nitin Menon,,
1473509,2025,2025/05/30,"Maharaja Yadavindra Singh International Cricket Stadium, New Chandigarh",New Chandigarh,Mumbai Indians,Gujarat Titans,Mumbai Indians,,20,,Mumbai Indians,bat,RG Sharma,R Pandit,UV Gandhe,,
1485779,2025,2025/05/24,"Sawai Mansingh Stadium, Jaipur",Jaipur,Punjab Kings,Delhi Capitals,Delhi Capitals,,,6,Delhi Capitals,field,Sameer Rizvi,J Madanagopal,P Joshi,,
1527674,2026,2026/03/28,"M Chinnaswamy Stadium, Bengaluru",Bengaluru,Sunrisers Hyderabad,Royal Challengers Bengaluru,Royal Challengers Bengaluru,,,6,Royal Challengers Bengaluru,field,JA Duffy,J Madanagopal,UV Gandhe,,
1527675,2026,2026/03/29,"Wankhede Stadium, Mumbai",Mumbai,Kolkata Knight Riders,Mumbai Indians,Mumbai Indians,,,6,Mumbai Indians,field,SN Thakur,Anish Sahasrabudhe,MV Saidharshan Kumar,,
1527676,2026,2026/03/30,"Barsapara Cricket Stadium, Guwahati",Guwahati,Chennai Super Kings,Rajasthan Royals,Rajasthan Royals,,,8,Rajasthan Royals,field,N Burger,HDPK Dharmasena,M Krishnadas,,
1527677,2026,2026/03/31,"Maharaja Yadavindra Singh International Cricket Stadium, New Chandigarh",New Chandigarh,Gujarat Titans,Punjab Kings,Punjab Kings,,,3,Punjab Kings,field,C Connolly,Abhijit Bhattacharya,A Totre,,
1527678,2026,2026/04/01,"Bharat Ratna Shri Atal Bihari Vajpayee Ekana Cricket Stadium, Lucknow",Lucknow,Lucknow Super Giants,Delhi Capitals,Delhi Capitals,,,6,Delhi Capitals,field,Sameer Rizvi,R Pandit,UV Gandhe,,
1527681,2026,2026/04/04,"Arun Jaitley Stadium, Delhi",Delhi,Mumbai Indians,Delhi Capitals,Delhi Capitals,,,6,Delhi Capitals,field,Sameer Rizvi,HDPK Dharmasena,M Krishnadas,,
1527679,2026,2026/04/02,"Eden Gardens, Kolkata",Kolkata,Sunrisers Hyderabad,Kolkata Knight Riders,Sunrisers Hyderabad,,65,,Kolkata Knight Riders,field,Nithish Kumar Reddy,MV Saidharshan Kumar,Vinod Seshan,,
1527682,2026,2026/04/04,"Narendra Modi Stadium, Ahmedabad",Ahmedabad,Rajasthan Royals,Gujarat Titans,Rajasthan Royals,,6,,Rajasthan Royals,bat,Ravi Bishnoi,R Pandit,UV Gandhe,,
1527684,2026,2026/04/05,"M Chinnaswamy Stadium, Bengaluru",Bengaluru,Royal Challengers Bengaluru,Chennai Super Kings,Royal Challengers Bengaluru,,43,,Chennai Super Kings,field,TH David,A Totre,KN Ananthapadmanabhan,,
1527685,2026,2026/04/06,"Eden Gardens, Kolkata",Kolkata,Kolkata Knight Riders,Punjab Kings,No Result,no result,,,Kolkata Knight Riders,bat,,A Bengeri,J Madanagopal,,
1527680,2026,2026/04/03,"MA Chidambaram Stadium, Chepauk, Chennai",Chennai,Chennai Super Kings,Punjab Kings,Punjab Kings,,,5,Punjab Kings,field,Priyansh Arya,Abhijit Bhattacharya,A Totre,,
1527686,2026,2026/04/07,"Barsapara Cricket Stadium, Guwahati",Guwahati,Rajasthan Royals,Mumbai Indians,Rajasthan Royals,,27,,Mumbai Indians,field,YBK Jaiswal,HDPK Dharmasena,M Krishnadas,,
1527687,2026,2026/04/08,"Arun Jaitley Stadium, Delhi",Delhi,Gujarat Titans,Delhi Capitals,Gujarat Titans,,1,,Delhi Capitals,field,Rashid Khan,Anish Sahasrabudhe,Nitin Menon,,
1527683,2026,2026/04/05,"Rajiv Gandhi International Stadium, Uppal, Hyderabad",Hyderabad,Sunrisers Hyderabad,Lucknow Super Giants,Lucknow Super Giants,,,5,Lucknow Super Giants,field,Mohammed Shami,Anish Sahasrabudhe,MV Saidharshan Kumar,,
1527688,2026,2026/04/09,"Eden Gardens, Kolkata",Kolkata,Kolkata Knight Riders,Lucknow Super Giants,Lucknow Super Giants,,,3,Lucknow Super Giants,field,MD Choudhary,AT Holdstock,A Totre,,
1527690,2026,2026/04/11,"Maharaja Yadavindra Singh International Cricket Stadium, New Chandigarh",New Chandigarh,Sunrisers Hyderabad,Punjab Kings,Punjab Kings,,,6,Punjab Kings,field,SS Iyer,A Bengeri,R Pandit,,
1527691,2026,2026/04/11,"MA Chidambaram Stadium, Chepauk, Chennai",Chennai,Chennai Super Kings,Delhi Capitals,Chennai Super Kings,,23,,Delhi Capitals,field,SV Samson,MV Saidharshan Kumar,Vinod Seshan,,
1527689,2026,2026/04/10,"Barsapara Cricket Stadium, Guwahati",Guwahati,Royal Challengers Bengaluru,Rajasthan Royals,Rajasthan Royals,,,6,Rajasthan Royals,field,V Suryavanshi,K Swaroopanand,HDPK Dharmasena,,
1527692,2026,2026/04/12,"Bharat Ratna Shri Atal Bihari Vajpayee Ekana Cricket Stadium, Lucknow",Lucknow,Lucknow Super Giants,Gujarat Titans,Gujarat Titans,,,7,Gujarat Titans,field,M Prasidh Krishna,Abhijit Bhattacharya,KN Ananthapadmanabhan,,
1527693,2026,2026/04/12,"Wankhede Stadium, Mumbai",Mumbai,Royal Challengers Bengaluru,Mumbai Indians,Royal Challengers Bengaluru,,18,,Mumbai Indians,field,PD Salt,K Swaroopanand,VK Sharma,,
1529265,2026,2026/04/14,"MA Chidambaram Stadium, Chepauk, Chennai",Chennai,Chennai Super Kings,Kolkata Knight Riders,Chennai Super Kings,,32,,Kolkata Knight Riders,field,Noor Ahmad,Nitin Menon,MV Saidharshan Kumar,,
1529266,2026,2026/04/15,"M Chinnaswamy Stadium, Bengaluru",Bengaluru,Lucknow Super Giants,Royal Challengers Bengaluru,Royal Challengers Bengaluru,,,5,Royal Challengers Bengaluru,field,JR Hazlewood,AT Holdstock,Bhavesh Patel,,
1529267,2026,2026/04/16,"Wankhede Stadium, Mumbai",Mumbai,Mumbai Indians,Punjab Kings,Punjab Kings,,,7,Punjab Kings,field,Arshdeep Singh,HDPK Dharmasena,M Krishnadas,,
335982,2007/08,2008/04/18,M Chinnaswamy Stadium,Bangalore,Royal Challengers Bangalore,Kolkata Knight Riders,Kolkata Knight Riders,,140,,Royal Challengers Bangalore,field,BB McCullum,Asad Rauf,RE Koertzen,,
1529264,2026,2026/04/13,"Rajiv Gandhi International Stadium, Uppal, Hyderabad",Hyderabad,Sunrisers Hyderabad,Rajasthan Royals,Sunrisers Hyderabad,,57,,Rajasthan Royals,field,PP Hinge,J Madanagopal,R Pandit,,
335983,2007/08,2008/04/19,"Punjab Cricket Association Stadium, Mohali",Chandigarh,Kings XI Punjab,Chennai Super Kings,Chennai Super Kings,,33,,Chennai Super Kings,bat,MEK Hussey,MR Benson,SL Shastri,,
335984,2007/08,2008/04/19,Feroz Shah Kotla,Delhi,Delhi Daredevils,Rajasthan Royals,Delhi Daredevils,,,9,Rajasthan Royals,bat,MF Maharoof,Aleem Dar,GA Pratapkumar,,
335985,2007/08,2008/04/20,Wankhede Stadium,Mumbai,Mumbai Indians,Royal Challengers Bangalore,Royal Challengers Bangalore,,,5,Mumbai Indians,bat,MV Boucher,SJ Davis,DJ Harper,,
335988,2007/08,2008/04/22,"Rajiv Gandhi International Stadium, Uppal",Hyderabad,Deccan Chargers,Delhi Daredevils,Delhi Daredevils,,,9,Deccan Chargers,bat,V Sehwag,IL Howell,AM Saheba,,
335986,2007/08,2008/04/20,Eden Gardens,Kolkata,Kolkata Knight Riders,Deccan Chargers,Kolkata Knight Riders,,,5,Deccan Chargers,bat,DJ Hussey,BF Bowden,K Hariharan,,
335989,2007/08,2008/04/23,"MA Chidambaram Stadium, Chepauk",Chennai,Chennai Super Kings,Mumbai Indians,Chennai Super Kings,,6,,Mumbai Indians,field,ML Hayden,DJ Harper,GA Pratapkumar,,
335987,2007/08,2008/04/21,Sawai Mansingh Stadium,Jaipur,Rajasthan Royals,Kings XI Punjab,Rajasthan Royals,,,6,Kings XI Punjab,bat,SR Watson,Aleem Dar,RB Tiffin,,
335990,2007/08,2008/04/24,"Rajiv Gandhi International Stadium, Uppal",Hyderabad,Deccan Chargers,Rajasthan Royals,Rajasthan Royals,,,3,Rajasthan Royals,field,YK Pathan,Asad Rauf,MR Benson,,
335991,2007/08,2008/04/25,"Punjab Cricket Association Stadium, Mohali",Chandigarh,Kings XI Punjab,Mumbai Indians,Kings XI Punjab,,66,,Mumbai Indians,field,KC Sangakkara,Aleem Dar,AM Saheba,,
335992,2007/08,2008/04/26,M Chinnaswamy Stadium,Bangalore,Royal Challengers Bangalore,Rajasthan Royals,Rajasthan Royals,,,7,Rajasthan Royals,field,SR Watson,MR Benson,IL Howell,,
335994,2007/08,2008/04/27,Dr DY Patil Sports Academy,Mumbai,Mumbai Indians,Deccan Chargers,Deccan Chargers,,,10,Deccan Chargers,field,AC Gilchrist,Asad Rauf,SL Shastri,,
335995,2007/08,2008/04/27,"Punjab Cricket Association Stadium, Mohali",Chandigarh,Kings XI Punjab,Delhi Daredevils,Kings XI Punjab,,,4,Delhi Daredevils,bat,SM Katich,RE Koertzen,I Shivram,,
335996,2007/08,2008/04/28,M Chinnaswamy Stadium,Bangalore,Royal Challengers Bangalore,Chennai Super Kings,Chennai Super Kings,,13,,Chennai Super Kings,bat,MS Dhoni,BR Doctrove,RB Tiffin,,
335997,2007/08,2008/04/29,Eden Gardens,Kolkata,Kolkata Knight Riders,Mumbai Indians,Mumbai Indians,,,7,Kolkata Knight Riders,bat,ST Jayasuriya,BF Bowden,AV Jayaprakash,,
335993,2007/08,2008/04/26,"MA Chidambaram Stadium, Chepauk",Chennai,Chennai Super Kings,Kolkata Knight Riders,Chennai Super Kings,,,9,Kolkata Knight Riders,bat,JDP Oram,BF Bowden,AV Jayaprakash,,
335999,2007/08,2008/05/01,"Rajiv Gandhi International Stadium, Uppal",Hyderabad,Deccan Chargers,Kings XI Punjab,Kings XI Punjab,,,7,Kings XI Punjab,field,SE Marsh,BR Doctrove,RB Tiffin,,
335998,2007/08,2008/04/30,Feroz Shah Kotla,Delhi,Delhi Daredevils,Royal Challengers Bangalore,Delhi Daredevils,,10,,Royal Challengers Bangalore,field,GD McGrath,Aleem Dar,I Shivram,,
336001,2007/08,2008/05/02,"MA Chidambaram Stadium, Chepauk",Chennai,Chennai Super Kings,Delhi Daredevils,Delhi Daredevils,,,8,Chennai Super Kings,bat,V Sehwag,BF Bowden,K Hariharan,,
336000,2007/08,2008/05/01,Sawai Mansingh Stadium,Jaipur,Rajasthan Royals,Kolkata Knight Riders,Rajasthan Royals,,45,,Rajasthan Royals,bat,SA Asnodkar,RE Koertzen,GA Pratapkumar,,
336002,2007/08,2008/05/25,"Rajiv Gandhi International Stadium, Uppal",Hyderabad,Deccan Chargers,Royal Challengers Bangalore,Royal Challengers Bangalore,,,5,Deccan Chargers,bat,R Vinay Kumar,Asad Rauf,RE Koertzen,,
336004,2007/08,2008/05/04,Dr DY Patil Sports Academy,Mumbai,Mumbai Indians,Delhi Daredevils,Mumbai Indians,,29,,Delhi Daredevils,field,SM Pollock,IL Howell,RE Koertzen,,
336003,2007/08,2008/05/03,"Punjab Cricket Association Stadium, Mohali",Chandigarh,Kings XI Punjab,Kolkata Knight Riders,Kings XI Punjab,,9,,Kings XI Punjab,bat,IK Pathan,DJ Harper,I Shivram,,
336005,2007/08,2008/05/04,Sawai Mansingh Stadium,Jaipur,Rajasthan Royals,Chennai Super Kings,Rajasthan Royals,,,8,Chennai Super Kings,bat,Sohail Tanvir,Asad Rauf,AV Jayaprakash,,
336007,2007/08,2008/05/06,"MA Chidambaram Stadium, Chepauk",Chennai,Chennai Super Kings,Deccan Chargers,Deccan Chargers,,,7,Deccan Chargers,field,AC Gilchrist,MR Benson,RB Tiffin,,
336008,2007/08,2008/05/07,Dr DY Patil Sports Academy,Mumbai,Mumbai Indians,Rajasthan Royals,Mumbai Indians,,,7,Mumbai Indians,field,A Nehra,DJ Harper,RE Koertzen,,
336010,2007/08,2008/05/08,Eden Gardens,Kolkata,Kolkata Knight Riders,Royal Challengers Bangalore,Kolkata Knight Riders,,5,,Kolkata Knight Riders,bat,SC Ganguly,Asad Rauf,IL Howell,,
336006,2007/08,2008/05/05,M Chinnaswamy Stadium,Bangalore,Royal Challengers Bangalore,Kings XI Punjab,Kings XI Punjab,,,6,Kings XI Punjab,field,S Sreesanth,SJ Davis,BR Doctrove,,
336009,2007/08,2008/05/08,Feroz Shah Kotla,Delhi,Delhi Daredevils,Chennai Super Kings,Chennai Super Kings,,,4,Chennai Super Kings,field,MS Dhoni,Aleem Dar,RB Tiffin,,
336012,2007/08,2008/05/28,M Chinnaswamy Stadium,Bangalore,Royal Challengers Bangalore,Mumbai Indians,Mumbai Indians,,,9,Mumbai Indians,field,CRD Fernando,BF Bowden,AV Jayaprakash,,
336013,2007/08,2008/05/10,"MA Chidambaram Stadium, Chepauk",Chennai,Chennai Super Kings,Kings XI Punjab,Chennai Super Kings,,18,,Kings XI Punjab,field,L Balaji,AV Jayaprakash,BG Jerling,,
336011,2007/08,2008/05/09,Sawai Mansingh Stadium,Jaipur,Rajasthan Royals,Deccan Chargers,Rajasthan Royals,,,8,Rajasthan Royals,field,YK Pathan,MR Benson,AM Saheba,,
336014,2007/08,2008/05/11,"Rajiv Gandhi International Stadium, Uppal",Hyderabad,Deccan Chargers,Kolkata Knight Riders,Kolkata Knight Riders,,23,,Kolkata Knight Riders,bat,SC Ganguly,IL Howell,AM Saheba,,
336015,2007/08,2008/05/11,Sawai Mansingh Stadium,Jaipur,Rajasthan Royals,Delhi Daredevils,Rajasthan Royals,,,3,Rajasthan Royals,field,SR Watson,SJ Davis,RE Koertzen,,
336016,2007/08,2008/05/12,"Punjab Cricket Association Stadium, Mohali",Chandigarh,Kings XI Punjab,Royal Challengers Bangalore,Kings XI Punjab,,,9,Royal Challengers Bangalore,bat,SE Marsh,BR Doctrove,I Shivram,,
336017,2007/08,2008/05/13,Eden Gardens,Kolkata,Kolkata Knight Riders,Delhi Daredevils,Kolkata Knight Riders,,23,,Kolkata Knight Riders,bat,Shoaib Akhtar,Asad Rauf,IL Howell,,
336018,2007/08,2008/05/14,Wankhede Stadium,Mumbai,Mumbai Indians,Chennai Super Kings,Mumbai Indians,,,9,Mumbai Indians,field,ST Jayasuriya,BR Doctrove,AM Saheba,,
336020,2007/08,2008/05/15,Feroz Shah Kotla,Delhi,Delhi Daredevils,Deccan Chargers,Delhi Daredevils,,12,,Deccan Chargers,field,A Mishra,BG Jerling,GA Pratapkumar,,
336021,2007/08,2008/05/16,Wankhede Stadium,Mumbai,Mumbai Indians,Kolkata Knight Riders,Mumbai Indians,,,8,Mumbai Indians,field,SM Pollock,BR Doctrove,DJ Harper,,
336022,2007/08,2008/05/17,Feroz Shah Kotla,Delhi,Delhi Daredevils,Kings XI Punjab,Kings XI Punjab,,6,,Delhi Daredevils,bat,DPMD Jayawardene,AV Jayaprakash,RE Koertzen,,
336023,2007/08,2008/05/17,Sawai Mansingh Stadium,Jaipur,Rajasthan Royals,Royal Challengers Bangalore,Rajasthan Royals,,65,,Royal Challengers Bangalore,field,GC Smith,BF Bowden,SL Shastri,,
336019,2007/08,2008/05/28,"Punjab Cricket Association Stadium, Mohali",Chandigarh,Kings XI Punjab,Rajasthan Royals,Kings XI Punjab,,41,,Rajasthan Royals,field,SE Marsh,SJ Davis,K Hariharan,,
336024,2007/08,2008/05/18,"Rajiv Gandhi International Stadium, Uppal",Hyderabad,Deccan Chargers,Mumbai Indians,Mumbai Indians,,25,,Deccan Chargers,field,DJ Bravo,BR Doctrove,DJ Harper,,
336025,2007/08,2008/05/18,Eden Gardens,Kolkata,Kolkata Knight Riders,Chennai Super Kings,Chennai Super Kings,,3,,Kolkata Knight Riders,bat,M Ntini,Asad Rauf,K Hariharan,,
336031,2007/08,2008/05/23,"Punjab Cricket Association Stadium, Mohali",Chandigarh,Kings XI Punjab,Deccan Chargers,Kings XI Punjab,,,6,Kings XI Punjab,field,SE Marsh,Asad Rauf,SJ Davis,,
336027,2007/08,2008/05/20,Eden Gardens,Kolkata,Kolkata Knight Riders,Rajasthan Royals,Rajasthan Royals,,,6,Rajasthan Royals,field,YK Pathan,BG Jerling,RE Koertzen,,
336029,2007/08,2008/05/21,"MA Chidambaram Stadium, Chepauk",Chennai,Chennai Super Kings,Royal Challengers Bangalore,Royal Challengers Bangalore,,14,,Royal Challengers Bangalore,bat,A Kumble,DJ Harper,I Shivram,,
336032,2007/08,2008/05/24,Feroz Shah Kotla,Delhi,Delhi Daredevils,Mumbai Indians,Delhi Daredevils,,,5,Delhi Daredevils,field,KD Karthik,BF Bowden,K Hariharan,,
336026,2007/08,2008/05/19,M Chinnaswamy Stadium,Bangalore,Royal Challengers Bangalore,Delhi Daredevils,Delhi Daredevils,,,5,Delhi Daredevils,field,SP Goswami,SJ Davis,GA Pratapkumar,,
336034,2007/08,2008/05/03,M Chinnaswamy Stadium,Bangalore,Royal Challengers Bangalore,Deccan Chargers,Royal Challengers Bangalore,,3,,Deccan Chargers,field,P Kumar,BR Doctrove,SL Shastri,,
336033,2007/08,2008/05/24,"MA Chidambaram Stadium, Chepauk",Chennai,Chennai Super Kings,Rajasthan Royals,Rajasthan Royals,,10,,Rajasthan Royals,bat,JA Morkel,DJ Harper,SL Shastri,,
336035,2007/08,2008/05/25,Eden Gardens,Kolkata,Kolkata Knight Riders,Kings XI Punjab,Kolkata Knight Riders,,,3,Kings XI Punjab,bat,Umar Gul,SJ Davis,I Shivram,,
336028,2007/08,2008/05/21,Wankhede Stadium,Mumbai,Mumbai Indians,Kings XI Punjab,Kings XI Punjab,,1,,Mumbai Indians,field,SE Marsh,BF Bowden,GA Pratapkumar,,
336036,2007/08,2008/05/26,Sawai Mansingh Stadium,Jaipur,Rajasthan Royals,Mumbai Indians,Rajasthan Royals,,,5,Rajasthan Royals,field,Sohail Tanvir,BF Bowden,K Hariharan,,
336038,2007/08,2008/05/30,Wankhede Stadium,Mumbai,Delhi Daredevils,Rajasthan Royals,Rajasthan Royals,,105,,Delhi Daredevils,field,SR Watson,BF Bowden,RE Koertzen,,
336037,2007/08,2008/05/27,"Rajiv Gandhi International Stadium, Uppal",Hyderabad,Deccan Chargers,Chennai Super Kings,Chennai Super Kings,,,7,Deccan Chargers,bat,SK Raina,BG Jerling,AM Saheba,,
336039,2007/08,2008/05/31,Wankhede Stadium,Mumbai,Chennai Super Kings,Kings XI Punjab,Chennai Super Kings,,,9,Kings XI Punjab,bat,M Ntini,Asad Rauf,DJ Harper,,
336040,2007/08,2008/06/01,Dr DY Patil Sports Academy,Mumbai,Chennai Super Kings,Rajasthan Royals,Rajasthan Royals,,,3,Rajasthan Royals,field,YK Pathan,BF Bowden,RE Koertzen,,
392183,2009,2009/04/19,Newlands,Cape Town,Delhi Daredevils,Kings XI Punjab,Delhi Daredevils,,,10,Delhi Daredevils,field,DL Vettori,MR Benson,SD Ranade,,
392181,2009,2009/04/18,Newlands,Cape Town,Chennai Super Kings,Mumbai Indians,Mumbai Indians,,19,,Chennai Super Kings,field,SR Tendulkar,BR Doctrove,K Hariharan,,
392184,2009,2009/04/19,Newlands,Cape Town,Deccan Chargers,Kolkata Knight Riders,Deccan Chargers,,,8,Kolkata Knight Riders,bat,RP Singh,MR Benson,BR Doctrove,,
392182,2009,2009/04/18,Newlands,Cape Town,Royal Challengers Bangalore,Rajasthan Royals,Royal Challengers Bangalore,,75,,Royal Challengers Bangalore,bat,R Dravid,BR Doctrove,RB Tiffin,,
392186,2009,2009/04/21,Kingsmead,Durban,Kings XI Punjab,Kolkata Knight Riders,Kolkata Knight Riders,,11,,Kolkata Knight Riders,field,CH Gayle,DJ Harper,SD Ranade,,
392185,2009,2009/04/20,St George's Park,Port Elizabeth,Royal Challengers Bangalore,Chennai Super Kings,Chennai Super Kings,,92,,Chennai Super Kings,bat,M Muralitharan,BG Jerling,SJA Taufel,,
392188,2009,2009/04/22,Newlands,Cape Town,Royal Challengers Bangalore,Deccan Chargers,Deccan Chargers,,24,,Deccan Chargers,bat,AC Gilchrist,M Erasmus,AM Saheba,,
392189,2009,2009/04/23,Kingsmead,Durban,Chennai Super Kings,Delhi Daredevils,Delhi Daredevils,,9,,Delhi Daredevils,bat,AB de Villiers,BR Doctrove,SJA Taufel,,
392190,2009,2009/04/23,Newlands,Cape Town,Kolkata Knight Riders,Rajasthan Royals,Tie,tie,,,Kolkata Knight Riders,field,YK Pathan,MR Benson,M Erasmus,,
392191,2009,2009/04/24,Kingsmead,Durban,Royal Challengers Bangalore,Kings XI Punjab,Kings XI Punjab,,,7,Royal Challengers Bangalore,bat,RS Bopara,BR Doctrove,TH Wijewardene,,
392192,2009,2009/04/25,Kingsmead,Durban,Deccan Chargers,Mumbai Indians,Deccan Chargers,,12,,Deccan Chargers,bat,PP Ojha,HDPK Dharmasena,SJA Taufel,,
392194,2009,2009/04/26,St George's Park,Port Elizabeth,Royal Challengers Bangalore,Delhi Daredevils,Delhi Daredevils,,,6,Royal Challengers Bangalore,bat,TM Dilshan,S Asnani,BG Jerling,,
392195,2009,2009/04/26,Newlands,Cape Town,Kings XI Punjab,Rajasthan Royals,Kings XI Punjab,,27,,Kings XI Punjab,bat,KC Sangakkara,M Erasmus,K Hariharan,,
392196,2009,2009/04/27,Kingsmead,Durban,Chennai Super Kings,Deccan Chargers,Deccan Chargers,,,6,Deccan Chargers,field,HH Gibbs,IL Howell,TH Wijewardene,,
392197,2009,2009/04/27,St George's Park,Port Elizabeth,Kolkata Knight Riders,Mumbai Indians,Mumbai Indians,,92,,Mumbai Indians,bat,SR Tendulkar,BG Jerling,RB Tiffin,,
392198,2009,2009/04/28,SuperSport Park,Centurion,Delhi Daredevils,Rajasthan Royals,Rajasthan Royals,,,5,Delhi Daredevils,bat,YK Pathan,GAV Baxter,RE Koertzen,,
392199,2009,2009/04/29,Kingsmead,Durban,Royal Challengers Bangalore,Kolkata Knight Riders,Royal Challengers Bangalore,,,5,Kolkata Knight Riders,bat,MV Boucher,MR Benson,TH Wijewardene,,
392200,2009,2009/04/29,Kingsmead,Durban,Kings XI Punjab,Mumbai Indians,Kings XI Punjab,,3,,Kings XI Punjab,bat,KC Sangakkara,MR Benson,SL Shastri,,
392202,2009,2009/04/30,SuperSport Park,Centurion,Chennai Super Kings,Rajasthan Royals,Chennai Super Kings,,38,,Rajasthan Royals,field,SK Raina,GAV Baxter,RE Koertzen,,
392201,2009,2009/04/30,SuperSport Park,Centurion,Deccan Chargers,Delhi Daredevils,Delhi Daredevils,,,6,Delhi Daredevils,field,DP Nannes,GAV Baxter,AM Saheba,,
392203,2009,2009/05/01,Buffalo Park,East London,Kolkata Knight Riders,Mumbai Indians,Mumbai Indians,,9,,Mumbai Indians,bat,JP Duminy,M Erasmus,SK Tarapore,,
392205,2009,2009/05/02,St George's Park,Port Elizabeth,Deccan Chargers,Rajasthan Royals,Rajasthan Royals,,,3,Deccan Chargers,bat,YK Pathan,S Asnani,BG Jerling,,
392204,2009,2009/05/01,Kingsmead,Durban,Royal Challengers Bangalore,Kings XI Punjab,Royal Challengers Bangalore,,8,,Royal Challengers Bangalore,bat,Yuvraj Singh,HDPK Dharmasena,S Ravi,,
392206,2009,2009/05/02,New Wanderers Stadium,Johannesburg,Chennai Super Kings,Delhi Daredevils,Chennai Super Kings,,18,,Delhi Daredevils,field,SB Jakati,DJ Harper,RE Koertzen,,
392209,2009,2009/05/04,Buffalo Park,East London,Chennai Super Kings,Deccan Chargers,Chennai Super Kings,,78,,Chennai Super Kings,bat,MS Dhoni,BR Doctrove,M Erasmus,,
392208,2009,2009/05/03,New Wanderers Stadium,Johannesburg,Royal Challengers Bangalore,Mumbai Indians,Royal Challengers Bangalore,,,9,Mumbai Indians,bat,JH Kallis,RE Koertzen,TH Wijewardene,,
392207,2009,2009/05/03,St George's Park,Port Elizabeth,Kings XI Punjab,Kolkata Knight Riders,Kings XI Punjab,,,6,Kolkata Knight Riders,bat,DPMD Jayawardene,S Asnani,MR Benson,,
392210,2009,2009/05/05,Kingsmead,Durban,Kings XI Punjab,Rajasthan Royals,Rajasthan Royals,,78,,Kings XI Punjab,field,GC Smith,SS Hazare,IL Howell,,
392211,2009,2009/05/05,Kingsmead,Durban,Delhi Daredevils,Kolkata Knight Riders,Delhi Daredevils,,,9,Kolkata Knight Riders,bat,G Gambhir,GAV Baxter,IL Howell,,
392212,2009,2009/05/06,SuperSport Park,Centurion,Deccan Chargers,Mumbai Indians,Deccan Chargers,,19,,Deccan Chargers,bat,RG Sharma,MR Benson,HDPK Dharmasena,,
392213,2009,2009/05/07,SuperSport Park,Centurion,Royal Challengers Bangalore,Rajasthan Royals,Rajasthan Royals,,,7,Rajasthan Royals,field,A Singh,K Hariharan,DJ Harper,,
392214,2009,2009/05/07,SuperSport Park,Centurion,Chennai Super Kings,Kings XI Punjab,Chennai Super Kings,,12,,Chennai Super Kings,bat,ML Hayden,DJ Harper,TH Wijewardene,,
392215,2009,2009/05/08,Buffalo Park,East London,Delhi Daredevils,Mumbai Indians,Delhi Daredevils,,,7,Mumbai Indians,bat,A Nehra,M Erasmus,SK Tarapore,,
392216,2009,2009/05/09,De Beers Diamond Oval,Kimberley,Deccan Chargers,Kings XI Punjab,Kings XI Punjab,,,3,Kings XI Punjab,field,DPMD Jayawardene,GAV Baxter,AM Saheba,,
392217,2009,2009/05/09,De Beers Diamond Oval,Kimberley,Chennai Super Kings,Rajasthan Royals,Chennai Super Kings,,,7,Rajasthan Royals,bat,S Badrinath,GAV Baxter,HDPK Dharmasena,,
392218,2009,2009/05/10,St George's Park,Port Elizabeth,Royal Challengers Bangalore,Mumbai Indians,Mumbai Indians,,16,,Mumbai Indians,bat,JP Duminy,BR Doctrove,BG Jerling,,
392221,2009,2009/05/12,SuperSport Park,Centurion,Royal Challengers Bangalore,Kolkata Knight Riders,Royal Challengers Bangalore,,,6,Royal Challengers Bangalore,field,LRPL Taylor,M Erasmus,SS Hazare,,
392219,2009,2009/05/10,New Wanderers Stadium,Johannesburg,Delhi Daredevils,Kolkata Knight Riders,Delhi Daredevils,,,7,Delhi Daredevils,field,A Mishra,SL Shastri,RB Tiffin,,
392220,2009,2009/05/11,De Beers Diamond Oval,Kimberley,Deccan Chargers,Rajasthan Royals,Deccan Chargers,,53,,Deccan Chargers,bat,DR Smith,GAV Baxter,HDPK Dharmasena,,
392223,2009,2009/05/13,Kingsmead,Durban,Deccan Chargers,Delhi Daredevils,Delhi Daredevils,,12,,Deccan Chargers,field,R Bhatia,DJ Harper,SL Shastri,,
392222,2009,2009/05/12,SuperSport Park,Centurion,Kings XI Punjab,Mumbai Indians,Mumbai Indians,,,8,Kings XI Punjab,bat,Harbhajan Singh,SS Hazare,RE Koertzen,,
392224,2009,2009/05/14,Kingsmead,Durban,Royal Challengers Bangalore,Chennai Super Kings,Royal Challengers Bangalore,,,2,Chennai Super Kings,bat,LRPL Taylor,BR Doctrove,DJ Harper,,
392228,2009,2009/05/16,New Wanderers Stadium,Johannesburg,Deccan Chargers,Kolkata Knight Riders,Deccan Chargers,,,6,Deccan Chargers,field,RG Sharma,RE Koertzen,S Ravi,,
392227,2009,2009/05/16,St George's Park,Port Elizabeth,Chennai Super Kings,Mumbai Indians,Chennai Super Kings,,,7,Mumbai Indians,bat,ML Hayden,SK Tarapore,SJA Taufel,,
392226,2009,2009/05/15,OUTsurance Oval,Bloemfontein,Delhi Daredevils,Kings XI Punjab,Kings XI Punjab,,,6,Kings XI Punjab,field,B Lee,HDPK Dharmasena,IL Howell,,
392229,2009,2009/05/17,New Wanderers Stadium,Johannesburg,Deccan Chargers,Kings XI Punjab,Kings XI Punjab,,1,,Deccan Chargers,field,Yuvraj Singh,S Ravi,RB Tiffin,,
392230,2009,2009/05/17,OUTsurance Oval,Bloemfontein,Delhi Daredevils,Rajasthan Royals,Delhi Daredevils,,14,,Delhi Daredevils,bat,AB de Villiers,SS Hazare,IL Howell,,
392225,2009,2009/05/14,Kingsmead,Durban,Mumbai Indians,Rajasthan Royals,Rajasthan Royals,,2,,Rajasthan Royals,bat,SK Warne,BR Doctrove,DJ Harper,,
392231,2009,2009/05/18,SuperSport Park,Centurion,Chennai Super Kings,Kolkata Knight Riders,Kolkata Knight Riders,,,7,Chennai Super Kings,bat,BJ Hodge,SJA Taufel,RB Tiffin,,
392232,2009,2009/05/19,New Wanderers Stadium,Johannesburg,Royal Challengers Bangalore,Delhi Daredevils,Royal Challengers Bangalore,,,7,Delhi Daredevils,bat,JH Kallis,IL Howell,RB Tiffin,,
392233,2009,2009/05/20,Kingsmead,Durban,Kolkata Knight Riders,Rajasthan Royals,Kolkata Knight Riders,,,4,Kolkata Knight Riders,field,LR Shukla,BG Jerling,SJA Taufel,,
392234,2009,2009/05/20,Kingsmead,Durban,Chennai Super Kings,Kings XI Punjab,Chennai Super Kings,,24,,Chennai Super Kings,bat,M Muralitharan,BG Jerling,SJA Taufel,,
392235,2009,2009/05/21,SuperSport Park,Centurion,Delhi Daredevils,Mumbai Indians,Delhi Daredevils,,,4,Delhi Daredevils,field,V Sehwag,IL Howell,S Ravi,,
392237,2009,2009/05/22,SuperSport Park,Centurion,Delhi Daredevils,Deccan Chargers,Deccan Chargers,,,6,Deccan Chargers,field,AC Gilchrist,BR Doctrove,DJ Harper,,
392236,2009,2009/05/21,SuperSport Park,Centurion,Royal Challengers Bangalore,Deccan Chargers,Royal Challengers Bangalore,,12,,Royal Challengers Bangalore,bat,MK Pandey,IL Howell,S Ravi,,
392239,2009,2009/05/24,New Wanderers Stadium,Johannesburg,Royal Challengers Bangalore,Deccan Chargers,Deccan Chargers,,6,,Royal Challengers Bangalore,field,A Kumble,RE Koertzen,SJA Taufel,,
419106,2009/10,2010/03/12,Dr DY Patil Sports Academy,Mumbai,Deccan Chargers,Kolkata Knight Riders,Kolkata Knight Riders,,11,,Deccan Chargers,field,AD Mathews,RE Koertzen,RB Tiffin,,
419107,2009/10,2010/03/13,Brabourne Stadium,Mumbai,Mumbai Indians,Rajasthan Royals,Mumbai Indians,,4,,Mumbai Indians,bat,YK Pathan,RE Koertzen,RB Tiffin,,
392238,2009,2009/05/23,New Wanderers Stadium,Johannesburg,Royal Challengers Bangalore,Chennai Super Kings,Royal Challengers Bangalore,,,6,Royal Challengers Bangalore,field,MK Pandey,RE Koertzen,SJA Taufel,,
419109,2009/10,2010/03/14,Eden Gardens,Kolkata,Kolkata Knight Riders,Royal Challengers Bangalore,Kolkata Knight Riders,,,7,Kolkata Knight Riders,field,MK Tiwary,HDPK Dharmasena,AM Saheba,,
419108,2009/10,2010/03/13,"Punjab Cricket Association Stadium, Mohali",Chandigarh,Kings XI Punjab,Delhi Daredevils,Delhi Daredevils,,,5,Delhi Daredevils,field,G Gambhir,BR Doctrove,S Ravi,,
419111,2009/10,2010/03/15,"Sardar Patel Stadium, Motera",Ahmedabad,Rajasthan Royals,Delhi Daredevils,Delhi Daredevils,,,6,Delhi Daredevils,field,V Sehwag,BG Jerling,RE Koertzen,,
419110,2009/10,2010/03/14,"MA Chidambaram Stadium, Chepauk",Chennai,Chennai Super Kings,Deccan Chargers,Deccan Chargers,,31,,Deccan Chargers,bat,WPUJC Vaas,K Hariharan,DJ Harper,,
419112,2009/10,2010/03/16,M Chinnaswamy Stadium,Bangalore,Royal Challengers Bangalore,Kings XI Punjab,Royal Challengers Bangalore,,,8,Kings XI Punjab,bat,JH Kallis,S Das,DJ Harper,,
419114,2009/10,2010/03/17,Feroz Shah Kotla,Delhi,Delhi Daredevils,Mumbai Indians,Mumbai Indians,,98,,Delhi Daredevils,field,SR Tendulkar,BR Doctrove,SK Tarapore,,
419115,2009/10,2010/03/18,M Chinnaswamy Stadium,Bangalore,Royal Challengers Bangalore,Rajasthan Royals,Royal Challengers Bangalore,,,10,Royal Challengers Bangalore,field,JH Kallis,K Hariharan,DJ Harper,,
419113,2009/10,2010/03/16,Eden Gardens,Kolkata,Kolkata Knight Riders,Chennai Super Kings,Chennai Super Kings,,55,,Chennai Super Kings,bat,MS Dhoni,HDPK Dharmasena,AM Saheba,,
419117,2009/10,2010/03/19,Barabati Stadium,Cuttack,Deccan Chargers,Kings XI Punjab,Deccan Chargers,,6,,Kings XI Punjab,field,A Symonds,BF Bowden,M Erasmus,,
419118,2009/10,2010/03/20,"Sardar Patel Stadium, Motera",Ahmedabad,Rajasthan Royals,Kolkata Knight Riders,Rajasthan Royals,,34,,Rajasthan Royals,bat,AA Jhunjhunwala,RE Koertzen,RB Tiffin,,
419116,2009/10,2010/03/19,Feroz Shah Kotla,Delhi,Delhi Daredevils,Chennai Super Kings,Chennai Super Kings,,,5,Delhi Daredevils,bat,ML Hayden,BR Doctrove,SK Tarapore,,
419119,2009/10,2010/03/20,Brabourne Stadium,Mumbai,Mumbai Indians,Royal Challengers Bangalore,Royal Challengers Bangalore,,,7,Mumbai Indians,bat,JH Kallis,HDPK Dharmasena,SS Hazare,,
419120,2009/10,2010/03/21,Barabati Stadium,Cuttack,Deccan Chargers,Delhi Daredevils,Deccan Chargers,,10,,Deccan Chargers,bat,A Symonds,BF Bowden,M Erasmus,,
419121,2009/10,2010/03/21,"MA Chidambaram Stadium, Chepauk",Chennai,Chennai Super Kings,Kings XI Punjab,Tie,tie,,,Chennai Super Kings,field,J Theron,K Hariharan,DJ Harper,,
419122,2009/10,2010/03/22,Brabourne Stadium,Mumbai,Mumbai Indians,Kolkata Knight Riders,Mumbai Indians,,,7,Kolkata Knight Riders,bat,SR Tendulkar,SS Hazare,SJA Taufel,,
419123,2009/10,2010/03/23,M Chinnaswamy Stadium,Bangalore,Royal Challengers Bangalore,Chennai Super Kings,Royal Challengers Bangalore,,36,,Chennai Super Kings,field,RV Uthappa,RE Koertzen,RB Tiffin,,
419125,2009/10,2010/03/25,"Brabourne Stadium, Mumbai",Mumbai,Chennai Super Kings,Mumbai Indians,Mumbai Indians,,,5,Mumbai Indians,field,SR Tendulkar,AM Saheba,BF Bowden,,
419124,2009/10,2010/03/24,"Punjab Cricket Association Stadium, Mohali",Chandigarh,Kings XI Punjab,Rajasthan Royals,Rajasthan Royals,,31,,Kings XI Punjab,field,AC Voges,BR Doctrove,SK Tarapore,,
419127,2009/10,2010/03/27,"Punjab Cricket Association Stadium, Mohali",Chandigarh,Kings XI Punjab,Kolkata Knight Riders,Kolkata Knight Riders,,39,,Kolkata Knight Riders,bat,MK Tiwary,BR Doctrove,S Ravi,,
419129,2009/10,2010/03/28,"Sardar Patel Stadium, Motera",Ahmedabad,Rajasthan Royals,Chennai Super Kings,Rajasthan Royals,,17,,Rajasthan Royals,bat,NV Ojha,SS Hazare,SJA Taufel,,
419126,2009/10,2010/03/26,"Sardar Patel Stadium, Motera",Ahmedabad,Rajasthan Royals,Deccan Chargers,Rajasthan Royals,,,8,Deccan Chargers,bat,YK Pathan,HDPK Dharmasena,SJA Taufel,,
419132,2009/10,2010/03/30,Brabourne Stadium,Mumbai,Mumbai Indians,Kings XI Punjab,Mumbai Indians,,,4,Mumbai Indians,field,SL Malinga,BR Doctrove,SK Tarapore,,
419128,2009/10,2010/03/25,M Chinnaswamy Stadium,Bangalore,Royal Challengers Bangalore,Delhi Daredevils,Delhi Daredevils,,17,,Royal Challengers Bangalore,field,KM Jadhav,BG Jerling,RE Koertzen,,
419130,2009/10,2010/03/28,Dr DY Patil Sports Academy,Mumbai,Deccan Chargers,Mumbai Indians,Mumbai Indians,,41,,Deccan Chargers,field,Harbhajan Singh,S Das,K Hariharan,,
419133,2009/10,2010/03/31,"MA Chidambaram Stadium, Chepauk",Chennai,Chennai Super Kings,Royal Challengers Bangalore,Chennai Super Kings,,,5,Royal Challengers Bangalore,bat,M Vijay,BG Jerling,RE Koertzen,,
419134,2009/10,2010/03/31,Feroz Shah Kotla,Delhi,Delhi Daredevils,Rajasthan Royals,Delhi Daredevils,,67,,Delhi Daredevils,bat,KD Karthik,HDPK Dharmasena,SJA Taufel,,
419135,2009/10,2010/04/01,Eden Gardens,Kolkata,Kolkata Knight Riders,Deccan Chargers,Kolkata Knight Riders,,24,,Kolkata Knight Riders,bat,SC Ganguly,K Hariharan,DJ Harper,,
419131,2009/10,2010/03/29,Feroz Shah Kotla,Delhi,Delhi Daredevils,Kolkata Knight Riders,Delhi Daredevils,,40,,Delhi Daredevils,bat,DA Warner,SS Hazare,SJA Taufel,,
419137,2009/10,2010/04/03,"MA Chidambaram Stadium, Chepauk",Chennai,Chennai Super Kings,Rajasthan Royals,Chennai Super Kings,,23,,Chennai Super Kings,bat,M Vijay,RE Koertzen,RB Tiffin,,
419136,2009/10,2010/04/02,"Punjab Cricket Association Stadium, Mohali",Chandigarh,Kings XI Punjab,Royal Challengers Bangalore,Royal Challengers Bangalore,,,6,Kings XI Punjab,bat,KP Pietersen,BF Bowden,M Erasmus,,
419138,2009/10,2010/04/03,Brabourne Stadium,Mumbai,Mumbai Indians,Deccan Chargers,Mumbai Indians,,63,,Mumbai Indians,bat,AT Rayudu,BR Doctrove,S Ravi,,
419139,2009/10,2010/04/04,Eden Gardens,Kolkata,Kolkata Knight Riders,Kings XI Punjab,Kings XI Punjab,,,8,Kolkata Knight Riders,bat,DPMD Jayawardene,S Asnani,DJ Harper,,
419141,2009/10,2010/04/05,"Vidarbha Cricket Association Stadium, Jamtha",Nagpur,Deccan Chargers,Rajasthan Royals,Rajasthan Royals,,2,,Rajasthan Royals,bat,SK Warne,HDPK Dharmasena,SJA Taufel,,
419140,2009/10,2010/04/04,Feroz Shah Kotla,Delhi,Delhi Daredevils,Royal Challengers Bangalore,Delhi Daredevils,,37,,Delhi Daredevils,bat,PD Collingwood,BF Bowden,M Erasmus,,
419142,2009/10,2010/04/06,"MA Chidambaram Stadium, Chepauk",Chennai,Chennai Super Kings,Mumbai Indians,Chennai Super Kings,,24,,Chennai Super Kings,bat,SK Raina,S Asnani,DJ Harper,,
419144,2009/10,2010/04/07,Eden Gardens,Kolkata,Kolkata Knight Riders,Delhi Daredevils,Kolkata Knight Riders,,14,,Kolkata Knight Riders,bat,SC Ganguly,BG Jerling,RE Koertzen,,
419145,2009/10,2010/04/08,M Chinnaswamy Stadium,Bangalore,Royal Challengers Bangalore,Deccan Chargers,Deccan Chargers,,,7,Deccan Chargers,field,TL Suman,S Asnani,DJ Harper,,
419143,2009/10,2010/04/07,Sawai Mansingh Stadium,Jaipur,Rajasthan Royals,Kings XI Punjab,Rajasthan Royals,,,9,Kings XI Punjab,bat,MJ Lumb,S Ravi,SK Tarapore,,
419147,2009/10,2010/04/10,"Vidarbha Cricket Association Stadium, Jamtha",Nagpur,Deccan Chargers,Chennai Super Kings,Deccan Chargers,,,6,Chennai Super Kings,bat,RJ Harris,HDPK Dharmasena,SJA Taufel,,
419146,2009/10,2010/04/09,"Punjab Cricket Association Stadium, Mohali",Chandigarh,Kings XI Punjab,Mumbai Indians,Kings XI Punjab,,,6,Mumbai Indians,bat,KC Sangakkara,M Erasmus,AM Saheba,,
419148,2009/10,2010/04/10,M Chinnaswamy Stadium,Bangalore,Royal Challengers Bangalore,Kolkata Knight Riders,Royal Challengers Bangalore,,,7,Royal Challengers Bangalore,field,R Vinay Kumar,K Hariharan,DJ Harper,,
419149,2009/10,2010/04/11,Feroz Shah Kotla,Delhi,Delhi Daredevils,Kings XI Punjab,Kings XI Punjab,,,7,Delhi Daredevils,bat,PP Chawla,BF Bowden,AM Saheba,,
419151,2009/10,2010/04/12,"Vidarbha Cricket Association Stadium, Jamtha",Nagpur,Deccan Chargers,Royal Challengers Bangalore,Deccan Chargers,,13,,Royal Challengers Bangalore,field,Harmeet Singh,RE Koertzen,RB Tiffin,,
419150,2009/10,2010/04/11,Sawai Mansingh Stadium,Jaipur,Rajasthan Royals,Mumbai Indians,Mumbai Indians,,37,,Rajasthan Royals,field,SR Tendulkar,BR Doctrove,SK Tarapore,,
419152,2009/10,2010/04/13,Brabourne Stadium,Mumbai,Mumbai Indians,Delhi Daredevils,Mumbai Indians,,39,,Mumbai Indians,bat,KA Pollard,S Asnani,DJ Harper,,
419153,2009/10,2010/04/13,"MA Chidambaram Stadium, Chepauk",Chennai,Chennai Super Kings,Kolkata Knight Riders,Chennai Super Kings,,,9,Kolkata Knight Riders,bat,R Ashwin,SS Hazare,SJA Taufel,,
419154,2009/10,2010/04/14,Sawai Mansingh Stadium,Jaipur,Rajasthan Royals,Royal Challengers Bangalore,Royal Challengers Bangalore,,,5,Rajasthan Royals,bat,KP Pietersen,BR Doctrove,S Ravi,,
419155,2009/10,2010/04/15,"MA Chidambaram Stadium, Chepauk",Chennai,Chennai Super Kings,Delhi Daredevils,Delhi Daredevils,,,6,Chennai Super Kings,bat,G Gambhir,HDPK Dharmasena,SS Hazare,,
419156,2009/10,2010/04/16,Himachal Pradesh Cricket Association Stadium,Dharamsala,Kings XI Punjab,Deccan Chargers,Deccan Chargers,,,5,Deccan Chargers,field,RG Sharma,M Erasmus,AM Saheba,,
419157,2009/10,2010/04/17,M Chinnaswamy Stadium,Bangalore,Royal Challengers Bangalore,Mumbai Indians,Mumbai Indians,,57,,Royal Challengers Bangalore,field,R McLaren,HDPK Dharmasena,SJA Taufel,,
419158,2009/10,2010/04/17,Eden Gardens,Kolkata,Kolkata Knight Riders,Rajasthan Royals,Kolkata Knight Riders,,,8,Rajasthan Royals,bat,JD Unadkat,BG Jerling,RB Tiffin,,
419161,2009/10,2010/04/19,Eden Gardens,Kolkata,Kolkata Knight Riders,Mumbai Indians,Kolkata Knight Riders,,,9,Mumbai Indians,bat,M Kartik,BG Jerling,RE Koertzen,,
419160,2009/10,2010/04/18,Feroz Shah Kotla,Delhi,Delhi Daredevils,Deccan Chargers,Deccan Chargers,,11,,Deccan Chargers,bat,A Symonds,BR Doctrove,SK Tarapore,,
419159,2009/10,2010/04/18,Himachal Pradesh Cricket Association Stadium,Dharamsala,Kings XI Punjab,Chennai Super Kings,Chennai Super Kings,,,6,Chennai Super Kings,field,MS Dhoni,BF Bowden,AM Saheba,,
419162,2009/10,2010/04/21,Dr DY Patil Sports Academy,Mumbai,Royal Challengers Bangalore,Mumbai Indians,Mumbai Indians,,35,,Mumbai Indians,bat,KA Pollard,BR Doctrove,RB Tiffin,,
419163,2009/10,2010/04/22,Dr DY Patil Sports Academy,Mumbai,Chennai Super Kings,Deccan Chargers,Chennai Super Kings,,38,,Chennai Super Kings,bat,DE Bollinger,BR Doctrove,RB Tiffin,,
419164,2009/10,2010/04/24,Dr DY Patil Sports Academy,Mumbai,Royal Challengers Bangalore,Deccan Chargers,Royal Challengers Bangalore,,,9,Deccan Chargers,bat,A Kumble,RE Koertzen,SJA Taufel,,
501199,2011,2011/04/09,"Rajiv Gandhi International Stadium, Uppal",Hyderabad,Deccan Chargers,Rajasthan Royals,Rajasthan Royals,,,8,Rajasthan Royals,field,SK Trivedi,RE Koertzen,SK Tarapore,,
419165,2009/10,2010/04/25,Dr DY Patil Sports Academy,Mumbai,Chennai Super Kings,Mumbai Indians,Chennai Super Kings,,22,,Chennai Super Kings,bat,SK Raina,RE Koertzen,SJA Taufel,,
501200,2011,2011/04/09,Nehru Stadium,Kochi,Kochi Tuskers Kerala,Royal Challengers Bangalore,Royal Challengers Bangalore,,,6,Kochi Tuskers Kerala,bat,AB de Villiers,HDPK Dharmasena,K Hariharan,,
501198,2011,2011/04/08,"MA Chidambaram Stadium, Chepauk",Chennai,Chennai Super Kings,Kolkata Knight Riders,Chennai Super Kings,,2,,Chennai Super Kings,bat,S Anirudha,BR Doctrove,PR Reiffel,,
501201,2011,2011/04/10,Feroz Shah Kotla,Delhi,Delhi Daredevils,Mumbai Indians,Mumbai Indians,,,8,Delhi Daredevils,bat,SL Malinga,AM Saheba,RB Tiffin,,
501202,2011,2011/04/10,Dr DY Patil Sports Academy,Mumbai,Pune Warriors,Kings XI Punjab,Pune Warriors,,,7,Kings XI Punjab,bat,SB Wagh,BR Doctrove,PR Reiffel,,
501203,2011,2011/04/11,Eden Gardens,Kolkata,Kolkata Knight Riders,Deccan Chargers,Kolkata Knight Riders,,9,,Kolkata Knight Riders,bat,JH Kallis,RE Koertzen,SK Tarapore,,
501204,2011,2011/04/12,Sawai Mansingh Stadium,Jaipur,Rajasthan Royals,Delhi Daredevils,Rajasthan Royals,,,6,Delhi Daredevils,bat,SK Warne,Aleem Dar,RB Tiffin,,
501207,2011,2011/04/13,Dr DY Patil Sports Academy,Mumbai,Pune Warriors,Kochi Tuskers Kerala,Pune Warriors,,,4,Kochi Tuskers Kerala,bat,MD Mishra,S Asnani,PR Reiffel,,
501205,2011,2011/04/12,M Chinnaswamy Stadium,Bangalore,Royal Challengers Bangalore,Mumbai Indians,Mumbai Indians,,,9,Mumbai Indians,field,SR Tendulkar,HDPK Dharmasena,AL Hill,,
501209,2011,2011/04/15,Sawai Mansingh Stadium,Jaipur,Rajasthan Royals,Kolkata Knight Riders,Kolkata Knight Riders,,,9,Kolkata Knight Riders,field,G Gambhir,Aleem Dar,SS Hazare,,
501206,2011,2011/04/13,"Punjab Cricket Association Stadium, Mohali",Chandigarh,Kings XI Punjab,Chennai Super Kings,Kings XI Punjab,,,6,Kings XI Punjab,field,PC Valthaty,Asad Rauf,SL Shastri,,
501210,2011,2011/04/15,Wankhede Stadium,Mumbai,Mumbai Indians,Kochi Tuskers Kerala,Kochi Tuskers Kerala,,,8,Kochi Tuskers Kerala,field,BB McCullum,BR Doctrove,PR Reiffel,,
501208,2011,2011/04/14,"Rajiv Gandhi International Stadium, Uppal",Hyderabad,Deccan Chargers,Royal Challengers Bangalore,Deccan Chargers,,33,,Royal Challengers Bangalore,field,DW Steyn,RE Koertzen,S Ravi,,
501213,2011,2011/04/17,Dr DY Patil Sports Academy,Mumbai,Pune Warriors,Delhi Daredevils,Delhi Daredevils,,,3,Delhi Daredevils,field,Yuvraj Singh,Asad Rauf,AM Saheba,,
501211,2011,2011/04/16,"MA Chidambaram Stadium, Chepauk",Chennai,Chennai Super Kings,Royal Challengers Bangalore,Chennai Super Kings,,21,,Chennai Super Kings,bat,MEK Hussey,HDPK Dharmasena,AL Hill,,
501212,2011,2011/04/16,"Rajiv Gandhi International Stadium, Uppal",Hyderabad,Deccan Chargers,Kings XI Punjab,Kings XI Punjab,,,8,Kings XI Punjab,field,PC Valthaty,RE Koertzen,S Ravi,,
501214,2011,2011/04/17,Eden Gardens,Kolkata,Kolkata Knight Riders,Rajasthan Royals,Kolkata Knight Riders,,,8,Kolkata Knight Riders,field,L Balaji,Aleem Dar,RB Tiffin,,
501216,2011,2011/04/19,Feroz Shah Kotla,Delhi,Delhi Daredevils,Deccan Chargers,Deccan Chargers,,16,,Deccan Chargers,bat,S Sohal,PR Reiffel,RJ Tucker,,
501215,2011,2011/04/18,Nehru Stadium,Kochi,Kochi Tuskers Kerala,Chennai Super Kings,Kochi Tuskers Kerala,,,7,Kochi Tuskers Kerala,field,BB McCullum,K Hariharan,AL Hill,,
501218,2011,2011/04/20,Wankhede Stadium,Mumbai,Mumbai Indians,Pune Warriors,Mumbai Indians,,,7,Pune Warriors,bat,MM Patel,Asad Rauf,AM Saheba,,
501219,2011,2011/04/20,Eden Gardens,Kolkata,Kolkata Knight Riders,Kochi Tuskers Kerala,Kochi Tuskers Kerala,,6,,Kolkata Knight Riders,field,DPMD Jayawardene,Aleem Dar,RB Tiffin,,
501220,2011,2011/04/21,"Punjab Cricket Association Stadium, Mohali",Chandigarh,Kings XI Punjab,Rajasthan Royals,Kings XI Punjab,,48,,Rajasthan Royals,field,SE Marsh,S Asnani,PR Reiffel,,
501223,2011,2011/04/23,Feroz Shah Kotla,Delhi,Delhi Daredevils,Kings XI Punjab,Delhi Daredevils,,29,,Kings XI Punjab,field,DA Warner,S Asnani,RE Koertzen,,
501222,2011,2011/04/22,Eden Gardens,Kolkata,Kolkata Knight Riders,Royal Challengers Bangalore,Royal Challengers Bangalore,,,9,Royal Challengers Bangalore,field,CH Gayle,SS Hazare,RB Tiffin,,
501224,2011,2011/04/24,"Rajiv Gandhi International Stadium, Uppal",Hyderabad,Deccan Chargers,Mumbai Indians,Mumbai Indians,,37,,Deccan Chargers,field,SL Malinga,HDPK Dharmasena,AL Hill,,
501221,2011,2011/04/22,Wankhede Stadium,Mumbai,Mumbai Indians,Chennai Super Kings,Mumbai Indians,,8,,Chennai Super Kings,field,Harbhajan Singh,Asad Rauf,AM Saheba,,
501225,2011,2011/04/24,Sawai Mansingh Stadium,Jaipur,Rajasthan Royals,Kochi Tuskers Kerala,Rajasthan Royals,,,8,Rajasthan Royals,field,SK Warne,BR Doctrove,SK Tarapore,,
501227,2011,2011/04/26,Feroz Shah Kotla,Delhi,Delhi Daredevils,Royal Challengers Bangalore,Royal Challengers Bangalore,,,3,Royal Challengers Bangalore,field,V Kohli,S Asnani,RJ Tucker,,
501226,2011,2011/04/25,"MA Chidambaram Stadium, Chepauk",Chennai,Chennai Super Kings,Pune Warriors,Chennai Super Kings,,25,,Pune Warriors,field,MEK Hussey,Aleem Dar,RB Tiffin,,
501228,2011,2011/04/27,Dr DY Patil Sports Academy,Mumbai,Pune Warriors,Chennai Super Kings,Chennai Super Kings,,,8,Pune Warriors,bat,DE Bollinger,Asad Rauf,SL Shastri,,
501229,2011,2011/04/27,Nehru Stadium,Kochi,Kochi Tuskers Kerala,Deccan Chargers,Deccan Chargers,,55,,Kochi Tuskers Kerala,field,I Sharma,HDPK Dharmasena,AL Hill,,
501230,2011,2011/04/28,Feroz Shah Kotla,Delhi,Delhi Daredevils,Kolkata Knight Riders,Kolkata Knight Riders,,17,,Delhi Daredevils,field,MK Tiwary,PR Reiffel,RJ Tucker,,
501231,2011,2011/04/29,Sawai Mansingh Stadium,Jaipur,Rajasthan Royals,Mumbai Indians,Rajasthan Royals,,,7,Rajasthan Royals,field,J Botha,Asad Rauf,SK Tarapore,,
501233,2011,2011/04/30,Nehru Stadium,Kochi,Kochi Tuskers Kerala,Delhi Daredevils,Delhi Daredevils,,38,,Delhi Daredevils,bat,V Sehwag,HDPK Dharmasena,AL Hill,,
501232,2011,2011/04/29,M Chinnaswamy Stadium,Bangalore,Royal Challengers Bangalore,Pune Warriors,Royal Challengers Bangalore,,26,,Pune Warriors,field,V Kohli,Aleem Dar,SS Hazare,,
501234,2011,2011/04/30,Eden Gardens,Kolkata,Kolkata Knight Riders,Kings XI Punjab,Kolkata Knight Riders,,,8,Kolkata Knight Riders,field,Iqbal Abdulla,AM Saheba,SL Shastri,,
501235,2011,2011/05/01,Sawai Mansingh Stadium,Jaipur,Rajasthan Royals,Pune Warriors,Rajasthan Royals,,,6,Rajasthan Royals,field,LRPL Taylor,SK Tarapore,SJA Taufel,,
501236,2011,2011/05/01,"MA Chidambaram Stadium, Chepauk",Chennai,Chennai Super Kings,Deccan Chargers,Chennai Super Kings,,19,,Chennai Super Kings,bat,JA Morkel,Aleem Dar,RB Tiffin,,
501237,2011,2011/05/02,Wankhede Stadium,Mumbai,Mumbai Indians,Kings XI Punjab,Mumbai Indians,,23,,Kings XI Punjab,field,KA Pollard,HDPK Dharmasena,PR Reiffel,,
501240,2011,2011/05/04,"MA Chidambaram Stadium, Chepauk",Chennai,Chennai Super Kings,Rajasthan Royals,Chennai Super Kings,,,8,Rajasthan Royals,bat,MEK Hussey,SS Hazare,RB Tiffin,,
501238,2011,2011/05/02,Feroz Shah Kotla,Delhi,Delhi Daredevils,Kochi Tuskers Kerala,Kochi Tuskers Kerala,,,7,Kochi Tuskers Kerala,field,P Parameswaran,Asad Rauf,SL Shastri,,
501239,2011,2011/05/03,"Rajiv Gandhi International Stadium, Uppal",Hyderabad,Deccan Chargers,Kolkata Knight Riders,Kolkata Knight Riders,,20,,Deccan Chargers,field,YK Pathan,S Asnani,RJ Tucker,,
501243,2011,2011/05/05,"Rajiv Gandhi International Stadium, Uppal",Hyderabad,Deccan Chargers,Delhi Daredevils,Delhi Daredevils,,,4,Delhi Daredevils,field,V Sehwag,Asad Rauf,AM Saheba,,
501245,2011,2011/05/07,Eden Gardens,Kolkata,Kolkata Knight Riders,Chennai Super Kings,Kolkata Knight Riders,,10,,Chennai Super Kings,bat,Iqbal Abdulla,Asad Rauf,PR Reiffel,,
501241,2011,2011/05/04,Dr DY Patil Sports Academy,Mumbai,Pune Warriors,Mumbai Indians,Mumbai Indians,,21,,Pune Warriors,field,R Sharma,HDPK Dharmasena,SJA Taufel,,
501242,2011,2011/05/05,Nehru Stadium,Kochi,Kochi Tuskers Kerala,Kolkata Knight Riders,Kochi Tuskers Kerala,,17,,Kolkata Knight Riders,field,BJ Hodge,S Ravi,RJ Tucker,,
501244,2011,2011/05/06,M Chinnaswamy Stadium,Bangalore,Royal Challengers Bangalore,Kings XI Punjab,Royal Challengers Bangalore,,85,,Kings XI Punjab,field,CH Gayle,Aleem Dar,RB Tiffin,,
501246,2011,2011/05/07,Wankhede Stadium,Mumbai,Mumbai Indians,Delhi Daredevils,Mumbai Indians,,32,,Delhi Daredevils,field,AT Rayudu,K Hariharan,SJA Taufel,,
501247,2011,2011/05/08,M Chinnaswamy Stadium,Bangalore,Royal Challengers Bangalore,Kochi Tuskers Kerala,Royal Challengers Bangalore,,,9,Kochi Tuskers Kerala,bat,CH Gayle,Aleem Dar,SS Hazare,,
501248,2011,2011/05/08,"Punjab Cricket Association Stadium, Mohali",Chandigarh,Kings XI Punjab,Pune Warriors,Pune Warriors,,,5,Kings XI Punjab,bat,R Sharma,SK Tarapore,RJ Tucker,,
501249,2011,2011/05/09,Sawai Mansingh Stadium,Jaipur,Rajasthan Royals,Chennai Super Kings,Chennai Super Kings,,63,,Rajasthan Royals,field,M Vijay,K Hariharan,SJA Taufel,,
501250,2011,2011/05/10,"Rajiv Gandhi International Stadium, Uppal",Hyderabad,Deccan Chargers,Pune Warriors,Pune Warriors,,,6,Deccan Chargers,bat,MR Marsh,Asad Rauf,AM Saheba,,
501251,2011,2011/05/10,"Punjab Cricket Association Stadium, Mohali",Chandigarh,Kings XI Punjab,Mumbai Indians,Kings XI Punjab,,76,,Mumbai Indians,field,BA Bhatt,SK Tarapore,RJ Tucker,,
501252,2011,2011/05/11,Sawai Mansingh Stadium,Jaipur,Rajasthan Royals,Royal Challengers Bangalore,Royal Challengers Bangalore,,,9,Royal Challengers Bangalore,field,S Aravind,HDPK Dharmasena,K Hariharan,,
501253,2011,2011/05/12,"MA Chidambaram Stadium, Chepauk",Chennai,Chennai Super Kings,Delhi Daredevils,Chennai Super Kings,,18,,Chennai Super Kings,bat,MS Dhoni,AM Saheba,SL Shastri,,
501255,2011,2011/05/14,M Chinnaswamy Stadium,Bangalore,Royal Challengers Bangalore,Kolkata Knight Riders,Royal Challengers Bangalore,,,4,Royal Challengers Bangalore,field,CH Gayle,RE Koertzen,RB Tiffin,,
501254,2011,2011/05/13,Holkar Cricket Stadium,Indore,Kochi Tuskers Kerala,Kings XI Punjab,Kings XI Punjab,,,6,Kings XI Punjab,field,KD Karthik,S Asnani,RJ Tucker,,
501256,2011,2011/05/14,Wankhede Stadium,Mumbai,Mumbai Indians,Deccan Chargers,Deccan Chargers,,10,,Deccan Chargers,bat,A Mishra,S Ravi,SK Tarapore,,
501257,2011,2011/05/15,Himachal Pradesh Cricket Association Stadium,Dharamsala,Kings XI Punjab,Delhi Daredevils,Kings XI Punjab,,29,,Delhi Daredevils,field,PP Chawla,Asad Rauf,SL Shastri,,
501258,2011,2011/05/15,Holkar Cricket Stadium,Indore,Kochi Tuskers Kerala,Rajasthan Royals,Kochi Tuskers Kerala,,,8,Kochi Tuskers Kerala,field,BJ Hodge,PR Reiffel,RJ Tucker,,
501259,2011,2011/05/16,Dr DY Patil Sports Academy,Mumbai,Pune Warriors,Deccan Chargers,Deccan Chargers,,,6,Deccan Chargers,field,A Mishra,S Ravi,SK Tarapore,,
501260,2011,2011/05/17,Himachal Pradesh Cricket Association Stadium,Dharamsala,Kings XI Punjab,Royal Challengers Bangalore,Kings XI Punjab,,111,,Kings XI Punjab,bat,AC Gilchrist,Asad Rauf,AM Saheba,,
501261,2011,2011/05/18,"MA Chidambaram Stadium, Chepauk",Chennai,Chennai Super Kings,Kochi Tuskers Kerala,Chennai Super Kings,,11,,Chennai Super Kings,bat,WP Saha,HDPK Dharmasena,RE Koertzen,,
501262,2011,2011/05/19,Dr DY Patil Sports Academy,Mumbai,Pune Warriors,Kolkata Knight Riders,Kolkata Knight Riders,,,7,Kolkata Knight Riders,field,YK Pathan,S Ravi,SJA Taufel,,
501264,2011,2011/05/21,Himachal Pradesh Cricket Association Stadium,Dharamsala,Kings XI Punjab,Deccan Chargers,Deccan Chargers,,82,,Kings XI Punjab,field,S Dhawan,Asad Rauf,AM Saheba,,
501265,2011,2011/05/21,Feroz Shah Kotla,Delhi,Delhi Daredevils,Pune Warriors,No Result,no result,,,Delhi Daredevils,bat,,SS Hazare,RJ Tucker,,
501263,2011,2011/05/20,Wankhede Stadium,Mumbai,Mumbai Indians,Rajasthan Royals,Rajasthan Royals,,,10,Mumbai Indians,bat,SR Watson,RE Koertzen,PR Reiffel,,
501266,2011,2011/05/22,M Chinnaswamy Stadium,Bangalore,Royal Challengers Bangalore,Chennai Super Kings,Royal Challengers Bangalore,,,8,Royal Challengers Bangalore,field,CH Gayle,K Hariharan,RE Koertzen,,
501267,2011,2011/05/22,Eden Gardens,Kolkata,Kolkata Knight Riders,Mumbai Indians,Mumbai Indians,,,5,Mumbai Indians,field,JEC Franklin,SK Tarapore,SJA Taufel,,
501269,2011,2011/05/25,Wankhede Stadium,Mumbai,Mumbai Indians,Kolkata Knight Riders,Mumbai Indians,,,4,Mumbai Indians,field,MM Patel,Asad Rauf,SJA Taufel,,
501268,2011,2011/05/24,Wankhede Stadium,Mumbai,Royal Challengers Bangalore,Chennai Super Kings,Chennai Super Kings,,,6,Chennai Super Kings,field,SK Raina,Asad Rauf,SJA Taufel,,
501270,2011,2011/05/27,"MA Chidambaram Stadium, Chepauk",Chennai,Royal Challengers Bangalore,Mumbai Indians,Royal Challengers Bangalore,,43,,Mumbai Indians,field,CH Gayle,Asad Rauf,SJA Taufel,,
501271,2011,2011/05/28,"MA Chidambaram Stadium, Chepauk",Chennai,Chennai Super Kings,Royal Challengers Bangalore,Chennai Super Kings,,58,,Chennai Super Kings,bat,M Vijay,Asad Rauf,SJA Taufel,,
548307,2012,2012/04/05,Eden Gardens,Kolkata,Kolkata Knight Riders,Delhi Daredevils,Delhi Daredevils,,,8,Delhi Daredevils,field,IK Pathan,S Asnani,HDPK Dharmasena,,
548306,2012,2012/04/04,"MA Chidambaram Stadium, Chepauk",Chennai,Chennai Super Kings,Mumbai Indians,Mumbai Indians,,,8,Mumbai Indians,field,RE Levi,JD Cloete,SJA Taufel,,
548308,2012,2012/04/06,Wankhede Stadium,Mumbai,Mumbai Indians,Pune Warriors,Pune Warriors,,28,,Mumbai Indians,field,SPD Smith,AK Chaudhary,SJA Taufel,,
548311,2012,2012/04/07,Dr. Y.S. Rajasekhara Reddy ACA-VDCA Cricket Stadium,Visakhapatnam,Deccan Chargers,Chennai Super Kings,Chennai Super Kings,,74,,Deccan Chargers,field,RA Jadeja,JD Cloete,HDPK Dharmasena,,
548309,2012,2012/04/06,Sawai Mansingh Stadium,Jaipur,Rajasthan Royals,Kings XI Punjab,Rajasthan Royals,,31,,Kings XI Punjab,field,AM Rahane,BF Bowden,SK Tarapore,,
548310,2012,2012/04/07,M Chinnaswamy Stadium,Bangalore,Royal Challengers Bangalore,Delhi Daredevils,Royal Challengers Bangalore,,20,,Delhi Daredevils,field,AB de Villiers,S Asnani,S Ravi,,
548313,2012,2012/04/08,Subrata Roy Sahara Stadium,Pune,Pune Warriors,Kings XI Punjab,Pune Warriors,,22,,Pune Warriors,bat,MN Samuels,S Das,SJA Taufel,,
548312,2012,2012/04/08,Sawai Mansingh Stadium,Jaipur,Rajasthan Royals,Kolkata Knight Riders,Rajasthan Royals,,22,,Kolkata Knight Riders,field,BJ Hodge,BF Bowden,VA Kulkarni,,
548314,2012,2012/04/09,Dr. Y.S. Rajasekhara Reddy ACA-VDCA Cricket Stadium,Visakhapatnam,Deccan Chargers,Mumbai Indians,Mumbai Indians,,,5,Deccan Chargers,bat,RG Sharma,AK Chaudhary,JD Cloete,,
548315,2012,2012/04/10,M Chinnaswamy Stadium,Bangalore,Royal Challengers Bangalore,Kolkata Knight Riders,Kolkata Knight Riders,,42,,Royal Challengers Bangalore,field,L Balaji,S Ravi,RJ Tucker,,
548316,2012,2012/04/10,Feroz Shah Kotla,Delhi,Delhi Daredevils,Chennai Super Kings,Delhi Daredevils,,,8,Delhi Daredevils,field,M Morkel,Asad Rauf,SK Tarapore,,
548317,2012,2012/04/11,Wankhede Stadium,Mumbai,Mumbai Indians,Rajasthan Royals,Mumbai Indians,,27,,Rajasthan Royals,field,KA Pollard,Aleem Dar,BNJ Oxenford,,
548319,2012,2012/04/12,"Punjab Cricket Association Stadium, Mohali",Chandigarh,Kings XI Punjab,Pune Warriors,Kings XI Punjab,,,7,Kings XI Punjab,field,AD Mascarenhas,VA Kulkarni,SK Tarapore,,
548320,2012,2012/04/13,Eden Gardens,Kolkata,Kolkata Knight Riders,Rajasthan Royals,Kolkata Knight Riders,,,5,Rajasthan Royals,bat,Shakib Al Hasan,Asad Rauf,S Asnani,,
548318,2012,2012/04/12,"MA Chidambaram Stadium, Chepauk",Chennai,Chennai Super Kings,Royal Challengers Bangalore,Chennai Super Kings,,,5,Royal Challengers Bangalore,bat,F du Plessis,HDPK Dharmasena,RJ Tucker,,
548321,2012,2012/04/19,Feroz Shah Kotla,Delhi,Delhi Daredevils,Deccan Chargers,Delhi Daredevils,,,5,Deccan Chargers,bat,KP Pietersen,BF Bowden,SK Tarapore,,
548323,2012,2012/04/15,Eden Gardens,Kolkata,Kolkata Knight Riders,Kings XI Punjab,Kings XI Punjab,,2,,Kolkata Knight Riders,field,SP Narine,Asad Rauf,S Asnani,,
548322,2012,2012/04/14,Subrata Roy Sahara Stadium,Pune,Pune Warriors,Chennai Super Kings,Pune Warriors,,,7,Chennai Super Kings,bat,JD Ryder,Aleem Dar,BNJ Oxenford,,
548327,2012,2012/04/17,M Chinnaswamy Stadium,Bangalore,Royal Challengers Bangalore,Pune Warriors,Royal Challengers Bangalore,,,6,Pune Warriors,bat,CH Gayle,S Asnani,S Das,,
548324,2012,2012/04/15,M Chinnaswamy Stadium,Bangalore,Royal Challengers Bangalore,Rajasthan Royals,Rajasthan Royals,,59,,Rajasthan Royals,bat,AM Rahane,JD Cloete,RJ Tucker,,
548326,2012,2012/04/17,Sawai Mansingh Stadium,Jaipur,Rajasthan Royals,Deccan Chargers,Rajasthan Royals,,,5,Deccan Chargers,bat,BJ Hodge,Aleem Dar,BNJ Oxenford,,
548325,2012,2012/04/16,Wankhede Stadium,Mumbai,Mumbai Indians,Delhi Daredevils,Delhi Daredevils,,,7,Delhi Daredevils,field,S Nadeem,BF Bowden,SK Tarapore,,
548328,2012,2012/04/18,"Punjab Cricket Association Stadium, Mohali",Chandigarh,Kings XI Punjab,Kolkata Knight Riders,Kolkata Knight Riders,,,8,Kings XI Punjab,bat,G Gambhir,JD Cloete,RJ Tucker,,
548329,2012,2012/05/10,"Rajiv Gandhi International Stadium, Uppal",Hyderabad,Deccan Chargers,Delhi Daredevils,Delhi Daredevils,,,9,Deccan Chargers,bat,DA Warner,JD Cloete,SJA Taufel,,
548330,2012,2012/04/19,"MA Chidambaram Stadium, Chepauk",Chennai,Chennai Super Kings,Pune Warriors,Chennai Super Kings,,13,,Pune Warriors,field,KMDN Kulasekara,Asad Rauf,S Das,,
548331,2012,2012/04/20,"Punjab Cricket Association Stadium, Mohali",Chandigarh,Kings XI Punjab,Royal Challengers Bangalore,Royal Challengers Bangalore,,,5,Royal Challengers Bangalore,field,CH Gayle,S Ravi,RJ Tucker,,
548332,2012,2012/04/21,"MA Chidambaram Stadium, Chepauk",Chennai,Chennai Super Kings,Rajasthan Royals,Chennai Super Kings,,,7,Rajasthan Royals,bat,F du Plessis,Aleem Dar,BNJ Oxenford,,
548333,2012,2012/04/21,Feroz Shah Kotla,Delhi,Delhi Daredevils,Pune Warriors,Pune Warriors,,20,,Delhi Daredevils,field,SC Ganguly,Asad Rauf,S Das,,
548335,2012,2012/04/22,Barabati Stadium,Cuttack,Deccan Chargers,Kolkata Knight Riders,Kolkata Knight Riders,,,5,Kolkata Knight Riders,field,B Lee,BF Bowden,SK Tarapore,,
548334,2012,2012/04/22,Wankhede Stadium,Mumbai,Mumbai Indians,Kings XI Punjab,Kings XI Punjab,,,6,Mumbai Indians,bat,SE Marsh,S Ravi,RJ Tucker,,
548336,2012,2012/04/23,Sawai Mansingh Stadium,Jaipur,Rajasthan Royals,Royal Challengers Bangalore,Royal Challengers Bangalore,,46,,Rajasthan Royals,field,AB de Villiers,Asad Rauf,S Asnani,,
548341,2012,2012/04/26,Subrata Roy Sahara Stadium,Pune,Pune Warriors,Deccan Chargers,Deccan Chargers,,18,,Deccan Chargers,bat,CL White,S Ravi,RJ Tucker,,
548339,2012,2012/04/25,"Punjab Cricket Association Stadium, Mohali",Chandigarh,Kings XI Punjab,Mumbai Indians,Mumbai Indians,,,4,Kings XI Punjab,bat,AT Rayudu,Aleem Dar,BNJ Oxenford,,
548337,2012,2012/04/24,Subrata Roy Sahara Stadium,Pune,Pune Warriors,Delhi Daredevils,Delhi Daredevils,,,8,Pune Warriors,bat,V Sehwag,S Ravi,RJ Tucker,,
548342,2012,2012/04/27,Feroz Shah Kotla,Delhi,Delhi Daredevils,Mumbai Indians,Delhi Daredevils,,37,,Mumbai Indians,field,V Sehwag,Aleem Dar,BNJ Oxenford,,
548343,2012,2012/04/28,"MA Chidambaram Stadium, Chepauk",Chennai,Chennai Super Kings,Kings XI Punjab,Kings XI Punjab,,7,,Kings XI Punjab,bat,Mandeep Singh,BF Bowden,SK Tarapore,,
548344,2012,2012/04/28,Eden Gardens,Kolkata,Kolkata Knight Riders,Royal Challengers Bangalore,Kolkata Knight Riders,,47,,Kolkata Knight Riders,bat,G Gambhir,Asad Rauf,BR Doctrove,,
548345,2012,2012/04/29,Feroz Shah Kotla,Delhi,Delhi Daredevils,Rajasthan Royals,Delhi Daredevils,,1,,Delhi Daredevils,bat,V Sehwag,S Ravi,RJ Tucker,,
548346,2012,2012/04/29,Wankhede Stadium,Mumbai,Mumbai Indians,Deccan Chargers,Mumbai Indians,,,5,Mumbai Indians,field,DW Steyn,AK Chaudhary,BNJ Oxenford,,
548347,2012,2012/04/30,"MA Chidambaram Stadium, Chepauk",Chennai,Chennai Super Kings,Kolkata Knight Riders,Kolkata Knight Riders,,,5,Chennai Super Kings,bat,G Gambhir,BF Bowden,C Shamshuddin,,
548348,2012,2012/05/01,Barabati Stadium,Cuttack,Deccan Chargers,Pune Warriors,Deccan Chargers,,13,,Deccan Chargers,bat,KC Sangakkara,Aleem Dar,AK Chaudhary,,
548349,2012,2012/05/01,Sawai Mansingh Stadium,Jaipur,Rajasthan Royals,Delhi Daredevils,Delhi Daredevils,,,6,Rajasthan Royals,bat,P Negi,JD Cloete,SJA Taufel,,
548350,2012,2012/05/02,M Chinnaswamy Stadium,Bangalore,Royal Challengers Bangalore,Kings XI Punjab,Kings XI Punjab,,,4,Kings XI Punjab,field,Azhar Mahmood,BF Bowden,C Shamshuddin,,
548351,2012,2012/05/03,Subrata Roy Sahara Stadium,Pune,Pune Warriors,Mumbai Indians,Mumbai Indians,,1,,Mumbai Indians,bat,SL Malinga,Asad Rauf,S Asnani,,
548355,2012,2012/05/06,Wankhede Stadium,Mumbai,Mumbai Indians,Chennai Super Kings,Mumbai Indians,,,2,Mumbai Indians,field,DR Smith,Asad Rauf,S Asnani,,
548353,2012,2012/05/05,Eden Gardens,Kolkata,Kolkata Knight Riders,Pune Warriors,Kolkata Knight Riders,,7,,Kolkata Knight Riders,bat,SP Narine,BF Bowden,SK Tarapore,,
548352,2012,2012/05/04,"MA Chidambaram Stadium, Chepauk",Chennai,Chennai Super Kings,Deccan Chargers,Chennai Super Kings,,10,,Chennai Super Kings,bat,SK Raina,HDPK Dharmasena,BNJ Oxenford,,
548354,2012,2012/05/05,"Punjab Cricket Association Stadium, Mohali",Chandigarh,Kings XI Punjab,Rajasthan Royals,Rajasthan Royals,,43,,Rajasthan Royals,bat,SR Watson,JD Cloete,SJA Taufel,,
548358,2012,2012/05/08,Subrata Roy Sahara Stadium,Pune,Pune Warriors,Rajasthan Royals,Rajasthan Royals,,,7,Pune Warriors,bat,SR Watson,Asad Rauf,BR Doctrove,,
548357,2012,2012/05/07,Feroz Shah Kotla,Delhi,Delhi Daredevils,Kolkata Knight Riders,Kolkata Knight Riders,,,6,Delhi Daredevils,bat,JH Kallis,JD Cloete,S Ravi,,
548356,2012,2012/05/06,M Chinnaswamy Stadium,Bangalore,Royal Challengers Bangalore,Deccan Chargers,Royal Challengers Bangalore,,,5,Royal Challengers Bangalore,field,AB de Villiers,HDPK Dharmasena,BNJ Oxenford,,
548359,2012,2012/05/08,"Rajiv Gandhi International Stadium, Uppal",Hyderabad,Deccan Chargers,Kings XI Punjab,Kings XI Punjab,,25,,Deccan Chargers,field,Mandeep Singh,HDPK Dharmasena,BNJ Oxenford,,
548360,2012,2012/05/09,Wankhede Stadium,Mumbai,Mumbai Indians,Royal Challengers Bangalore,Royal Challengers Bangalore,,,9,Royal Challengers Bangalore,field,CH Gayle,BF Bowden,VA Kulkarni,,
548361,2012,2012/05/10,Sawai Mansingh Stadium,Jaipur,Rajasthan Royals,Chennai Super Kings,Chennai Super Kings,,,4,Chennai Super Kings,field,BW Hilfenhaus,BNJ Oxenford,C Shamshuddin,,
548363,2012,2012/05/12,Eden Gardens,Kolkata,Kolkata Knight Riders,Mumbai Indians,Mumbai Indians,,27,,Mumbai Indians,bat,RG Sharma,S Ravi,SJA Taufel,,
548364,2012,2012/05/12,"MA Chidambaram Stadium, Chepauk",Chennai,Chennai Super Kings,Delhi Daredevils,Chennai Super Kings,,,9,Chennai Super Kings,field,BW Hilfenhaus,S Das,BR Doctrove,,
548362,2012,2012/05/11,Subrata Roy Sahara Stadium,Pune,Pune Warriors,Royal Challengers Bangalore,Royal Challengers Bangalore,,35,,Pune Warriors,field,CH Gayle,BF Bowden,SK Tarapore,,
548365,2012,2012/05/13,Sawai Mansingh Stadium,Jaipur,Rajasthan Royals,Pune Warriors,Rajasthan Royals,,45,,Rajasthan Royals,bat,A Chandila,BF Bowden,SK Tarapore,,
548366,2012,2012/05/13,"Punjab Cricket Association Stadium, Mohali",Chandigarh,Kings XI Punjab,Deccan Chargers,Kings XI Punjab,,,4,Deccan Chargers,bat,DJ Hussey,HDPK Dharmasena,BNJ Oxenford,,
548367,2012,2012/05/14,M Chinnaswamy Stadium,Bangalore,Royal Challengers Bangalore,Mumbai Indians,Mumbai Indians,,,5,Mumbai Indians,field,AT Rayudu,S Das,BR Doctrove,,
548368,2012,2012/05/14,Eden Gardens,Kolkata,Kolkata Knight Riders,Chennai Super Kings,Chennai Super Kings,,,5,Chennai Super Kings,field,MEK Hussey,JD Cloete,SJA Taufel,,
548369,2012,2012/05/15,Feroz Shah Kotla,Delhi,Delhi Daredevils,Kings XI Punjab,Delhi Daredevils,,,5,Kings XI Punjab,bat,UT Yadav,HDPK Dharmasena,BNJ Oxenford,,
548370,2012,2012/05/16,Wankhede Stadium,Mumbai,Mumbai Indians,Kolkata Knight Riders,Kolkata Knight Riders,,32,,Mumbai Indians,field,SP Narine,S Das,BR Doctrove,,
548371,2012,2012/05/17,Himachal Pradesh Cricket Association Stadium,Dharamsala,Kings XI Punjab,Chennai Super Kings,Kings XI Punjab,,,6,Kings XI Punjab,field,AC Gilchrist,VA Kulkarni,SK Tarapore,,
548372,2012,2012/05/17,Feroz Shah Kotla,Delhi,Delhi Daredevils,Royal Challengers Bangalore,Royal Challengers Bangalore,,21,,Delhi Daredevils,field,CH Gayle,HDPK Dharmasena,C Shamshuddin,,
548373,2012,2012/05/18,"Rajiv Gandhi International Stadium, Uppal",Hyderabad,Deccan Chargers,Rajasthan Royals,Deccan Chargers,,,5,Rajasthan Royals,bat,DW Steyn,S Ravi,SJA Taufel,,
548374,2012,2012/05/19,Himachal Pradesh Cricket Association Stadium,Dharamsala,Kings XI Punjab,Delhi Daredevils,Delhi Daredevils,,,6,Delhi Daredevils,field,UT Yadav,BF Bowden,VA Kulkarni,,
548375,2012,2012/05/19,Subrata Roy Sahara Stadium,Pune,Pune Warriors,Kolkata Knight Riders,Kolkata Knight Riders,,34,,Kolkata Knight Riders,bat,Shakib Al Hasan,S Asnani,BR Doctrove,,
548377,2012,2012/05/20,Sawai Mansingh Stadium,Jaipur,Rajasthan Royals,Mumbai Indians,Mumbai Indians,,,10,Rajasthan Royals,bat,DR Smith,HDPK Dharmasena,C Shamshuddin,,
548376,2012,2012/05/20,"Rajiv Gandhi International Stadium, Uppal",Hyderabad,Deccan Chargers,Royal Challengers Bangalore,Deccan Chargers,,9,,Royal Challengers Bangalore,field,DW Steyn,S Ravi,SJA Taufel,,
548379,2012,2012/05/23,M Chinnaswamy Stadium,Bangalore,Chennai Super Kings,Mumbai Indians,Chennai Super Kings,,38,,Mumbai Indians,field,MS Dhoni,BF Bowden,HDPK Dharmasena,,
548378,2012,2012/05/22,Subrata Roy Sahara Stadium,Pune,Delhi Daredevils,Kolkata Knight Riders,Kolkata Knight Riders,,18,,Kolkata Knight Riders,bat,YK Pathan,BR Doctrove,SJA Taufel,,
548380,2012,2012/05/25,"MA Chidambaram Stadium, Chepauk",Chennai,Delhi Daredevils,Chennai Super Kings,Chennai Super Kings,,86,,Delhi Daredevils,field,M Vijay,BR Doctrove,SJA Taufel,,
597998,2013,2013/04/03,Eden Gardens,Kolkata,Kolkata Knight Riders,Delhi Daredevils,Kolkata Knight Riders,,,6,Kolkata Knight Riders,field,SP Narine,S Ravi,SJA Taufel,,
548381,2012,2012/05/27,"MA Chidambaram Stadium, Chepauk",Chennai,Kolkata Knight Riders,Chennai Super Kings,Kolkata Knight Riders,,,5,Chennai Super Kings,bat,MS Bisla,BF Bowden,SJA Taufel,,
598001,2013,2013/04/06,Feroz Shah Kotla,Delhi,Delhi Daredevils,Rajasthan Royals,Rajasthan Royals,,5,,Rajasthan Royals,bat,R Dravid,S Das,C Shamshuddin,,
598000,2013,2013/04/05,"Rajiv Gandhi International Stadium, Uppal",Hyderabad,Sunrisers Hyderabad,Pune Warriors,Sunrisers Hyderabad,,22,,Pune Warriors,field,A Mishra,S Ravi,SJA Taufel,,
597999,2013,2013/04/04,M Chinnaswamy Stadium,Bangalore,Royal Challengers Bangalore,Mumbai Indians,Royal Challengers Bangalore,,2,,Mumbai Indians,field,CH Gayle,VA Kulkarni,C Shamshuddin,,
598002,2013,2013/04/06,"MA Chidambaram Stadium, Chepauk",Chennai,Chennai Super Kings,Mumbai Indians,Mumbai Indians,,9,,Mumbai Indians,bat,KA Pollard,M Erasmus,VA Kulkarni,,
598003,2013,2013/04/07,Subrata Roy Sahara Stadium,Pune,Pune Warriors,Kings XI Punjab,Kings XI Punjab,,,8,Pune Warriors,bat,M Vohra,S Asnani,SJA Taufel,,
598004,2013,2013/04/07,"Rajiv Gandhi International Stadium, Uppal",Hyderabad,Sunrisers Hyderabad,Royal Challengers Bangalore,Tie,tie,,,Royal Challengers Bangalore,bat,GH Vihari,AK Chaudhary,S Ravi,,
598006,2013,2013/04/09,Wankhede Stadium,Mumbai,Mumbai Indians,Delhi Daredevils,Mumbai Indians,,44,,Mumbai Indians,bat,KD Karthik,M Erasmus,VA Kulkarni,,
598005,2013,2013/04/08,Sawai Mansingh Stadium,Jaipur,Rajasthan Royals,Kolkata Knight Riders,Rajasthan Royals,,19,,Kolkata Knight Riders,field,SK Trivedi,Aleem Dar,S Das,,
598008,2013,2013/04/11,M Chinnaswamy Stadium,Bangalore,Royal Challengers Bangalore,Kolkata Knight Riders,Royal Challengers Bangalore,,,8,Royal Challengers Bangalore,field,CH Gayle,Asad Rauf,AK Chaudhary,,
598007,2013,2013/04/10,"Punjab Cricket Association Stadium, Mohali",Chandigarh,Kings XI Punjab,Chennai Super Kings,Chennai Super Kings,,,10,Chennai Super Kings,field,MEK Hussey,Aleem Dar,C Shamshuddin,,
598009,2013,2013/04/11,Subrata Roy Sahara Stadium,Pune,Pune Warriors,Rajasthan Royals,Pune Warriors,,,7,Rajasthan Royals,bat,AJ Finch,M Erasmus,K Srinath,,
598010,2013,2013/04/12,Feroz Shah Kotla,Delhi,Delhi Daredevils,Sunrisers Hyderabad,Sunrisers Hyderabad,,,3,Delhi Daredevils,bat,A Mishra,Aleem Dar,Subroto Das,,
598011,2013,2013/04/13,Wankhede Stadium,Mumbai,Mumbai Indians,Pune Warriors,Mumbai Indians,,41,,Mumbai Indians,bat,RG Sharma,S Ravi,SJA Taufel,,
598013,2013,2013/04/14,Eden Gardens,Kolkata,Kolkata Knight Riders,Sunrisers Hyderabad,Kolkata Knight Riders,,48,,Kolkata Knight Riders,bat,G Gambhir,M Erasmus,VA Kulkarni,,
598012,2013,2013/04/13,"MA Chidambaram Stadium, Chepauk",Chennai,Chennai Super Kings,Royal Challengers Bangalore,Chennai Super Kings,,,4,Chennai Super Kings,field,RA Jadeja,Asad Rauf,AK Chaudhary,,
598014,2013,2013/04/14,Sawai Mansingh Stadium,Jaipur,Rajasthan Royals,Kings XI Punjab,Rajasthan Royals,,,6,Rajasthan Royals,field,JP Faulkner,Aleem Dar,C Shamshuddin,,
598015,2013,2013/04/15,"MA Chidambaram Stadium, Chepauk",Chennai,Chennai Super Kings,Pune Warriors,Pune Warriors,,24,,Pune Warriors,bat,SPD Smith,Asad Rauf,AK Chaudhary,,
598016,2013,2013/04/16,"Punjab Cricket Association Stadium, Mohali",Chandigarh,Kings XI Punjab,Kolkata Knight Riders,Kings XI Punjab,,4,,Kolkata Knight Riders,field,MS Gony,CK Nandan,SJA Taufel,,
598017,2013,2013/04/16,M Chinnaswamy Stadium,Bangalore,Royal Challengers Bangalore,Delhi Daredevils,Tie,tie,,,Royal Challengers Bangalore,field,V Kohli,M Erasmus,VA Kulkarni,,
598018,2013,2013/04/17,Maharashtra Cricket Association Stadium,Pune,Pune Warriors,Sunrisers Hyderabad,Sunrisers Hyderabad,,11,,Pune Warriors,field,A Mishra,Asad Rauf,AK Chaudhary,,
598020,2013,2013/04/18,Feroz Shah Kotla,Delhi,Delhi Daredevils,Chennai Super Kings,Chennai Super Kings,,86,,Chennai Super Kings,bat,MEK Hussey,M Erasmus,VA Kulkarni,,
598021,2013,2013/04/19,"Rajiv Gandhi International Stadium, Uppal",Hyderabad,Sunrisers Hyderabad,Kings XI Punjab,Sunrisers Hyderabad,,,5,Kings XI Punjab,bat,GH Vihari,HDPK Dharmasena,CK Nandan,,
598019,2013,2013/04/17,Sawai Mansingh Stadium,Jaipur,Rajasthan Royals,Mumbai Indians,Rajasthan Royals,,87,,Rajasthan Royals,bat,AM Rahane,Aleem Dar,C Shamshuddin,,
598024,2013,2013/04/21,Feroz Shah Kotla,Delhi,Delhi Daredevils,Mumbai Indians,Delhi Daredevils,,,9,Mumbai Indians,bat,V Sehwag,HDPK Dharmasena,S Ravi,,
598022,2013,2013/04/20,Eden Gardens,Kolkata,Kolkata Knight Riders,Chennai Super Kings,Chennai Super Kings,,,4,Kolkata Knight Riders,bat,RA Jadeja,Asad Rauf,AK Chaudhary,,
598025,2013,2013/04/21,"Punjab Cricket Association Stadium, Mohali",Chandigarh,Kings XI Punjab,Pune Warriors,Kings XI Punjab,,,7,Kings XI Punjab,field,DA Miller,M Erasmus,K Srinath,,
598023,2013,2013/04/20,M Chinnaswamy Stadium,Bangalore,Royal Challengers Bangalore,Rajasthan Royals,Royal Challengers Bangalore,,,7,Royal Challengers Bangalore,field,R Vinay Kumar,Aleem Dar,C Shamshuddin,,
598026,2013,2013/04/22,"MA Chidambaram Stadium, Chepauk",Chennai,Chennai Super Kings,Rajasthan Royals,Chennai Super Kings,,,5,Rajasthan Royals,bat,MEK Hussey,S Asnani,AK Chaudhary,,
598027,2013,2013/04/23,M Chinnaswamy Stadium,Bangalore,Royal Challengers Bangalore,Pune Warriors,Royal Challengers Bangalore,,130,,Pune Warriors,field,CH Gayle,Aleem Dar,C Shamshuddin,,
598029,2013,2013/04/24,Eden Gardens,Kolkata,Kolkata Knight Riders,Mumbai Indians,Mumbai Indians,,,5,Kolkata Knight Riders,bat,DR Smith,HDPK Dharmasena,S Ravi,,
598028,2013,2013/05/16,Himachal Pradesh Cricket Association Stadium,Dharamsala,Kings XI Punjab,Delhi Daredevils,Kings XI Punjab,,7,,Delhi Daredevils,field,DA Miller,HDPK Dharmasena,S Ravi,,
598030,2013,2013/04/25,"MA Chidambaram Stadium, Chepauk",Chennai,Chennai Super Kings,Sunrisers Hyderabad,Chennai Super Kings,,,5,Sunrisers Hyderabad,bat,MS Dhoni,Aleem Dar,S Das,,
598031,2013,2013/04/26,Eden Gardens,Kolkata,Kolkata Knight Riders,Kings XI Punjab,Kolkata Knight Riders,,,6,Kings XI Punjab,bat,JH Kallis,CK Nandan,S Ravi,,
598033,2013,2013/04/27,Wankhede Stadium,Mumbai,Mumbai Indians,Royal Challengers Bangalore,Mumbai Indians,,58,,Mumbai Indians,bat,DR Smith,Asad Rauf,S Asnani,,
598034,2013,2013/04/28,"MA Chidambaram Stadium, Chepauk",Chennai,Chennai Super Kings,Kolkata Knight Riders,Chennai Super Kings,,14,,Kolkata Knight Riders,field,MEK Hussey,Aleem Dar,SJA Taufel,,
598032,2013,2013/04/27,Sawai Mansingh Stadium,Jaipur,Rajasthan Royals,Sunrisers Hyderabad,Rajasthan Royals,,,8,Sunrisers Hyderabad,bat,JP Faulkner,VA Kulkarni,K Srinath,,
598035,2013,2013/04/28,Shaheed Veer Narayan Singh International Stadium,Raipur,Delhi Daredevils,Pune Warriors,Delhi Daredevils,,15,,Pune Warriors,field,DA Warner,CK Nandan,S Ravi,,
598036,2013,2013/04/29,Sawai Mansingh Stadium,Jaipur,Rajasthan Royals,Royal Challengers Bangalore,Rajasthan Royals,,,4,Rajasthan Royals,field,SV Samson,M Erasmus,K Srinath,,
598037,2013,2013/04/29,Wankhede Stadium,Mumbai,Mumbai Indians,Kings XI Punjab,Mumbai Indians,,4,,Mumbai Indians,bat,RG Sharma,Asad Rauf,AK Chaudhary,,
598039,2013,2013/05/01,"Rajiv Gandhi International Stadium, Uppal",Hyderabad,Sunrisers Hyderabad,Mumbai Indians,Sunrisers Hyderabad,,,7,Mumbai Indians,bat,I Sharma,Asad Rauf,S Asnani,,
598040,2013,2013/05/01,Shaheed Veer Narayan Singh International Stadium,Raipur,Delhi Daredevils,Kolkata Knight Riders,Delhi Daredevils,,,7,Kolkata Knight Riders,bat,DA Warner,HDPK Dharmasena,CK Nandan,,
598041,2013,2013/05/02,"MA Chidambaram Stadium, Chepauk",Chennai,Chennai Super Kings,Kings XI Punjab,Chennai Super Kings,,15,,Chennai Super Kings,bat,SK Raina,M Erasmus,VA Kulkarni,,
598038,2013,2013/04/30,Subrata Roy Sahara Stadium,Pune,Pune Warriors,Chennai Super Kings,Chennai Super Kings,,37,,Chennai Super Kings,bat,MS Dhoni,S Das,SJA Taufel,,
598042,2013,2013/05/02,Subrata Roy Sahara Stadium,Pune,Pune Warriors,Royal Challengers Bangalore,Royal Challengers Bangalore,,17,,Royal Challengers Bangalore,bat,AB de Villiers,Aleem Dar,C Shamshuddin,,
598043,2013,2013/05/03,Eden Gardens,Kolkata,Kolkata Knight Riders,Rajasthan Royals,Kolkata Knight Riders,,,8,Rajasthan Royals,bat,YK Pathan,HDPK Dharmasena,CK Nandan,,
598045,2013,2013/05/14,M Chinnaswamy Stadium,Bangalore,Royal Challengers Bangalore,Kings XI Punjab,Kings XI Punjab,,,7,Kings XI Punjab,field,AC Gilchrist,HDPK Dharmasena,S Ravi,,
598044,2013,2013/05/04,"Rajiv Gandhi International Stadium, Uppal",Hyderabad,Sunrisers Hyderabad,Delhi Daredevils,Sunrisers Hyderabad,,,6,Delhi Daredevils,bat,DJG Sammy,Asad Rauf,S Asnani,,
598048,2013,2013/04/09,M Chinnaswamy Stadium,Bangalore,Royal Challengers Bangalore,Sunrisers Hyderabad,Royal Challengers Bangalore,,,7,Sunrisers Hyderabad,bat,V Kohli,S Ravi,SJA Taufel,,
598049,2013,2013/05/07,Sawai Mansingh Stadium,Jaipur,Rajasthan Royals,Delhi Daredevils,Rajasthan Royals,,,9,Delhi Daredevils,bat,AM Rahane,Aleem Dar,RJ Tucker,,
598050,2013,2013/05/07,Wankhede Stadium,Mumbai,Mumbai Indians,Kolkata Knight Riders,Mumbai Indians,,65,,Mumbai Indians,bat,SR Tendulkar,HDPK Dharmasena,S Ravi,,
598047,2013,2013/05/05,Sawai Mansingh Stadium,Jaipur,Rajasthan Royals,Pune Warriors,Rajasthan Royals,,,5,Pune Warriors,bat,AM Rahane,C Shamshuddin,RJ Tucker,,
598046,2013,2013/05/05,Wankhede Stadium,Mumbai,Mumbai Indians,Chennai Super Kings,Mumbai Indians,,60,,Mumbai Indians,bat,MG Johnson,HDPK Dharmasena,CK Nandan,,
598051,2013,2013/05/08,"Rajiv Gandhi International Stadium, Uppal",Hyderabad,Sunrisers Hyderabad,Chennai Super Kings,Chennai Super Kings,,77,,Sunrisers Hyderabad,field,SK Raina,S Das,NJ Llong,,
598052,2013,2013/05/09,"Punjab Cricket Association Stadium, Mohali",Chandigarh,Kings XI Punjab,Rajasthan Royals,Rajasthan Royals,,,8,Rajasthan Royals,field,KK Cooper,HDPK Dharmasena,S Ravi,,
598053,2013,2013/05/09,Subrata Roy Sahara Stadium,Pune,Pune Warriors,Kolkata Knight Riders,Kolkata Knight Riders,,46,,Kolkata Knight Riders,bat,G Gambhir,Asad Rauf,S Asnani,,
598054,2013,2013/05/10,Feroz Shah Kotla,Delhi,Delhi Daredevils,Royal Challengers Bangalore,Royal Challengers Bangalore,,4,,Delhi Daredevils,field,JD Unadkat,NJ Llong,K Srinath,,
598055,2013,2013/05/11,Subrata Roy Sahara Stadium,Pune,Pune Warriors,Mumbai Indians,Mumbai Indians,,,5,Pune Warriors,bat,MG Johnson,Asad Rauf,AK Chaudhary,,
598056,2013,2013/05/11,"Punjab Cricket Association Stadium, Mohali",Chandigarh,Kings XI Punjab,Sunrisers Hyderabad,Sunrisers Hyderabad,,30,,Kings XI Punjab,field,PA Patel,S Das,RJ Tucker,,
598057,2013,2013/05/12,JSCA International Stadium Complex,Ranchi,Kolkata Knight Riders,Royal Challengers Bangalore,Kolkata Knight Riders,,,5,Kolkata Knight Riders,field,JH Kallis,NJ Llong,K Srinath,,
598058,2013,2013/05/12,Sawai Mansingh Stadium,Jaipur,Rajasthan Royals,Chennai Super Kings,Rajasthan Royals,,,5,Rajasthan Royals,field,SR Watson,HDPK Dharmasena,CK Nandan,,
598059,2013,2013/04/23,Feroz Shah Kotla,Delhi,Delhi Daredevils,Kings XI Punjab,Kings XI Punjab,,,5,Kings XI Punjab,field,Harmeet Singh,VA Kulkarni,K Srinath,,
598060,2013,2013/05/13,Wankhede Stadium,Mumbai,Mumbai Indians,Sunrisers Hyderabad,Mumbai Indians,,,7,Sunrisers Hyderabad,bat,KA Pollard,AK Chaudhary,SJA Taufel,,
598061,2013,2013/05/15,JSCA International Stadium Complex,Ranchi,Kolkata Knight Riders,Pune Warriors,Pune Warriors,,7,,Kolkata Knight Riders,field,MK Pandey,NJ Llong,K Srinath,,
598062,2013,2013/05/14,"MA Chidambaram Stadium, Chepauk",Chennai,Chennai Super Kings,Delhi Daredevils,Chennai Super Kings,,33,,Chennai Super Kings,bat,MS Dhoni,C Shamshuddin,RJ Tucker,,
598063,2013,2013/05/15,Wankhede Stadium,Mumbai,Mumbai Indians,Rajasthan Royals,Mumbai Indians,,14,,Rajasthan Royals,field,AP Tare,Asad Rauf,S Asnani,,
598064,2013,2013/05/06,"Punjab Cricket Association Stadium, Mohali",Chandigarh,Kings XI Punjab,Royal Challengers Bangalore,Kings XI Punjab,,,6,Kings XI Punjab,field,DA Miller,VA Kulkarni,NJ Llong,,
598065,2013,2013/05/17,"Rajiv Gandhi International Stadium, Uppal",Hyderabad,Sunrisers Hyderabad,Rajasthan Royals,Sunrisers Hyderabad,,23,,Sunrisers Hyderabad,bat,A Mishra,Asad Rauf,AK Chaudhary,,
598068,2013,2013/05/18,M Chinnaswamy Stadium,Bangalore,Royal Challengers Bangalore,Chennai Super Kings,Royal Challengers Bangalore,,24,,Chennai Super Kings,field,V Kohli,C Shamshuddin,RJ Tucker,,
598067,2013,2013/05/19,Subrata Roy Sahara Stadium,Pune,Pune Warriors,Delhi Daredevils,Pune Warriors,,38,,Pune Warriors,bat,LJ Wright,NJ Llong,SJA Taufel,,
598066,2013,2013/05/18,Himachal Pradesh Cricket Association Stadium,Dharamsala,Kings XI Punjab,Mumbai Indians,Kings XI Punjab,,50,,Mumbai Indians,field,Azhar Mahmood,HDPK Dharmasena,CK Nandan,,
598069,2013,2013/05/19,"Rajiv Gandhi International Stadium, Uppal",Hyderabad,Sunrisers Hyderabad,Kolkata Knight Riders,Sunrisers Hyderabad,,,5,Kolkata Knight Riders,bat,PA Patel,Asad Rauf,S Asnani,,
598070,2013,2013/05/21,Feroz Shah Kotla,Delhi,Chennai Super Kings,Mumbai Indians,Chennai Super Kings,,48,,Chennai Super Kings,bat,MEK Hussey,NJ Llong,RJ Tucker,,
598071,2013,2013/05/22,Feroz Shah Kotla,Delhi,Rajasthan Royals,Sunrisers Hyderabad,Rajasthan Royals,,,4,Sunrisers Hyderabad,bat,BJ Hodge,S Ravi,RJ Tucker,,
598072,2013,2013/05/24,Eden Gardens,Kolkata,Mumbai Indians,Rajasthan Royals,Mumbai Indians,,,4,Rajasthan Royals,bat,Harbhajan Singh,C Shamshuddin,SJA Taufel,,
598073,2013,2013/05/26,Eden Gardens,Kolkata,Chennai Super Kings,Mumbai Indians,Mumbai Indians,,23,,Mumbai Indians,bat,KA Pollard,HDPK Dharmasena,SJA Taufel,,
729279,2014,2014/04/16,Sheikh Zayed Stadium,Abu Dhabi,Mumbai Indians,Kolkata Knight Riders,Kolkata Knight Riders,,41,,Kolkata Knight Riders,bat,JH Kallis,M Erasmus,RK Illingworth,,
729283,2014,2014/04/18,Sheikh Zayed Stadium,Abu Dhabi,Chennai Super Kings,Kings XI Punjab,Kings XI Punjab,,,6,Chennai Super Kings,bat,GJ Maxwell,RK Illingworth,C Shamshuddin,,
729281,2014,2014/04/17,Sharjah Cricket Stadium,,Delhi Daredevils,Royal Challengers Bangalore,Royal Challengers Bangalore,,,8,Royal Challengers Bangalore,field,YS Chahal,Aleem Dar,S Ravi,,
729285,2014,2014/04/18,Sheikh Zayed Stadium,Abu Dhabi,Sunrisers Hyderabad,Rajasthan Royals,Rajasthan Royals,,,4,Rajasthan Royals,field,AM Rahane,BF Bowden,RK Illingworth,,
729287,2014,2014/04/19,Dubai International Cricket Stadium,,Royal Challengers Bangalore,Mumbai Indians,Royal Challengers Bangalore,,,7,Royal Challengers Bangalore,field,PA Patel,Aleem Dar,AK Chaudhary,,
729293,2014,2014/04/21,Sheikh Zayed Stadium,Abu Dhabi,Chennai Super Kings,Delhi Daredevils,Chennai Super Kings,,93,,Chennai Super Kings,bat,SK Raina,RK Illingworth,C Shamshuddin,,
729295,2014,2014/04/22,Sharjah Cricket Stadium,,Kings XI Punjab,Sunrisers Hyderabad,Kings XI Punjab,,72,,Sunrisers Hyderabad,field,GJ Maxwell,M Erasmus,S Ravi,,
729291,2014,2014/04/20,Sharjah Cricket Stadium,,Rajasthan Royals,Kings XI Punjab,Kings XI Punjab,,,7,Kings XI Punjab,field,GJ Maxwell,BF Bowden,M Erasmus,,
729297,2014,2014/04/23,Dubai International Cricket Stadium,,Rajasthan Royals,Chennai Super Kings,Chennai Super Kings,,7,,Rajasthan Royals,field,RA Jadeja,HDPK Dharmasena,RK Illingworth,,
729299,2014,2014/04/24,Sharjah Cricket Stadium,,Royal Challengers Bangalore,Kolkata Knight Riders,Kolkata Knight Riders,,2,,Royal Challengers Bangalore,field,CA Lynn,Aleem Dar,VA Kulkarni,,
729289,2014,2014/04/19,Dubai International Cricket Stadium,,Kolkata Knight Riders,Delhi Daredevils,Delhi Daredevils,,,4,Kolkata Knight Riders,bat,JP Duminy,Aleem Dar,VA Kulkarni,,
729301,2014,2014/04/25,Dubai International Cricket Stadium,,Sunrisers Hyderabad,Delhi Daredevils,Sunrisers Hyderabad,,4,,Sunrisers Hyderabad,bat,AJ Finch,M Erasmus,S Ravi,,
729303,2014,2014/04/25,Dubai International Cricket Stadium,,Chennai Super Kings,Mumbai Indians,Chennai Super Kings,,,7,Mumbai Indians,bat,MM Sharma,BF Bowden,M Erasmus,,
729307,2014,2014/04/26,Sheikh Zayed Stadium,Abu Dhabi,Kolkata Knight Riders,Kings XI Punjab,Kings XI Punjab,,23,,Kolkata Knight Riders,field,Sandeep Sharma,HDPK Dharmasena,RK Illingworth,,
729311,2014,2014/04/27,Sharjah Cricket Stadium,,Sunrisers Hyderabad,Chennai Super Kings,Chennai Super Kings,,,5,Sunrisers Hyderabad,bat,DR Smith,AK Chaudhary,VA Kulkarni,,
729313,2014,2014/04/28,Dubai International Cricket Stadium,,Kings XI Punjab,Royal Challengers Bangalore,Kings XI Punjab,,,5,Kings XI Punjab,field,Sandeep Sharma,BF Bowden,S Ravi,,
729305,2014,2014/04/26,Sheikh Zayed Stadium,Abu Dhabi,Rajasthan Royals,Royal Challengers Bangalore,Rajasthan Royals,,,6,Rajasthan Royals,field,PV Tambe,HDPK Dharmasena,C Shamshuddin,,
729309,2014,2014/04/27,Sharjah Cricket Stadium,,Delhi Daredevils,Mumbai Indians,Delhi Daredevils,,,6,Mumbai Indians,bat,M Vijay,Aleem Dar,VA Kulkarni,,
733971,2014,2014/05/02,JSCA International Stadium Complex,Ranchi,Chennai Super Kings,Kolkata Knight Riders,Chennai Super Kings,,34,,Chennai Super Kings,bat,RA Jadeja,AK Chaudhary,NJ Llong,,
729317,2014,2014/04/30,Dubai International Cricket Stadium,,Mumbai Indians,Sunrisers Hyderabad,Sunrisers Hyderabad,,15,,Mumbai Indians,field,B Kumar,HDPK Dharmasena,M Erasmus,,
729315,2014,2014/04/29,Sheikh Zayed Stadium,Abu Dhabi,Kolkata Knight Riders,Rajasthan Royals,Tie,tie,,,Rajasthan Royals,bat,JP Faulkner,Aleem Dar,AK Chaudhary,,
733973,2014,2014/05/03,Wankhede Stadium,Mumbai,Mumbai Indians,Kings XI Punjab,Mumbai Indians,,,5,Kings XI Punjab,bat,CJ Anderson,BNJ Oxenford,C Shamshuddin,,
733975,2014,2014/05/03,Feroz Shah Kotla,Delhi,Delhi Daredevils,Rajasthan Royals,Rajasthan Royals,,,7,Rajasthan Royals,field,KK Nair,SS Hazare,S Ravi,,
733979,2014,2014/05/05,"Sardar Patel Stadium, Motera",Ahmedabad,Rajasthan Royals,Kolkata Knight Riders,Rajasthan Royals,,10,,Kolkata Knight Riders,field,PV Tambe,NJ Llong,CK Nandan,,
733983,2014,2014/05/06,Wankhede Stadium,Mumbai,Mumbai Indians,Royal Challengers Bangalore,Mumbai Indians,,19,,Royal Challengers Bangalore,field,RG Sharma,S Ravi,K Srinath,,
733977,2014,2014/05/04,M Chinnaswamy Stadium,Bangalore,Royal Challengers Bangalore,Sunrisers Hyderabad,Royal Challengers Bangalore,,,4,Royal Challengers Bangalore,field,AB de Villiers,HDPK Dharmasena,VA Kulkarni,,
733981,2014,2014/05/05,Feroz Shah Kotla,Delhi,Delhi Daredevils,Chennai Super Kings,Chennai Super Kings,,,8,Chennai Super Kings,field,DR Smith,RM Deshpande,BNJ Oxenford,,
733987,2014,2014/05/07,Barabati Stadium,Cuttack,Kings XI Punjab,Chennai Super Kings,Kings XI Punjab,,44,,Chennai Super Kings,field,GJ Maxwell,HDPK Dharmasena,PG Pathak,,
733985,2014,2014/05/07,Feroz Shah Kotla,Delhi,Delhi Daredevils,Kolkata Knight Riders,Kolkata Knight Riders,,,8,Delhi Daredevils,bat,G Gambhir,BNJ Oxenford,C Shamshuddin,,
733989,2014,2014/05/08,"Sardar Patel Stadium, Motera",Ahmedabad,Rajasthan Royals,Sunrisers Hyderabad,Sunrisers Hyderabad,,32,,Rajasthan Royals,field,B Kumar,AK Chaudhary,NJ Llong,,
733991,2014,2014/05/09,M Chinnaswamy Stadium,Bangalore,Royal Challengers Bangalore,Kings XI Punjab,Kings XI Punjab,,32,,Royal Challengers Bangalore,field,Sandeep Sharma,S Ravi,K Srinath,,
733993,2014,2014/05/10,Feroz Shah Kotla,Delhi,Delhi Daredevils,Sunrisers Hyderabad,Sunrisers Hyderabad,,,8,Sunrisers Hyderabad,field,DW Steyn,RM Deshpande,BNJ Oxenford,,
734003,2014,2014/05/13,JSCA International Stadium Complex,Ranchi,Chennai Super Kings,Rajasthan Royals,Chennai Super Kings,,,5,Rajasthan Royals,bat,RA Jadeja,BNJ Oxenford,C Shamshuddin,,
733999,2014,2014/05/11,M Chinnaswamy Stadium,Bangalore,Royal Challengers Bangalore,Rajasthan Royals,Rajasthan Royals,,,5,Royal Challengers Bangalore,bat,JP Faulkner,S Ravi,RJ Tucker,,
734009,2014,2014/05/14,Barabati Stadium,Cuttack,Kolkata Knight Riders,Mumbai Indians,Kolkata Knight Riders,,,6,Kolkata Knight Riders,field,RV Uthappa,AK Chaudhary,NJ Llong,,
733995,2014,2014/05/10,Wankhede Stadium,Mumbai,Mumbai Indians,Chennai Super Kings,Chennai Super Kings,,,4,Chennai Super Kings,field,DR Smith,HDPK Dharmasena,VA Kulkarni,,
734001,2014,2014/05/12,"Rajiv Gandhi International Stadium, Uppal",Hyderabad,Sunrisers Hyderabad,Mumbai Indians,Mumbai Indians,,,7,Sunrisers Hyderabad,bat,AT Rayudu,HDPK Dharmasena,VA Kulkarni,,
734005,2014,2014/05/13,M Chinnaswamy Stadium,Bangalore,Royal Challengers Bangalore,Delhi Daredevils,Royal Challengers Bangalore,,16,,Delhi Daredevils,field,Yuvraj Singh,K Srinath,RJ Tucker,,
734007,2014,2014/05/14,"Rajiv Gandhi International Stadium, Uppal",Hyderabad,Sunrisers Hyderabad,Kings XI Punjab,Kings XI Punjab,,,6,Kings XI Punjab,field,WP Saha,VA Kulkarni,PG Pathak,,
733997,2014,2014/05/11,Barabati Stadium,Cuttack,Kings XI Punjab,Kolkata Knight Riders,Kolkata Knight Riders,,,9,Kolkata Knight Riders,field,G Gambhir,NJ Llong,CK Nandan,,
734011,2014,2014/05/15,"Sardar Patel Stadium, Motera",Ahmedabad,Rajasthan Royals,Delhi Daredevils,Rajasthan Royals,,62,,Delhi Daredevils,field,AM Rahane,S Ravi,RJ Tucker,,
734013,2014,2014/05/18,JSCA International Stadium Complex,Ranchi,Chennai Super Kings,Royal Challengers Bangalore,Royal Challengers Bangalore,,,5,Chennai Super Kings,bat,AB de Villiers,BNJ Oxenford,C Shamshuddin,,
734015,2014,2014/05/18,"Rajiv Gandhi International Stadium, Uppal",Hyderabad,Sunrisers Hyderabad,Kolkata Knight Riders,Kolkata Knight Riders,,,7,Sunrisers Hyderabad,bat,UT Yadav,NJ Llong,CK Nandan,,
734017,2014,2014/05/19,"Sardar Patel Stadium, Motera",Ahmedabad,Rajasthan Royals,Mumbai Indians,Mumbai Indians,,25,,Mumbai Indians,bat,MEK Hussey,S Ravi,RJ Tucker,,
734019,2014,2014/05/19,Feroz Shah Kotla,Delhi,Delhi Daredevils,Kings XI Punjab,Kings XI Punjab,,,4,Kings XI Punjab,field,AR Patel,HDPK Dharmasena,PG Pathak,,
734021,2014,2014/05/20,"Rajiv Gandhi International Stadium, Uppal",Hyderabad,Sunrisers Hyderabad,Royal Challengers Bangalore,Sunrisers Hyderabad,,,7,Royal Challengers Bangalore,bat,DA Warner,AK Chaudhary,NJ Llong,,
734025,2014,2014/05/21,"Punjab Cricket Association Stadium, Mohali",Chandigarh,Kings XI Punjab,Mumbai Indians,Mumbai Indians,,,7,Mumbai Indians,field,LMP Simmons,HDPK Dharmasena,VA Kulkarni,,
734027,2014,2014/05/22,Eden Gardens,Kolkata,Kolkata Knight Riders,Royal Challengers Bangalore,Kolkata Knight Riders,,30,,Royal Challengers Bangalore,field,RV Uthappa,AK Chaudhary,CK Nandan,,
734029,2014,2014/05/22,JSCA International Stadium Complex,Ranchi,Chennai Super Kings,Sunrisers Hyderabad,Sunrisers Hyderabad,,,6,Sunrisers Hyderabad,field,DA Warner,BNJ Oxenford,C Shamshuddin,,
734023,2014,2014/05/20,Eden Gardens,Kolkata,Kolkata Knight Riders,Chennai Super Kings,Kolkata Knight Riders,,,8,Kolkata Knight Riders,field,RV Uthappa,RM Deshpande,C Shamshuddin,,
734031,2014,2014/05/23,Wankhede Stadium,Mumbai,Mumbai Indians,Delhi Daredevils,Mumbai Indians,,15,,Delhi Daredevils,field,MEK Hussey,S Ravi,RJ Tucker,,
734033,2014,2014/05/23,"Punjab Cricket Association Stadium, Mohali",Chandigarh,Kings XI Punjab,Rajasthan Royals,Kings XI Punjab,,16,,Rajasthan Royals,field,SE Marsh,HDPK Dharmasena,PG Pathak,,
734037,2014,2014/05/24,Eden Gardens,Kolkata,Kolkata Knight Riders,Sunrisers Hyderabad,Kolkata Knight Riders,,,4,Kolkata Knight Riders,field,YK Pathan,RM Deshpande,BNJ Oxenford,,
734035,2014,2014/05/24,M Chinnaswamy Stadium,Bangalore,Royal Challengers Bangalore,Chennai Super Kings,Chennai Super Kings,,,8,Chennai Super Kings,field,MS Dhoni,AK Chaudhary,NJ Llong,,
734039,2014,2014/05/25,"Punjab Cricket Association Stadium, Mohali",Chandigarh,Kings XI Punjab,Delhi Daredevils,Kings XI Punjab,,,7,Kings XI Punjab,field,M Vohra,HDPK Dharmasena,VA Kulkarni,,
734041,2014,2014/05/25,Wankhede Stadium,Mumbai,Mumbai Indians,Rajasthan Royals,Mumbai Indians,,,5,Mumbai Indians,field,CJ Anderson,K Srinath,RJ Tucker,,
734043,2014,2014/05/27,Eden Gardens,Kolkata,Kings XI Punjab,Kolkata Knight Riders,Kolkata Knight Riders,,28,,Kings XI Punjab,field,UT Yadav,NJ Llong,S Ravi,,
734045,2014,2014/05/28,Brabourne Stadium,Mumbai,Chennai Super Kings,Mumbai Indians,Chennai Super Kings,,,7,Chennai Super Kings,field,SK Raina,VA Kulkarni,BNJ Oxenford,,
734047,2014,2014/05/30,Wankhede Stadium,Mumbai,Chennai Super Kings,Kings XI Punjab,Kings XI Punjab,,24,,Chennai Super Kings,field,V Sehwag,HDPK Dharmasena,RJ Tucker,,
734049,2014,2014/06/01,M Chinnaswamy Stadium,Bangalore,Kolkata Knight Riders,Kings XI Punjab,Kolkata Knight Riders,,,3,Kolkata Knight Riders,field,MK Pandey,HDPK Dharmasena,BNJ Oxenford,,
829707,2015,2015/04/09,"MA Chidambaram Stadium, Chepauk",Chennai,Chennai Super Kings,Delhi Daredevils,Chennai Super Kings,,1,,Delhi Daredevils,field,A Nehra,RK Illingworth,VA Kulkarni,,
829705,2015,2015/04/08,Eden Gardens,Kolkata,Kolkata Knight Riders,Mumbai Indians,Kolkata Knight Riders,,,7,Kolkata Knight Riders,field,M Morkel,S Ravi,C Shamshuddin,,
829711,2015,2015/04/11,"MA Chidambaram Stadium, Chepauk",Chennai,Chennai Super Kings,Sunrisers Hyderabad,Chennai Super Kings,,45,,Chennai Super Kings,bat,BB McCullum,RK Illingworth,VA Kulkarni,,
829709,2015,2015/04/10,Maharashtra Cricket Association Stadium,Pune,Kings XI Punjab,Rajasthan Royals,Rajasthan Royals,,26,,Kings XI Punjab,field,JP Faulkner,SD Fry,CB Gaffaney,,
829715,2015,2015/04/12,Feroz Shah Kotla,Delhi,Delhi Daredevils,Rajasthan Royals,Rajasthan Royals,,,3,Rajasthan Royals,field,DJ Hooda,SD Fry,CB Gaffaney,,
829713,2015,2015/04/11,Eden Gardens,Kolkata,Kolkata Knight Riders,Royal Challengers Bangalore,Royal Challengers Bangalore,,,3,Royal Challengers Bangalore,field,CH Gayle,S Ravi,C Shamshuddin,,
829717,2015,2015/04/12,Wankhede Stadium,Mumbai,Mumbai Indians,Kings XI Punjab,Kings XI Punjab,,18,,Mumbai Indians,field,GJ Bailey,AK Chaudhary,K Srinivasan,,
829719,2015,2015/04/13,M Chinnaswamy Stadium,Bangalore,Royal Challengers Bangalore,Sunrisers Hyderabad,Sunrisers Hyderabad,,,8,Sunrisers Hyderabad,field,DA Warner,RM Deshpande,RK Illingworth,,
829721,2015,2015/04/14,"Sardar Patel Stadium, Motera",Ahmedabad,Rajasthan Royals,Mumbai Indians,Rajasthan Royals,,,7,Mumbai Indians,bat,SPD Smith,AK Chaudhary,SD Fry,,
829723,2015,2015/04/30,Eden Gardens,Kolkata,Kolkata Knight Riders,Chennai Super Kings,Kolkata Knight Riders,,,7,Kolkata Knight Riders,field,AD Russell,AK Chaudhary,M Erasmus,,
829725,2015,2015/04/15,Maharashtra Cricket Association Stadium,Pune,Kings XI Punjab,Delhi Daredevils,Delhi Daredevils,,,5,Kings XI Punjab,bat,MA Agarwal,CB Gaffaney,K Srinath,,
829727,2015,2015/04/16,Dr. Y.S. Rajasekhara Reddy ACA-VDCA Cricket Stadium,Visakhapatnam,Sunrisers Hyderabad,Rajasthan Royals,Rajasthan Royals,,,6,Rajasthan Royals,field,AM Rahane,PG Pathak,S Ravi,,
829729,2015,2015/04/17,Wankhede Stadium,Mumbai,Mumbai Indians,Chennai Super Kings,Chennai Super Kings,,,6,Mumbai Indians,bat,A Nehra,AK Chaudhary,M Erasmus,,
829731,2015,2015/04/18,Dr. Y.S. Rajasekhara Reddy ACA-VDCA Cricket Stadium,Visakhapatnam,Sunrisers Hyderabad,Delhi Daredevils,Delhi Daredevils,,4,,Delhi Daredevils,bat,JP Duminy,PG Pathak,S Ravi,,
829735,2015,2015/04/19,"Sardar Patel Stadium, Motera",Ahmedabad,Rajasthan Royals,Chennai Super Kings,Rajasthan Royals,,,8,Chennai Super Kings,bat,AM Rahane,AK Chaudhary,M Erasmus,,
829733,2015,2015/04/18,Maharashtra Cricket Association Stadium,Pune,Kings XI Punjab,Kolkata Knight Riders,Kolkata Knight Riders,,,4,Kolkata Knight Riders,field,AD Russell,SD Fry,CK Nandan,,
829737,2015,2015/04/19,M Chinnaswamy Stadium,Bangalore,Royal Challengers Bangalore,Mumbai Indians,Mumbai Indians,,18,,Royal Challengers Bangalore,field,Harbhajan Singh,RK Illingworth,VA Kulkarni,,
829741,2015,2015/04/21,"Sardar Patel Stadium, Motera",Ahmedabad,Rajasthan Royals,Kings XI Punjab,Tie,tie,,,Kings XI Punjab,field,SE Marsh,M Erasmus,S Ravi,,
829743,2015,2015/04/22,Dr. Y.S. Rajasekhara Reddy ACA-VDCA Cricket Stadium,Visakhapatnam,Sunrisers Hyderabad,Kolkata Knight Riders,Sunrisers Hyderabad,,16,,Kolkata Knight Riders,field,DA Warner,RK Illingworth,VA Kulkarni,,
829739,2015,2015/04/20,Feroz Shah Kotla,Delhi,Delhi Daredevils,Kolkata Knight Riders,Kolkata Knight Riders,,,6,Kolkata Knight Riders,field,UT Yadav,SD Fry,CB Gaffaney,,
829747,2015,2015/04/23,Feroz Shah Kotla,Delhi,Delhi Daredevils,Mumbai Indians,Delhi Daredevils,,37,,Mumbai Indians,field,SS Iyer,SD Fry,CK Nandan,,
829749,2015,2015/04/24,"Sardar Patel Stadium, Motera",Ahmedabad,Rajasthan Royals,Royal Challengers Bangalore,Royal Challengers Bangalore,,,9,Royal Challengers Bangalore,field,MA Starc,M Erasmus,S Ravi,,
829745,2015,2015/04/22,M Chinnaswamy Stadium,Bangalore,Royal Challengers Bangalore,Chennai Super Kings,Chennai Super Kings,,27,,Royal Challengers Bangalore,field,SK Raina,JD Cloete,C Shamshuddin,,
829751,2015,2015/04/25,Wankhede Stadium,Mumbai,Mumbai Indians,Sunrisers Hyderabad,Mumbai Indians,,20,,Mumbai Indians,bat,SL Malinga,HDPK Dharmasena,CB Gaffaney,,
829753,2015,2015/04/25,"MA Chidambaram Stadium, Chepauk",Chennai,Chennai Super Kings,Kings XI Punjab,Chennai Super Kings,,97,,Chennai Super Kings,bat,BB McCullum,JD Cloete,C Shamshuddin,,
829757,2015,2015/04/26,Feroz Shah Kotla,Delhi,Delhi Daredevils,Royal Challengers Bangalore,Royal Challengers Bangalore,,,10,Royal Challengers Bangalore,field,VR Aaron,M Erasmus,S Ravi,,
829759,2015,2015/04/27,"Punjab Cricket Association Stadium, Mohali",Chandigarh,Kings XI Punjab,Sunrisers Hyderabad,Sunrisers Hyderabad,,20,,Kings XI Punjab,field,TA Boult,HDPK Dharmasena,CB Gaffaney,,
829761,2015,2015/05/07,Eden Gardens,Kolkata,Kolkata Knight Riders,Delhi Daredevils,Kolkata Knight Riders,,13,,Kolkata Knight Riders,bat,PP Chawla,AK Chaudhary,M Erasmus,,
829763,2015,2015/04/29,M Chinnaswamy Stadium,Bangalore,Royal Challengers Bangalore,Rajasthan Royals,No Result,no result,,,Rajasthan Royals,field,,JD Cloete,PG Pathak,,
829765,2015,2015/04/28,"MA Chidambaram Stadium, Chepauk",Chennai,Chennai Super Kings,Kolkata Knight Riders,Chennai Super Kings,,2,,Kolkata Knight Riders,field,DJ Bravo,RM Deshpande,VA Kulkarni,,
829767,2015,2015/05/01,Feroz Shah Kotla,Delhi,Delhi Daredevils,Kings XI Punjab,Delhi Daredevils,,,9,Delhi Daredevils,field,NM Coulter-Nile,RK Illingworth,S Ravi,,
829769,2015,2015/05/01,Wankhede Stadium,Mumbai,Mumbai Indians,Rajasthan Royals,Mumbai Indians,,8,,Rajasthan Royals,field,AT Rayudu,HDPK Dharmasena,CK Nandan,,
829771,2015,2015/05/02,M Chinnaswamy Stadium,Bangalore,Royal Challengers Bangalore,Kolkata Knight Riders,Royal Challengers Bangalore,,,7,Royal Challengers Bangalore,field,Mandeep Singh,JD Cloete,PG Pathak,,
829773,2015,2015/05/02,"Rajiv Gandhi International Stadium, Uppal",Hyderabad,Sunrisers Hyderabad,Chennai Super Kings,Sunrisers Hyderabad,,22,,Chennai Super Kings,field,DA Warner,AK Chaudhary,K Srinivasan,,
829775,2015,2015/05/03,"Punjab Cricket Association Stadium, Mohali",Chandigarh,Kings XI Punjab,Mumbai Indians,Mumbai Indians,,23,,Mumbai Indians,bat,LMP Simmons,RK Illingworth,VA Kulkarni,,
829783,2015,2015/05/05,Wankhede Stadium,Mumbai,Mumbai Indians,Delhi Daredevils,Mumbai Indians,,,5,Delhi Daredevils,bat,Harbhajan Singh,HDPK Dharmasena,CB Gaffaney,,
829779,2015,2015/05/04,"MA Chidambaram Stadium, Chepauk",Chennai,Chennai Super Kings,Royal Challengers Bangalore,Chennai Super Kings,,24,,Chennai Super Kings,bat,SK Raina,C Shamshuddin,K Srinath,,
829777,2015,2015/05/03,Brabourne Stadium,Mumbai,Rajasthan Royals,Delhi Daredevils,Rajasthan Royals,,14,,Delhi Daredevils,field,AM Rahane,HDPK Dharmasena,CB Gaffaney,,
829781,2015,2015/05/04,Eden Gardens,Kolkata,Kolkata Knight Riders,Sunrisers Hyderabad,Kolkata Knight Riders,,35,,Sunrisers Hyderabad,field,UT Yadav,AK Chaudhary,M Erasmus,,
829785,2015,2015/05/06,M Chinnaswamy Stadium,Bangalore,Royal Challengers Bangalore,Kings XI Punjab,Royal Challengers Bangalore,,138,,Kings XI Punjab,field,CH Gayle,RK Illingworth,VA Kulkarni,,
829787,2015,2015/05/07,Brabourne Stadium,Mumbai,Rajasthan Royals,Sunrisers Hyderabad,Sunrisers Hyderabad,,7,,Rajasthan Royals,field,EJG Morgan,JD Cloete,C Shamshuddin,,
829789,2015,2015/05/08,"MA Chidambaram Stadium, Chepauk",Chennai,Chennai Super Kings,Mumbai Indians,Mumbai Indians,,,6,Chennai Super Kings,bat,HH Pandya,CB Gaffaney,CK Nandan,,
829791,2015,2015/05/09,Eden Gardens,Kolkata,Kolkata Knight Riders,Kings XI Punjab,Kolkata Knight Riders,,,1,Kings XI Punjab,bat,AD Russell,AK Chaudhary,HDPK Dharmasena,,
829795,2015,2015/05/10,Wankhede Stadium,Mumbai,Mumbai Indians,Royal Challengers Bangalore,Royal Challengers Bangalore,,39,,Royal Challengers Bangalore,bat,AB de Villiers,JD Cloete,C Shamshuddin,,
829793,2015,2015/05/09,Shaheed Veer Narayan Singh International Stadium,Raipur,Delhi Daredevils,Sunrisers Hyderabad,Sunrisers Hyderabad,,6,,Sunrisers Hyderabad,bat,MC Henriques,VA Kulkarni,S Ravi,,
829799,2015,2015/05/11,"Rajiv Gandhi International Stadium, Uppal",Hyderabad,Sunrisers Hyderabad,Kings XI Punjab,Sunrisers Hyderabad,,5,,Sunrisers Hyderabad,bat,DA Warner,AK Chaudhary,HDPK Dharmasena,,
829797,2015,2015/05/10,"MA Chidambaram Stadium, Chepauk",Chennai,Chennai Super Kings,Rajasthan Royals,Chennai Super Kings,,12,,Chennai Super Kings,bat,RA Jadeja,M Erasmus,CK Nandan,,
829801,2015,2015/05/12,Shaheed Veer Narayan Singh International Stadium,Raipur,Delhi Daredevils,Chennai Super Kings,Delhi Daredevils,,,6,Chennai Super Kings,bat,Z Khan,RK Illingworth,VA Kulkarni,,
829803,2015,2015/05/13,"Punjab Cricket Association Stadium, Mohali",Chandigarh,Kings XI Punjab,Royal Challengers Bangalore,Kings XI Punjab,,22,,Royal Challengers Bangalore,field,AR Patel,JD Cloete,C Shamshuddin,,
829807,2015,2015/05/15,"Rajiv Gandhi International Stadium, Uppal",Hyderabad,Sunrisers Hyderabad,Royal Challengers Bangalore,Royal Challengers Bangalore,,,6,Sunrisers Hyderabad,bat,V Kohli,AK Chaudhary,HDPK Dharmasena,,
829805,2015,2015/05/14,Wankhede Stadium,Mumbai,Mumbai Indians,Kolkata Knight Riders,Mumbai Indians,,5,,Kolkata Knight Riders,field,HH Pandya,RK Illingworth,VA Kulkarni,,
829809,2015,2015/05/16,"Punjab Cricket Association Stadium, Mohali",Chandigarh,Kings XI Punjab,Chennai Super Kings,Chennai Super Kings,,,7,Kings XI Punjab,bat,P Negi,CK Nandan,C Shamshuddin,,
829813,2015,2015/05/17,M Chinnaswamy Stadium,Bangalore,Royal Challengers Bangalore,Delhi Daredevils,No Result,no result,,,Royal Challengers Bangalore,field,,HDPK Dharmasena,K Srinivasan,,
829811,2015,2015/05/16,Brabourne Stadium,Mumbai,Rajasthan Royals,Kolkata Knight Riders,Rajasthan Royals,,9,,Rajasthan Royals,bat,SR Watson,RM Deshpande,RK Illingworth,,
829815,2015,2015/05/17,"Rajiv Gandhi International Stadium, Uppal",Hyderabad,Sunrisers Hyderabad,Mumbai Indians,Mumbai Indians,,,9,Sunrisers Hyderabad,bat,MJ McClenaghan,CB Gaffaney,K Srinath,,
829817,2015,2015/05/19,Wankhede Stadium,Mumbai,Chennai Super Kings,Mumbai Indians,Mumbai Indians,,25,,Mumbai Indians,bat,KA Pollard,HDPK Dharmasena,RK Illingworth,,
829819,2015,2015/05/20,Maharashtra Cricket Association Stadium,Pune,Royal Challengers Bangalore,Rajasthan Royals,Royal Challengers Bangalore,,71,,Royal Challengers Bangalore,bat,AB de Villiers,AK Chaudhary,C Shamshuddin,,
829821,2015,2015/05/22,JSCA International Stadium Complex,Ranchi,Chennai Super Kings,Royal Challengers Bangalore,Chennai Super Kings,,,3,Chennai Super Kings,field,A Nehra,AK Chaudhary,CB Gaffaney,,
829823,2015,2015/05/24,Eden Gardens,Kolkata,Mumbai Indians,Chennai Super Kings,Mumbai Indians,,41,,Chennai Super Kings,field,RG Sharma,HDPK Dharmasena,RK Illingworth,,
980901,2016,2016/04/09,Wankhede Stadium,Mumbai,Mumbai Indians,Rising Pune Supergiants,Rising Pune Supergiants,,,9,Mumbai Indians,bat,AM Rahane,HDPK Dharmasena,CK Nandan,,
980903,2016,2016/04/10,Eden Gardens,Kolkata,Kolkata Knight Riders,Delhi Daredevils,Kolkata Knight Riders,,,9,Kolkata Knight Riders,field,AD Russell,S Ravi,C Shamshuddin,,
980905,2016,2016/04/11,"Punjab Cricket Association IS Bindra Stadium, Mohali",Chandigarh,Kings XI Punjab,Gujarat Lions,Gujarat Lions,,,5,Gujarat Lions,field,AJ Finch,AK Chaudhary,VA Kulkarni,,
980907,2016,2016/04/12,M Chinnaswamy Stadium,Bangalore,Royal Challengers Bangalore,Sunrisers Hyderabad,Royal Challengers Bangalore,,45,,Sunrisers Hyderabad,field,AB de Villiers,HDPK Dharmasena,VK Sharma,,
980909,2016,2016/04/13,Eden Gardens,Kolkata,Kolkata Knight Riders,Mumbai Indians,Mumbai Indians,,,6,Mumbai Indians,field,RG Sharma,Nitin Menon,S Ravi,,
980911,2016,2016/04/14,Saurashtra Cricket Association Stadium,Rajkot,Gujarat Lions,Rising Pune Supergiants,Gujarat Lions,,,7,Rising Pune Supergiants,bat,AJ Finch,VA Kulkarni,CK Nandan,,
980913,2016,2016/04/15,Feroz Shah Kotla,Delhi,Delhi Daredevils,Kings XI Punjab,Delhi Daredevils,,,8,Delhi Daredevils,field,A Mishra,S Ravi,C Shamshuddin,,
980915,2016,2016/04/16,"Rajiv Gandhi International Stadium, Uppal",Hyderabad,Sunrisers Hyderabad,Kolkata Knight Riders,Kolkata Knight Riders,,,8,Sunrisers Hyderabad,bat,G Gambhir,AK Chaudhary,CK Nandan,,
980917,2016,2016/04/16,Wankhede Stadium,Mumbai,Mumbai Indians,Gujarat Lions,Gujarat Lions,,,3,Gujarat Lions,field,AJ Finch,HDPK Dharmasena,VK Sharma,,
980923,2016,2016/04/18,"Rajiv Gandhi International Stadium, Uppal",Hyderabad,Sunrisers Hyderabad,Mumbai Indians,Sunrisers Hyderabad,,,7,Sunrisers Hyderabad,field,DA Warner,HDPK Dharmasena,VK Sharma,,
980921,2016,2016/04/17,M Chinnaswamy Stadium,Bangalore,Royal Challengers Bangalore,Delhi Daredevils,Delhi Daredevils,,,7,Delhi Daredevils,field,Q de Kock,VA Kulkarni,A Nand Kishore,,
980919,2016,2016/04/17,"Punjab Cricket Association IS Bindra Stadium, Mohali",Chandigarh,Kings XI Punjab,Rising Pune Supergiants,Kings XI Punjab,,,6,Rising Pune Supergiants,bat,M Vohra,S Ravi,C Shamshuddin,,
980925,2016,2016/04/19,"Punjab Cricket Association IS Bindra Stadium, Mohali",Chandigarh,Kings XI Punjab,Kolkata Knight Riders,Kolkata Knight Riders,,,6,Kolkata Knight Riders,field,RV Uthappa,S Ravi,C Shamshuddin,,
980927,2016,2016/04/20,Wankhede Stadium,Mumbai,Mumbai Indians,Royal Challengers Bangalore,Mumbai Indians,,,6,Mumbai Indians,field,RG Sharma,AK Chaudhary,CK Nandan,,
980929,2016,2016/04/21,Saurashtra Cricket Association Stadium,Rajkot,Gujarat Lions,Sunrisers Hyderabad,Sunrisers Hyderabad,,,10,Sunrisers Hyderabad,field,B Kumar,K Bharatan,HDPK Dharmasena,,
980935,2016,2016/04/23,"Rajiv Gandhi International Stadium, Uppal",Hyderabad,Sunrisers Hyderabad,Kings XI Punjab,Sunrisers Hyderabad,,,5,Sunrisers Hyderabad,field,Mustafizur Rahman,AK Chaudhary,CK Nandan,,
980933,2016,2016/04/23,Feroz Shah Kotla,Delhi,Delhi Daredevils,Mumbai Indians,Delhi Daredevils,,10,,Mumbai Indians,field,SV Samson,S Ravi,C Shamshuddin,,
980937,2016,2016/04/24,Saurashtra Cricket Association Stadium,Rajkot,Gujarat Lions,Royal Challengers Bangalore,Gujarat Lions,,,6,Royal Challengers Bangalore,bat,V Kohli,K Bharatan,BNJ Oxenford,,
980931,2016,2016/04/22,Maharashtra Cricket Association Stadium,Pune,Rising Pune Supergiants,Royal Challengers Bangalore,Royal Challengers Bangalore,,13,,Rising Pune Supergiants,field,AB de Villiers,CB Gaffaney,VK Sharma,,
980941,2016,2016/04/25,"Punjab Cricket Association IS Bindra Stadium, Mohali",Chandigarh,Kings XI Punjab,Mumbai Indians,Mumbai Indians,,25,,Kings XI Punjab,field,PA Patel,Nitin Menon,RJ Tucker,,
980939,2016,2016/04/24,Maharashtra Cricket Association Stadium,Pune,Rising Pune Supergiants,Kolkata Knight Riders,Kolkata Knight Riders,,,2,Kolkata Knight Riders,field,SA Yadav,CB Gaffaney,A Nand Kishore,,
980943,2016,2016/04/26,"Rajiv Gandhi International Stadium, Uppal",Hyderabad,Sunrisers Hyderabad,Rising Pune Supergiants,Rising Pune Supergiants,,34,,Rising Pune Supergiants,field,AB Dinda,AY Dandekar,CK Nandan,,
980945,2016,2016/04/27,Feroz Shah Kotla,Delhi,Delhi Daredevils,Gujarat Lions,Gujarat Lions,,1,,Delhi Daredevils,field,CH Morris,M Erasmus,S Ravi,,
980951,2016,2016/04/30,Feroz Shah Kotla,Delhi,Delhi Daredevils,Kolkata Knight Riders,Delhi Daredevils,,27,,Kolkata Knight Riders,field,CR Brathwaite,KN Ananthapadmanabhan,M Erasmus,,
980953,2016,2016/04/30,"Rajiv Gandhi International Stadium, Uppal",Hyderabad,Sunrisers Hyderabad,Royal Challengers Bangalore,Sunrisers Hyderabad,,15,,Royal Challengers Bangalore,field,DA Warner,AK Chaudhary,HDPK Dharmasena,,
980947,2016,2016/04/28,Wankhede Stadium,Mumbai,Mumbai Indians,Kolkata Knight Riders,Mumbai Indians,,,6,Mumbai Indians,field,RG Sharma,Nitin Menon,RJ Tucker,,
980949,2016,2016/04/29,Maharashtra Cricket Association Stadium,Pune,Rising Pune Supergiants,Gujarat Lions,Gujarat Lions,,,3,Gujarat Lions,field,DR Smith,CB Gaffaney,BNJ Oxenford,,
980955,2016,2016/05/01,Saurashtra Cricket Association Stadium,Rajkot,Gujarat Lions,Kings XI Punjab,Kings XI Punjab,,23,,Gujarat Lions,field,AR Patel,BNJ Oxenford,VK Sharma,,
980957,2016,2016/05/01,Maharashtra Cricket Association Stadium,Pune,Rising Pune Supergiants,Mumbai Indians,Mumbai Indians,,,8,Mumbai Indians,field,RG Sharma,AY Dandekar,RJ Tucker,,
980959,2016,2016/05/02,M Chinnaswamy Stadium,Bangalore,Royal Challengers Bangalore,Kolkata Knight Riders,Kolkata Knight Riders,,,5,Kolkata Knight Riders,field,AD Russell,M Erasmus,S Ravi,,
980961,2016,2016/05/03,Saurashtra Cricket Association Stadium,Rajkot,Gujarat Lions,Delhi Daredevils,Delhi Daredevils,,,8,Delhi Daredevils,field,RR Pant,CB Gaffaney,BNJ Oxenford,,
980967,2016,2016/05/06,"Rajiv Gandhi International Stadium, Uppal",Hyderabad,Sunrisers Hyderabad,Gujarat Lions,Sunrisers Hyderabad,,,5,Sunrisers Hyderabad,field,B Kumar,M Erasmus,S Ravi,,
980963,2016,2016/05/04,Eden Gardens,Kolkata,Kolkata Knight Riders,Kings XI Punjab,Kolkata Knight Riders,,7,,Kings XI Punjab,field,AD Russell,AK Chaudhary,HDPK Dharmasena,,
980965,2016,2016/05/05,Feroz Shah Kotla,Delhi,Delhi Daredevils,Rising Pune Supergiants,Rising Pune Supergiants,,,7,Rising Pune Supergiants,field,AM Rahane,C Shamshuddin,RJ Tucker,,
980969,2016,2016/05/07,M Chinnaswamy Stadium,Bangalore,Royal Challengers Bangalore,Rising Pune Supergiants,Royal Challengers Bangalore,,,7,Royal Challengers Bangalore,field,V Kohli,CB Gaffaney,BNJ Oxenford,,
980971,2016,2016/05/07,"Punjab Cricket Association IS Bindra Stadium, Mohali",Chandigarh,Kings XI Punjab,Delhi Daredevils,Kings XI Punjab,,9,,Delhi Daredevils,field,MP Stoinis,HDPK Dharmasena,CK Nandan,,
980975,2016,2016/05/08,Eden Gardens,Kolkata,Kolkata Knight Riders,Gujarat Lions,Gujarat Lions,,,5,Gujarat Lions,field,P Kumar,M Erasmus,RJ Tucker,,
980973,2016,2016/05/08,Dr. Y.S. Rajasekhara Reddy ACA-VDCA Cricket Stadium,Visakhapatnam,Mumbai Indians,Sunrisers Hyderabad,Sunrisers Hyderabad,,85,,Mumbai Indians,field,A Nehra,S Ravi,C Shamshuddin,,
980977,2016,2016/05/09,"Punjab Cricket Association IS Bindra Stadium, Mohali",Chandigarh,Kings XI Punjab,Royal Challengers Bangalore,Royal Challengers Bangalore,,1,,Kings XI Punjab,field,SR Watson,AK Chaudhary,HDPK Dharmasena,,
980979,2016,2016/05/10,Dr. Y.S. Rajasekhara Reddy ACA-VDCA Cricket Stadium,Visakhapatnam,Rising Pune Supergiants,Sunrisers Hyderabad,Sunrisers Hyderabad,,4,,Sunrisers Hyderabad,bat,A Zampa,CB Gaffaney,VK Sharma,,
980981,2016,2016/05/11,M Chinnaswamy Stadium,Bangalore,Royal Challengers Bangalore,Mumbai Indians,Mumbai Indians,,,6,Mumbai Indians,field,KH Pandya,AY Dandekar,C Shamshuddin,,
980983,2016,2016/05/12,"Rajiv Gandhi International Stadium, Uppal",Hyderabad,Sunrisers Hyderabad,Delhi Daredevils,Delhi Daredevils,,,7,Delhi Daredevils,field,CH Morris,K Bharatan,M Erasmus,,
980989,2016,2016/05/14,Eden Gardens,Kolkata,Kolkata Knight Riders,Rising Pune Supergiants,Kolkata Knight Riders,,,8,Rising Pune Supergiants,bat,YK Pathan,A Nand Kishore,BNJ Oxenford,,
980987,2016,2016/05/14,M Chinnaswamy Stadium,Bangalore,Royal Challengers Bangalore,Gujarat Lions,Royal Challengers Bangalore,,144,,Gujarat Lions,field,AB de Villiers,AY Dandekar,VK Sharma,,
980985,2016,2016/05/13,Dr. Y.S. Rajasekhara Reddy ACA-VDCA Cricket Stadium,Visakhapatnam,Mumbai Indians,Kings XI Punjab,Kings XI Punjab,,,7,Mumbai Indians,bat,MP Stoinis,HDPK Dharmasena,CK Nandan,,
980993,2016,2016/05/15,Dr. Y.S. Rajasekhara Reddy ACA-VDCA Cricket Stadium,Visakhapatnam,Mumbai Indians,Delhi Daredevils,Mumbai Indians,,80,,Delhi Daredevils,field,KH Pandya,Nitin Menon,CK Nandan,,
980997,2016,2016/05/17,Dr. Y.S. Rajasekhara Reddy ACA-VDCA Cricket Stadium,Visakhapatnam,Rising Pune Supergiants,Delhi Daredevils,Rising Pune Supergiants,,19,,Rising Pune Supergiants,field,AB Dinda,Nitin Menon,C Shamshuddin,,
980995,2016,2016/05/16,Eden Gardens,Kolkata,Kolkata Knight Riders,Royal Challengers Bangalore,Royal Challengers Bangalore,,,9,Royal Challengers Bangalore,field,V Kohli,CB Gaffaney,A Nand Kishore,,
980991,2016,2016/05/15,"Punjab Cricket Association IS Bindra Stadium, Mohali",Chandigarh,Kings XI Punjab,Sunrisers Hyderabad,Sunrisers Hyderabad,,,7,Kings XI Punjab,bat,HM Amla,KN Ananthapadmanabhan,M Erasmus,,
980999,2016,2016/05/18,M Chinnaswamy Stadium,Bangalore,Royal Challengers Bangalore,Kings XI Punjab,Royal Challengers Bangalore,,82,,Kings XI Punjab,field,V Kohli,KN Ananthapadmanabhan,M Erasmus,,
981001,2016,2016/05/19,Green Park,Kanpur,Gujarat Lions,Kolkata Knight Riders,Gujarat Lions,,,6,Gujarat Lions,field,DR Smith,AK Chaudhary,CK Nandan,,
981003,2016,2016/05/20,Shaheed Veer Narayan Singh International Stadium,Raipur,Delhi Daredevils,Sunrisers Hyderabad,Delhi Daredevils,,,6,Delhi Daredevils,field,KK Nair,A Nand Kishore,BNJ Oxenford,,
981005,2016,2016/05/21,Dr. Y.S. Rajasekhara Reddy ACA-VDCA Cricket Stadium,Visakhapatnam,Rising Pune Supergiants,Kings XI Punjab,Rising Pune Supergiants,,,4,Kings XI Punjab,bat,MS Dhoni,HDPK Dharmasena,Nitin Menon,,
981007,2016,2016/05/21,Green Park,Kanpur,Gujarat Lions,Mumbai Indians,Gujarat Lions,,,6,Gujarat Lions,field,SK Raina,AK Chaudhary,CK Nandan,,
981011,2016,2016/05/22,Shaheed Veer Narayan Singh International Stadium,Raipur,Delhi Daredevils,Royal Challengers Bangalore,Royal Challengers Bangalore,,,6,Royal Challengers Bangalore,field,V Kohli,A Nand Kishore,BNJ Oxenford,,
981009,2016,2016/05/22,Eden Gardens,Kolkata,Kolkata Knight Riders,Sunrisers Hyderabad,Kolkata Knight Riders,,22,,Sunrisers Hyderabad,field,YK Pathan,KN Ananthapadmanabhan,M Erasmus,,
981013,2016,2016/05/24,M Chinnaswamy Stadium,Bangalore,Gujarat Lions,Royal Challengers Bangalore,Royal Challengers Bangalore,,,4,Royal Challengers Bangalore,field,AB de Villiers,AK Chaudhary,HDPK Dharmasena,,
981015,2016,2016/05/25,Feroz Shah Kotla,Delhi,Sunrisers Hyderabad,Kolkata Knight Riders,Sunrisers Hyderabad,,22,,Kolkata Knight Riders,field,MC Henriques,M Erasmus,C Shamshuddin,,
981017,2016,2016/05/27,Feroz Shah Kotla,Delhi,Gujarat Lions,Sunrisers Hyderabad,Sunrisers Hyderabad,,,4,Sunrisers Hyderabad,field,DA Warner,M Erasmus,CK Nandan,,
981019,2016,2016/05/29,M Chinnaswamy Stadium,Bangalore,Royal Challengers Bangalore,Sunrisers Hyderabad,Sunrisers Hyderabad,,8,,Sunrisers Hyderabad,bat,BCJ Cutting,HDPK Dharmasena,BNJ Oxenford,,
