Player_Name,Matches_Played,Runs,Fours,Sixes,Singles,Doubles,Triples,Balls_Faced,Dot_Balls,Highest_Score,Innings_Batted,Dismissals,50s,100s,Ducks,Not_Outs,Average,Strike_Rate,Boundaries,Boundary_Percentage,Balls_Bowled,Runs_Conceded,Wickets,Dot_Balls_Bowled,Fours_Conceded,Sixes_Conceded,Maidens,Overs_Bowled,Economy,Bowling_Average,Bowling_Strike_Rate,Caught,Run_Out,Stumping,Player_of_the_Match_Count,Batting_Position,Batting_Impact_Score,Bowling_Impact_Score,Overall_Impact_Score
A Symonds,36,974,74,41,288,66,4,750,262,117,36,27,5,1,0,9,36.07,129.87,115,55.65,527,674,20,190,44,33,0,87.83,7.67,33.7,26.35,0,0,0,3,1,1525.93,703.26,2229.2
A Flintoff,3,62,5,2,23,2,1,53,17,24,3,2,0,0,0,1,31.0,116.98,7,51.61,66,105,2,20,7,7,0,11.0,9.55,52.5,33.0,0,0,0,0,1,151.49,0.0,151.49
R Dhawan,37,210,18,7,61,16,1,187,81,25,22,11,0,0,1,11,19.09,112.3,25,54.29,662,891,25,205,71,27,1,110.33,8.08,35.64,26.48,0,0,0,0,7,371.15,829.24,1200.39
Harmeet Singh (2),1,0,0,0,0,0,0,0,0,0,0,0,0,0,0,0,0.0,0.0,0,0.0,24,34,1,12,3,2,0,4.0,8.5,34.0,24.0,0,0,0,0,11,0.0,0.0,0.0
SS Iyer,136,3938,329,166,1252,174,7,2908,945,97,135,113,30,0,7,22,34.85,135.42,495,58.71,6,7,0,4,0,1,0,1.0,7.0,0.0,0.0,0,0,0,10,7,5974.71,0.0,5974.71
JE Root,2,10,1,0,6,0,0,15,8,10,1,1,0,0,0,0,10.0,66.67,1,40.0,12,14,0,1,1,0,0,2.0,7.0,0.0,0.0,0,0,0,0,5,48.33,0.0,48.33
S Chanderpaul,3,25,4,0,9,0,0,31,18,16,3,3,0,0,0,0,8.33,80.65,4,64.0,0,0,0,0,0,0,0,0.0,0.0,0.0,0.0,0,0,0,0,6,77.82,0.0,77.82
AJ Finch,90,2092,214,78,546,105,4,1635,628,88,90,84,15,0,7,6,24.9,127.95,292,63.29,43,67,1,13,4,4,0,7.17,9.35,67.0,43.0,0,0,0,5,1,3201.98,0.0,3201.98
KS Rathore,1,0,0,0,0,0,0,5,5,0,1,1,0,0,1,0,0.0,0.0,0,0.0,0,0,0,0,0,0,0,0.0,0.0,0.0,0.0,0,0,0,0,3,0.0,0.0,0.0
W O'Rourke,3,0,0,0,0,0,0,0,0,0,0,0,0,0,0,0,0.0,0.0,0,0.0,62,132,6,15,16,6,0,10.33,12.77,22.0,10.33,0,0,0,0,11,0.0,22.26,22.26
CJ Anderson,30,538,40,31,139,25,1,423,180,95,29,22,3,0,2,7,24.45,127.19,71,64.31,297,518,11,79,52,23,0,49.5,10.46,47.09,27.0,0,0,0,3,3,870.59,273.35,1143.95
IC Porel,1,0,0,0,0,0,0,0,0,0,0,0,0,0,0,0,0.0,0.0,0,0.0,24,39,1,7,6,1,0,4.0,9.75,39.0,24.0,0,0,0,0,11,0.0,0.0,0.0
Arshad Khan,18,119,5,9,29,8,0,84,31,58,10,5,1,0,1,5,23.8,141.67,14,62.18,260,497,12,90,56,24,0,43.33,11.47,41.42,21.67,0,0,0,0,1,249.33,305.31,554.64
Shivang Kumar,4,9,2,0,1,0,0,6,3,5,2,2,0,0,0,0,4.5,150.0,2,88.89,90,132,4,25,14,4,0,15.0,8.8,33.0,22.5,0,0,0,0,8,88.5,42.0,130.5
DB Ravi Teja,25,375,35,9,136,18,3,317,105,60,25,19,1,0,1,6,19.74,118.3,44,51.73,18,28,1,4,1,2,0,3.0,9.33,28.0,18.0,0,0,0,0,3,621.65,0.0,621.65
PM Sarvesh Kumar,2,1,0,0,1,0,0,2,1,1,1,0,0,0,0,1,1.0,50.0,0,0.0,30,42,1,11,7,0,0,5.0,8.4,42.0,30.0,0,0,0,0,5,26.5,0.0,26.5
Sakib Hussain,1,0,0,0,0,0,0,0,0,0,0,0,0,0,0,0,0.0,0.0,0,0.0,24,24,4,14,3,0,0,4.0,6.0,6.0,6.0,0,0,0,0,11,0.0,48.0,48.0
N Saini,10,140,16,0,43,15,1,141,63,50,10,10,1,0,0,0,14.0,99.29,16,45.71,0,0,0,0,0,0,0,0.0,0.0,0.0,0.0,0,0,0,0,5,259.65,0.0,259.65
Tanush Kotian,1,24,3,0,10,1,0,31,17,24,1,1,0,0,0,0,24.0,77.42,3,50.0,0,0,0,0,0,0,0,0.0,0.0,0.0,0.0,0,0,0,0,7,74.71,0.0,74.71
CK Kapugedera,4,16,0,0,12,2,0,23,7,8,3,3,0,0,1,0,5.33,69.57,0,0.0,17,49,0,0,5,3,0,2.83,17.29,0.0,0.0,0,0,0,0,1,58.78,0.0,58.78
RA Shaikh,1,0,0,0,0,0,0,0,0,0,0,0,0,0,0,0,0.0,0.0,0,0.0,6,11,0,1,2,0,0,1.0,11.0,0.0,0.0,0,0,0,0,11,0.0,0.0,0.0
A Mhatre,12,411,46,22,75,10,0,227,74,94,12,12,3,0,2,0,34.25,181.06,68,76.89,0,0,0,0,0,0,0,0.0,0.0,0.0,0.0,0,0,0,0,2,707.03,0.0,707.03
H Klaasen,50,1704,111,97,484,91,4,1029,234,105,50,42,9,2,1,8,40.57,165.6,208,60.21,0,0,0,0,0,0,0,0.0,0.0,0.0,0.0,0,0,0,1,4,2638.8,0.0,2638.8
Mohammad Nabi,24,221,18,12,58,8,1,152,49,37,19,17,0,0,1,2,13.0,145.39,30,65.16,417,517,15,146,33,26,0,69.5,7.44,34.47,27.8,0,0,0,0,5,404.2,517.61,921.81
BR Sharath,1,2,0,0,2,0,0,5,3,2,1,1,0,0,0,0,2.0,40.0,0,0.0,0,0,0,0,0,0,0,0.0,0.0,0.0,0.0,0,0,0,0,2,23.0,0.0,23.0
SM Harwood,3,9,0,0,5,2,0,14,4,6,2,0,0,0,0,2,9.0,64.29,0,0.0,60,73,3,33,6,2,0,10.0,7.3,24.33,20.0,0,0,0,0,8,45.64,53.0,98.64
TU Deshpande,49,53,2,4,11,5,0,33,8,25,9,3,0,0,2,6,17.67,160.61,6,60.38,1019,1691,54,357,171,74,0,169.83,9.96,31.31,18.87,0,0,0,0,10,159.8,1694.43,1854.23
DL Chahar,98,123,6,8,33,9,0,89,29,39,17,8,0,0,4,9,15.38,138.2,14,58.54,1954,2684,89,827,311,81,7,325.67,8.24,30.16,21.96,0,0,0,2,3,253.6,3351.58,3605.19
E Lewis,26,654,62,36,146,19,2,477,204,65,26,24,4,0,2,2,27.25,137.11,98,70.95,0,0,0,0,0,0,0,0.0,0.0,0.0,0.0,0,0,0,1,2,1049.55,0.0,1049.55
AA Kulkarni,2,9,2,0,1,0,0,8,5,9,2,2,0,0,1,0,4.5,112.5,2,88.89,0,0,0,0,0,0,0,0.0,0.0,0.0,0.0,0,0,0,0,2,69.75,0.0,69.75
B Lee,38,124,8,8,36,4,0,97,38,25,19,10,0,0,2,9,12.4,127.84,16,64.52,875,1095,25,374,123,25,3,145.83,7.51,43.8,35.0,0,0,0,2,1,249.92,1172.91,1422.83
AC Blizzard,7,120,21,2,17,2,1,90,45,51,7,7,1,0,1,0,17.14,133.33,23,80.0,0,0,0,0,0,0,0,0.0,0.0,0.0,0.0,0,0,0,0,2,246.67,0.0,246.67
CRD Fernando,10,4,0,0,2,1,0,3,0,2,2,0,0,0,0,2,4.0,133.33,0,0.0,234,298,17,99,30,9,0,39.0,7.64,17.53,13.76,0,0,0,1,3,72.67,461.59,534.26
AP Dole,3,34,3,1,8,4,0,22,6,30,2,2,0,0,0,0,17.0,154.55,4,52.94,66,112,5,20,11,4,0,11.0,10.18,22.4,13.2,0,0,0,0,2,128.27,38.18,166.45
K Upadhyay,3,12,0,1,4,1,0,9,3,11,2,0,0,0,0,2,12.0,133.33,1,50.0,54,81,0,20,9,3,0,9.0,9.0,0.0,0.0,0,0,0,0,4,84.67,0.0,84.67
AN Ghosh,2,7,1,0,1,1,0,8,5,7,2,2,0,0,1,0,3.5,87.5,1,57.14,0,0,0,0,0,0,0,0.0,0.0,0.0,0.0,0,0,0,0,2,54.25,0.0,54.25
Shahbaz Ahmed,54,560,30,25,208,38,2,464,149,59,39,29,1,0,1,10,19.31,120.69,55,48.21,594,955,22,152,65,53,0,99.0,9.65,43.41,27.0,0,0,0,1,8,900.34,647.54,1547.88
Zeeshan Ansari,10,0,0,0,0,0,0,0,0,0,0,0,0,0,0,0,0.0,0.0,0,0.0,203,333,6,47,24,17,0,33.83,9.84,55.5,33.83,0,0,0,0,11,0.0,115.58,115.58
DP Nannes,29,4,0,0,4,0,0,13,9,3,2,1,0,0,0,1,4.0,30.77,0,0.0,646,785,28,285,89,15,1,107.67,7.29,28.04,23.07,0,0,0,1,4,21.38,1057.09,1078.47
A Ashish Reddy,28,280,16,15,83,20,1,193,56,36,23,15,0,0,0,8,18.67,145.08,31,55.0,262,396,18,79,26,20,0,43.67,9.07,22.0,14.56,0,0,0,0,1,492.54,427.31,919.85
Shubman Gill,118,4031,388,125,1244,226,11,2899,880,129,117,101,28,4,4,16,39.91,139.05,513,57.11,0,0,0,0,0,0,0,0.0,0.0,0.0,0.0,0,0,0,12,7,6116.02,0.0,6116.02
AC Thomas,15,20,1,1,8,1,0,19,8,12,4,2,0,0,1,2,10.0,105.26,2,50.0,315,406,14,126,41,11,2,52.5,7.73,29.0,22.5,0,0,0,0,1,82.63,454.67,537.3
KM Jadhav,81,1208,102,40,432,61,2,981,325,69,81,54,4,0,6,27,22.37,123.14,142,53.64,0,0,0,0,0,0,0,0.0,0.0,0.0,0.0,0,0,0,2,3,1873.57,0.0,1873.57
E Malinga,12,0,0,0,0,0,0,0,0,0,0,0,0,0,0,0,0.0,0.0,0,0.0,250,394,18,82,37,18,0,41.67,9.46,21.89,13.89,0,0,0,0,11,0.0,429.44,429.44
DS Rathi,17,1,0,0,1,0,0,6,4,1,2,1,0,0,1,1,1.0,16.67,0,0.0,408,582,17,118,49,21,0,68.0,8.56,34.24,24.0,0,0,0,1,6,9.83,490.41,500.25
RR Rossouw,22,473,45,25,101,21,0,308,113,82,22,20,2,0,4,2,23.65,153.57,70,69.77,0,0,0,0,0,0,0,0.0,0.0,0.0,0.0,0,0,0,1,8,786.29,0.0,786.29
RK Singh,55,1177,95,57,340,56,1,822,264,67,55,39,4,0,0,16,30.18,143.19,152,61.34,0,0,0,0,0,0,0,0.0,0.0,0.0,0.0,0,0,0,3,5,1837.09,0.0,1837.09
IK Pathan,102,1150,88,38,407,76,2,950,304,60,82,53,1,0,3,29,21.7,121.05,126,50.43,2043,2649,80,835,293,82,10,340.5,7.78,33.11,25.54,0,0,0,2,3,1785.53,3192.2,4977.73
Mukesh Kumar,36,10,0,0,10,0,0,18,8,6,5,1,0,0,2,4,10.0,55.56,0,0.0,720,1237,40,244,128,60,1,120.0,10.31,30.92,18.0,0,0,0,1,8,42.78,1184.92,1227.69
Rasikh Salam,15,40,5,0,13,2,1,40,18,10,6,5,0,0,0,1,8.0,100.0,5,50.0,272,456,15,89,36,28,0,45.33,10.06,30.4,18.13,0,0,0,0,8,110.0,377.41,487.41
D Wiese,18,148,12,7,46,6,0,101,28,47,11,5,0,0,0,6,29.6,146.53,19,60.81,296,440,16,82,47,11,0,49.33,8.92,27.5,18.5,0,0,0,0,3,295.27,394.81,690.08
CA Ingram,15,205,22,5,69,9,0,180,72,47,15,12,0,0,0,3,17.08,113.89,27,57.56,0,0,0,0,0,0,0,0.0,0.0,0.0,0.0,0,0,0,0,2,364.44,0.0,364.44
AK Markram,61,1560,125,63,529,69,5,1145,342,68,60,51,10,0,2,9,30.59,136.24,188,56.28,203,302,6,51,18,16,0,33.83,8.93,50.33,33.83,0,0,0,1,1,2408.12,132.74,2540.86
AM Nayar,51,672,55,20,230,47,1,577,201,45,50,38,0,0,4,12,17.68,116.46,75,50.6,229,322,9,69,22,13,0,38.17,8.44,35.78,25.44,0,0,0,0,1,1066.23,233.63,1299.87
AB Agarkar,42,179,13,5,67,15,0,154,49,39,18,10,0,0,0,8,17.9,116.23,18,45.81,782,1151,29,254,113,41,0,130.33,8.83,39.69,26.97,0,0,0,0,1,326.62,999.69,1326.3
N Rana,117,2873,264,142,776,83,6,2112,804,87,115,106,20,0,8,9,27.1,136.03,406,66.41,192,270,10,58,29,7,0,32.0,8.44,27.0,19.2,0,0,0,6,4,4377.52,231.62,4609.14
SA Asnodkar,20,423,56,10,105,17,0,339,139,60,19,20,2,0,2,0,21.15,124.78,66,67.14,0,0,0,0,0,0,0,0.0,0.0,0.0,0.0,0,0,0,1,6,696.89,0.0,696.89
NM Coulter-Nile,38,82,7,4,20,5,0,72,35,24,16,11,0,0,0,5,7.45,113.89,11,63.41,857,1100,48,368,123,34,1,142.83,7.7,22.92,17.85,0,0,0,5,6,179.94,1618.99,1798.93
LRPL Taylor,54,1017,66,46,334,62,3,822,283,81,54,40,3,0,3,14,25.42,123.72,112,53.1,12,24,0,0,0,2,0,2.0,12.0,0.0,0.0,0,0,0,3,4,1587.36,0.0,1587.36
BW Hilfenhaus,17,0,0,0,0,0,0,0,0,0,0,0,0,0,0,0,0.0,0.0,0,0.0,372,479,22,173,48,21,2,62.0,7.73,21.77,16.91,0,0,0,2,11,0.0,708.74,708.74
Jalaj S Saxena,1,0,0,0,0,0,0,0,0,0,0,0,0,0,0,0,0.0,0.0,0,0.0,18,27,0,5,4,0,0,3.0,9.0,0.0,0.0,0,0,0,0,11,0.0,0.0,0.0
CH Morris,81,618,41,35,163,39,1,398,115,82,49,28,2,0,10,21,22.07,155.28,76,60.52,1726,2309,96,668,222,79,1,287.67,8.03,24.05,17.98,0,0,0,3,2,1004.64,3175.73,4180.37
SN Thakur,109,333,31,13,92,18,1,240,83,68,41,29,1,0,7,12,11.48,138.75,44,60.66,2154,3434,113,716,331,138,3,359.0,9.57,30.39,19.06,0,0,0,4,8,568.88,3596.35,4165.22
RP Meredith,18,0,0,0,0,0,0,3,3,0,2,0,0,0,2,2,0.0,0.0,0,0.0,388,612,19,147,63,26,0,64.67,9.46,32.21,20.42,0,0,0,0,8,0.0,579.36,579.36
SS Agarwal,1,0,0,0,0,0,0,0,0,0,0,0,0,0,0,0,0.0,0.0,0,0.0,24,42,1,7,3,3,0,4.0,10.5,42.0,24.0,0,0,0,0,11,0.0,0.0,0.0
GJ Bailey,37,663,59,19,222,44,1,544,187,61,36,27,2,0,1,9,24.56,121.88,78,52.79,0,0,0,0,0,0,0,0.0,0.0,0.0,0.0,0,0,0,1,3,1055.44,0.0,1055.44
JJ Roy,21,614,75,21,148,17,2,443,170,91,21,19,4,0,0,2,32.32,138.6,96,69.38,0,0,0,0,0,0,0,0.0,0.0,0.0,0.0,0,0,0,2,3,990.3,0.0,990.3
PR Shah,10,92,9,2,28,8,0,91,39,29,9,8,0,0,1,1,11.5,101.1,11,52.17,0,0,0,0,0,0,0,0.0,0.0,0.0,0.0,0,0,0,0,5,188.55,0.0,188.55
S Anirudha,13,136,9,7,44,7,0,113,41,64,12,8,1,0,2,4,17.0,120.35,16,57.35,0,0,0,0,0,0,0,0.0,0.0,0.0,0.0,0,0,0,1,6,264.18,0.0,264.18
Gurjapneet Singh,2,0,0,0,0,0,0,0,0,0,0,0,0,0,0,0,0.0,0.0,0,0.0,31,62,1,9,4,4,0,5.17,12.0,62.0,31.0,0,0,0,0,11,0.0,0.0,0.0
X Thalaivan Sargunam,1,10,0,0,6,2,0,17,9,10,1,1,0,0,0,0,10.0,58.82,0,0.0,0,0,0,0,0,0,0,0.0,0.0,0.0,0.0,0,0,0,0,8,44.41,0.0,44.41
Simarjeet Singh,14,10,0,0,6,2,0,15,7,3,6,3,0,0,2,3,3.33,66.67,0,0.0,240,400,11,102,36,25,0,40.0,10.0,36.36,21.82,0,0,0,1,10,48.33,324.0,372.33
JPR Scantlebury-Searles,3,8,0,1,2,0,0,6,3,6,2,1,0,0,0,1,8.0,133.33,1,75.0,42,89,2,7,4,7,0,7.0,12.71,44.5,21.0,0,0,0,0,3,78.67,0.0,78.67
CA Lynn,42,1329,132,66,315,45,0,945,376,93,42,39,10,0,3,3,34.08,140.63,198,69.53,0,0,0,0,0,0,0,0.0,0.0,0.0,0.0,0,0,0,4,2,2063.82,0.0,2063.82
BMAJ Mendis,3,23,0,0,15,4,0,27,8,12,3,3,0,0,1,0,7.67,85.19,0,0.0,30,36,1,11,2,2,0,5.0,7.2,36.0,30.0,0,0,0,0,2,77.09,0.0,77.09
Noor Ahmad,42,29,2,1,11,2,0,52,36,8,13,10,0,0,3,3,2.9,55.77,3,48.28,894,1235,52,297,84,57,0,149.0,8.29,23.75,17.19,0,0,0,3,6,71.38,1551.11,1622.5
JW Hastings,3,0,0,0,0,0,0,0,0,0,0,0,0,0,0,0,0.0,0.0,0,0.0,58,66,3,31,11,0,1,9.67,6.83,22.0,19.33,0,0,0,0,11,0.0,53.72,53.72
GJ Maxwell,140,2820,238,161,633,127,5,1818,597,95,134,118,18,0,19,16,23.9,155.12,399,68.01,1022,1413,41,328,79,80,1,170.33,8.3,34.46,24.93,0,0,0,9,3,4307.56,1393.05,5700.6
Abdur Razzak,1,0,0,0,0,0,0,2,2,0,1,0,0,0,1,1,0.0,0.0,0,0.0,12,29,0,5,3,1,0,2.0,14.5,0.0,0.0,0,0,0,0,2,0.0,0.0,0.0
DA Payne,2,6,0,0,2,2,0,5,0,6,1,0,0,0,0,1,6.0,120.0,0,0.0,30,70,2,5,6,5,0,5.0,14.0,35.0,15.0,0,0,0,0,3,69.0,0.0,69.0
P Sahu,5,19,1,1,5,2,0,13,4,18,2,1,0,0,0,1,19.0,146.15,2,52.63,105,146,3,24,11,5,0,17.5,8.34,48.67,35.0,0,0,0,0,8,101.58,24.57,126.15
DJ Muthuswami,6,1,0,0,1,0,0,3,2,1,1,1,0,0,0,0,1.0,33.33,0,0.0,84,101,4,44,14,3,0,14.0,7.21,25.25,21.0,0,0,0,0,3,18.17,95.86,114.02
Sunny Singh,5,43,6,1,11,1,0,31,11,20,5,4,0,0,0,1,10.75,138.71,7,69.77,0,0,0,0,0,0,0,0.0,0.0,0.0,0.0,0,0,0,0,8,133.85,0.0,133.85
AM Rahane,188,5184,523,132,1681,281,19,4127,1422,105,188,169,34,2,13,19,30.67,125.61,655,55.63,6,5,1,2,0,0,0,1.0,5.0,5.0,6.0,0,0,0,13,1,7838.81,0.0,7838.81
AC Voges,8,181,15,3,61,18,2,143,38,45,7,4,0,0,0,3,45.25,126.57,18,43.09,54,76,0,15,8,2,0,9.0,8.44,0.0,0.0,0,0,0,1,2,334.79,0.0,334.79
Anmolpreet Singh,9,139,19,3,35,5,0,115,53,36,9,9,0,0,1,0,15.44,120.87,22,67.63,0,0,0,0,0,0,0,0.0,0.0,0.0,0.0,0,0,0,0,4,268.93,0.0,268.93
SA Abbott,3,22,1,2,4,1,0,18,9,14,3,3,0,0,0,0,7.33,122.22,3,72.73,54,104,1,13,13,3,0,9.0,11.56,104.0,54.0,0,0,0,0,8,94.11,0.0,94.11
M Vijay,106,2619,247,91,701,164,17,2149,893,127,105,101,13,2,4,4,25.93,121.87,338,58.57,36,49,0,8,6,0,0,6.0,8.17,0.0,0.0,0,0,0,6,3,3989.44,0.0,3989.44
MJ Santner,33,136,9,6,52,6,0,123,46,22,21,8,0,0,4,13,17.0,110.57,15,52.94,645,800,27,226,71,24,0,107.5,7.44,29.63,23.89,0,0,0,0,3,259.28,917.58,1176.87
R Goyal,1,0,0,0,0,0,0,0,0,0,0,0,0,0,0,0,0.0,0.0,0,0.0,24,33,0,6,1,2,0,4.0,8.25,0.0,0.0,0,0,0,0,11,0.0,0.0,0.0
AL Menaria,25,401,24,18,149,24,0,356,138,40,23,21,0,0,1,2,19.1,112.64,42,50.87,110,144,3,40,15,4,0,18.33,7.85,48.0,36.67,0,0,0,0,1,657.82,61.45,719.27
SS Cottrell,6,0,0,0,0,0,0,2,2,0,1,1,0,0,1,0,0.0,0.0,0,0.0,120,176,6,58,19,8,1,20.0,8.8,29.33,20.0,0,0,0,0,11,0.0,148.0,148.0
RR Bose,1,0,0,0,0,0,0,0,0,0,0,0,0,0,0,0,0.0,0.0,0,0.0,12,24,0,5,5,0,0,2.0,12.0,0.0,0.0,0,0,0,0,11,0.0,0.0,0.0
AS Rajpoot,29,26,2,1,10,1,0,41,26,8,7,5,0,0,0,2,5.2,63.41,3,53.85,529,814,24,192,89,31,1,88.17,9.23,33.92,22.04,0,0,0,2,1,70.71,771.67,842.38
M Klinger,4,73,9,0,30,2,1,77,33,29,4,4,0,0,0,0,18.25,94.81,9,49.32,0,0,0,0,0,0,0,0.0,0.0,0.0,0.0,0,0,0,0,4,156.9,0.0,156.9
GC Viljoen,6,3,0,0,1,1,0,7,3,2,3,2,0,0,1,1,1.5,42.86,0,0.0,138,222,7,43,25,6,0,23.0,9.65,31.71,19.71,0,0,0,0,3,25.93,129.48,155.41
KB Arun Karthik,8,51,4,1,20,3,1,51,17,19,8,5,0,0,1,3,10.2,100.0,5,43.14,0,0,0,0,0,0,0,0.0,0.0,0.0,0.0,0,0,0,0,4,126.5,0.0,126.5
KR Mayers,13,379,38,22,58,16,0,263,119,73,13,13,4,0,2,0,29.15,144.11,60,74.93,42,59,0,14,8,0,0,7.0,8.43,0.0,0.0,0,0,0,0,5,640.55,0.0,640.55
TM Srivastava,3,8,0,0,5,0,1,11,5,7,3,1,0,0,1,2,8.0,72.73,0,0.0,0,0,0,0,0,0,0,0.0,0.0,0.0,0.0,0,0,0,0,7,48.36,0.0,48.36
VR Aaron,50,50,2,2,22,4,0,72,42,17,12,5,0,0,4,7,10.0,69.44,4,40.0,994,1481,44,387,159,52,2,165.67,8.94,33.66,22.59,0,0,0,2,9,109.72,1564.6,1674.33
AJ Hosein,3,16,1,1,4,1,0,10,3,16,1,0,0,0,0,1,16.0,160.0,2,62.5,60,86,2,18,7,4,0,10.0,8.6,43.0,30.0,0,0,0,0,1,104.0,0.0,104.0
M Ashwin,44,35,2,1,19,1,0,50,27,9,12,9,0,0,3,3,3.89,70.0,3,40.0,870,1162,35,283,82,50,0,145.0,8.01,33.2,24.86,0,0,0,0,5,87.5,1185.86,1273.36
C Bosch,4,58,5,3,12,4,0,36,12,27,3,2,0,0,0,1,29.0,161.11,8,65.52,61,94,2,29,7,7,0,10.17,9.25,47.0,30.5,0,0,0,0,1,167.56,5.54,173.1
J Little,11,0,0,0,0,0,0,0,0,0,0,0,0,0,0,0,0.0,0.0,0,0.0,228,339,11,82,30,16,0,38.0,8.92,30.82,20.73,0,0,0,1,11,0.0,294.79,294.79
SL Malinga,122,88,6,5,32,1,0,99,52,17,20,16,0,0,6,4,5.5,88.89,11,61.36,2827,3371,170,1144,314,86,8,471.17,7.15,19.83,16.63,0,0,0,6,9,176.44,5616.45,5792.9
SV Samson,177,4889,400,227,1425,223,17,3490,1147,119,176,157,26,4,10,19,31.14,140.09,627,60.58,0,0,0,0,0,0,0,0.0,0.0,0.0,0.0,0,0,0,12,7,7403.54,0.0,7403.54
MD Choudhary,5,127,8,10,29,3,0,85,33,54,5,3,1,0,0,2,42.33,149.41,18,72.44,0,0,0,0,0,0,0,0.0,0.0,0.0,0.0,0,0,0,1,5,265.21,0.0,265.21
DA Warner,184,6567,663,236,1682,370,24,4702,1628,126,184,164,62,4,11,20,40.04,139.66,899,61.95,1,2,0,0,0,0,0,0.17,12.0,0.0,0.0,0,0,0,18,2,9920.33,0.0,9920.33
DJ Hussey,61,1322,90,60,452,72,2,1075,377,71,61,49,5,0,5,12,26.98,122.98,150,54.46,317,474,8,86,30,25,0,52.83,8.97,59.25,39.62,0,0,0,2,3,2044.49,242.28,2286.77
GF Linde,2,23,4,0,3,2,0,17,7,16,2,2,0,0,0,0,11.5,135.29,4,69.57,25,37,0,6,6,0,0,4.17,8.88,0.0,0.0,0,0,0,0,6,102.15,0.0,102.15
PJ Cummins,72,612,39,41,127,40,1,402,142,66,48,30,3,0,6,18,20.4,152.24,80,65.69,1617,2373,79,578,225,100,2,269.5,8.81,30.04,20.47,0,0,0,2,6,994.12,2647.95,3642.07
C Ganapathy,1,0,0,0,0,0,0,0,0,0,0,0,0,0,0,0,0.0,0.0,0,0.0,6,13,0,1,1,1,0,1.0,13.0,0.0,0.0,0,0,0,0,11,0.0,0.0,0.0
RD Chahar,79,129,13,5,31,8,0,124,67,25,22,16,0,0,7,6,8.06,104.03,18,63.57,1694,2196,75,580,143,101,1,282.33,7.78,29.28,22.59,0,0,0,1,8,245.52,2582.22,2827.74
S Sohal,20,368,34,18,82,17,1,292,130,62,20,20,2,0,3,0,18.4,126.03,52,66.3,0,0,0,0,0,0,0,0.0,0.0,0.0,0.0,0,0,0,1,7,615.01,0.0,615.01
H Das,1,2,0,0,2,0,0,5,3,2,1,1,0,0,0,0,2.0,40.0,0,0.0,0,0,0,0,0,0,0,0.0,0.0,0.0,0.0,0,0,0,0,4,23.0,0.0,23.0
C Munro,13,177,19,8,45,4,0,141,63,40,11,12,0,0,1,0,14.75,125.53,27,70.06,12,15,0,5,1,1,0,2.0,7.5,0.0,0.0,0,0,0,0,1,328.27,0.0,328.27
AU Rashid,3,22,2,1,4,2,0,16,7,18,2,2,0,0,0,0,11.0,137.5,3,63.64,60,91,2,20,4,7,0,10.0,9.1,45.5,30.0,0,0,0,0,2,101.75,0.0,101.75
HF Gurney,8,1,0,0,1,0,0,5,4,1,1,0,0,0,0,1,1.0,20.0,0,0.0,162,238,7,50,23,7,0,27.0,8.81,34.0,23.14,0,0,0,1,3,11.5,151.85,163.35
SK Warne,55,198,14,6,82,12,0,214,95,34,27,20,0,0,5,7,9.9,92.52,20,46.46,1194,1447,57,426,91,56,1,199.0,7.27,25.39,20.95,0,0,0,4,8,343.26,1919.29,2262.55
CV Varun,86,26,2,0,16,1,0,48,28,10,12,5,0,0,3,7,5.2,54.17,2,30.77,1942,2490,100,708,176,115,1,323.67,7.69,24.9,19.42,0,0,0,6,2,66.08,3339.07,3405.15
Yash Dayal,43,4,0,0,2,1,0,9,6,3,4,3,0,0,2,1,1.33,44.44,0,0.0,871,1390,41,307,139,58,0,145.17,9.58,33.9,21.24,0,0,0,0,10,28.22,1338.25,1366.47
MJ Clarke,6,98,12,0,35,5,0,94,38,41,6,6,0,0,0,0,16.33,104.26,12,48.98,66,67,2,22,4,2,0,11.0,6.09,33.5,33.0,0,0,0,0,4,199.13,23.09,222.22
Virat Singh,2,15,1,0,11,0,0,26,13,11,2,2,0,0,0,0,7.5,57.69,1,26.67,0,0,0,0,0,0,0,0.0,0.0,0.0,0.0,0,0,0,0,10,51.35,0.0,51.35
RM Patidar,43,1333,88,89,352,46,1,824,228,112,43,40,11,1,1,3,33.33,161.77,177,66.47,0,0,0,0,0,0,0,0.0,0.0,0.0,0.0,0,0,0,4,6,2080.39,0.0,2080.39
SC Kuggeleijn,2,0,0,0,0,0,0,0,0,0,0,0,0,0,0,0,0.0,0.0,0,0.0,48,71,2,17,6,3,0,8.0,8.88,35.5,24.0,0,0,0,0,11,0.0,0.0,0.0
T Stubbs,35,820,58,42,251,37,2,513,117,71,34,19,4,0,2,15,43.16,159.84,100,59.02,36,69,4,12,4,6,0,6.0,11.5,17.25,9.0,0,0,0,0,8,1309.92,0.0,1309.92
BJ Haddin,1,18,2,1,2,1,0,11,5,18,1,1,0,0,0,0,18.0,163.64,3,77.78,0,0,0,0,0,0,0,0.0,0.0,0.0,0.0,0,0,0,0,1,108.82,0.0,108.82
NJ Maddinson,3,20,4,0,1,0,1,21,15,12,3,3,0,0,0,0,6.67,95.24,4,80.0,0,0,0,0,0,0,0,0.0,0.0,0.0,0.0,0,0,0,0,2,77.62,0.0,77.62
I Sharma,117,57,4,2,23,3,0,69,35,10,21,6,0,0,3,15,9.5,82.61,6,49.12,2419,3377,96,999,391,102,6,403.17,8.38,35.18,25.2,0,0,0,4,5,126.8,3834.24,3961.04
SB Wagh,8,2,0,0,0,1,0,3,2,2,2,2,0,0,1,0,1.0,66.67,0,0.0,102,137,5,45,21,2,0,17.0,8.06,27.4,20.4,0,0,0,1,8,36.33,109.41,145.75
MS Wade,14,183,23,2,55,12,0,177,80,35,14,14,0,0,0,0,13.07,103.39,25,56.83,0,0,0,0,0,0,0,0.0,0.0,0.0,0.0,0,0,0,0,4,326.19,0.0,326.19
N Thushara,8,0,0,0,0,0,0,0,0,0,0,0,0,0,0,0,0.0,0.0,0,0.0,180,283,9,58,28,10,0,30.0,9.43,31.44,20.0,0,0,0,0,11,0.0,201.67,201.67
Washington Sundar,69,609,53,19,205,33,4,468,147,55,47,36,1,0,4,11,16.92,130.13,72,53.53,1144,1474,40,378,98,68,1,190.67,7.73,36.85,28.6,0,0,0,1,8,978.56,1478.69,2457.26
Umran Malik,26,23,1,2,3,2,0,16,7,19,5,2,0,0,2,3,11.5,143.75,3,69.57,493,772,29,205,93,29,1,82.17,9.4,26.62,17.0,0,0,0,2,9,106.38,896.04,1002.42
BR Dunk,3,40,7,0,6,3,0,35,17,20,3,3,0,0,0,0,13.33,114.29,7,70.0,0,0,0,0,0,0,0,0.0,0.0,0.0,0.0,0,0,0,0,3,117.14,0.0,117.14
ST Jayasuriya,30,768,84,39,128,22,7,532,236,114,30,28,4,1,2,2,27.43,144.36,123,74.22,294,390,13,83,22,16,1,49.0,7.96,30.0,22.62,0,0,0,2,8,1224.18,346.41,1570.59
T Natarajan,67,4,0,0,4,0,0,7,3,3,3,0,0,0,1,3,4.0,57.14,0,0.0,1452,2163,72,442,197,83,2,242.0,8.94,30.04,20.17,0,0,0,0,10,34.57,2234.62,2269.19
Auqib Nabi,1,4,1,0,0,0,0,2,1,4,1,1,0,0,0,0,4.0,200.0,1,100.0,12,17,0,4,2,0,0,2.0,8.5,0.0,0.0,0,0,0,0,3,106.0,0.0,106.0
M Theekshana,38,17,0,1,11,0,0,34,20,7,6,3,0,0,1,3,5.67,50.0,1,35.29,876,1207,36,260,93,45,1,146.0,8.27,33.53,24.33,0,0,0,0,4,50.5,1157.33,1207.83
Nithish Kumar Reddy,30,609,38,35,192,26,1,442,149,76,27,21,3,0,2,6,29.0,137.78,73,59.44,193,343,7,51,26,20,0,32.17,10.66,49.0,27.57,0,0,0,2,6,982.39,135.37,1117.76
OF Smith,6,51,1,5,13,2,0,44,23,25,6,3,0,0,1,3,17.0,115.91,6,66.67,90,178,6,35,12,16,0,15.0,11.87,29.67,15.0,0,0,0,1,6,134.45,71.33,205.79
R Parag,80,1619,115,91,470,70,1,1142,381,95,77,65,7,0,4,12,24.91,141.77,206,62.14,307,493,9,69,29,25,0,51.17,9.64,54.78,34.11,0,0,0,2,4,2499.38,221.65,2721.03
MC Henriques,62,1000,87,28,323,76,3,788,256,74,54,36,5,0,3,18,27.78,126.9,115,51.6,950,1289,42,306,123,38,0,158.33,8.14,30.69,22.62,0,0,0,2,5,1563.45,1370.59,2934.04
Anand Rajan,8,0,0,0,0,0,0,0,0,0,0,0,0,0,0,0,0.0,0.0,0,0.0,149,201,8,57,17,8,0,24.83,8.09,25.12,18.62,0,0,0,0,11,0.0,193.06,193.06
Swapnil Singh,14,51,3,3,17,2,0,45,19,15,9,5,0,0,2,4,10.2,113.33,6,58.82,162,241,7,39,14,12,0,27.0,8.93,34.43,23.14,0,0,0,0,7,133.17,128.74,261.91
AR Bawne,1,12,1,0,6,1,0,12,4,12,1,0,0,0,0,1,12.0,100.0,1,33.33,0,0,0,0,0,0,0,0.0,0.0,0.0,0.0,0,0,0,0,1,68.0,0.0,68.0
VH Zol,2,29,3,1,7,2,0,26,13,16,2,2,0,0,0,0,14.5,111.54,4,62.07,0,0,0,0,0,0,0,0.0,0.0,0.0,0.0,0,0,0,0,6,99.27,0.0,99.27
AB Dinda,76,26,2,0,16,1,0,48,27,7,16,10,0,0,6,6,2.6,54.17,2,30.77,1516,2073,69,627,232,58,3,252.67,8.2,30.04,21.97,0,0,0,2,1,66.08,2551.96,2618.04
Akash Singh,10,0,0,0,0,0,0,0,0,0,0,0,0,0,0,0,0.0,0.0,0,0.0,205,326,9,73,39,13,0,34.17,9.54,36.22,22.78,0,0,0,0,11,0.0,230.59,230.59
FH Edwards,6,4,0,0,1,0,1,5,3,3,2,1,0,0,0,1,4.0,80.0,0,0.0,140,154,5,70,20,2,1,23.33,6.6,30.8,28.0,0,0,0,0,4,46.0,174.0,220.0
P Ray Barman,1,19,2,0,11,0,0,24,11,19,1,1,0,0,0,0,19.0,79.17,2,42.11,24,56,0,2,3,4,0,4.0,14.0,0.0,0.0,0,0,0,0,5,68.08,0.0,68.08
IC Pandey,24,0,0,0,0,0,0,2,2,0,1,1,0,0,1,0,0.0,0.0,0,0.0,462,591,18,212,77,17,4,77.0,7.68,32.83,25.67,0,0,0,0,5,0.0,707.25,707.25
PBB Rajapaksa,13,277,22,15,69,15,0,191,64,50,13,13,1,0,1,0,21.31,145.03,37,64.26,0,0,0,0,0,0,0,0.0,0.0,0.0,0.0,0,0,0,0,6,488.01,0.0,488.01
SW Billings,27,503,40,20,152,34,1,388,129,56,27,26,3,0,3,1,19.35,129.64,60,55.67,0,0,0,0,0,0,0,0.0,0.0,0.0,0.0,0,0,0,1,7,819.32,0.0,819.32
JC Archer,57,265,14,18,71,15,0,185,65,30,32,20,0,0,5,12,13.25,143.24,32,61.89,1320,1746,66,570,160,78,3,220.0,7.94,26.45,20.0,0,0,0,2,3,469.12,2380.64,2849.76
RR Pant,128,3670,334,171,985,156,2,2502,818,128,128,108,20,2,6,20,33.98,146.68,505,64.36,0,0,0,0,0,0,0,0.0,0.0,0.0,0.0,0,0,0,8,6,5578.34,0.0,5578.34
MDKJ Perera,2,14,3,0,2,0,0,13,7,14,2,2,0,0,1,0,7.0,107.69,3,85.71,0,0,0,0,0,0,0,0.0,0.0,0.0,0.0,0,0,0,0,5,74.85,0.0,74.85
MC Juneja,7,125,11,1,61,7,0,128,45,49,7,7,0,0,0,0,17.86,97.66,12,40.0,0,0,0,0,0,0,0,0.0,0.0,0.0,0.0,0,0,0,0,7,236.33,0.0,236.33
BJ Hodge,63,1400,122,43,452,89,8,1118,386,73,63,42,6,0,4,21,33.33,125.22,165,53.29,234,303,17,75,17,14,0,39.0,7.77,17.82,13.76,0,0,0,6,2,2162.61,412.31,2574.92
Iqbal Abdulla,48,88,9,1,34,6,0,84,28,33,13,2,0,0,2,11,44.0,104.76,10,47.73,920,1109,40,331,88,37,1,153.33,7.23,27.72,23.0,0,0,0,2,4,184.38,1389.67,1574.05
JD Ryder,29,604,69,19,145,30,3,458,180,86,29,28,4,0,4,1,21.57,131.88,88,64.57,236,303,8,79,21,13,1,39.33,7.7,37.88,29.5,0,0,0,1,2,971.94,240.97,1212.9
A Dananjaya,1,4,0,0,2,1,0,5,2,4,1,0,0,0,0,1,4.0,80.0,0,0.0,24,47,0,6,2,4,0,4.0,11.75,0.0,0.0,0,0,0,0,1,46.0,0.0,46.0
SS Shaikh,1,6,1,0,2,0,0,7,4,6,1,1,0,0,0,0,6.0,85.71,1,66.67,0,0,0,0,0,0,0,0.0,0.0,0.0,0.0,0,0,0,0,7,51.86,0.0,51.86
T Taibu,3,31,3,0,9,5,0,26,9,15,3,3,0,0,0,0,10.33,119.23,3,38.71,0,0,0,0,0,0,0,0.0,0.0,0.0,0.0,0,0,0,0,7,106.12,0.0,106.12
B Kumar,195,329,32,3,134,23,1,358,155,27,72,38,0,0,10,34,8.66,91.9,35,44.38,4342,5586,205,1788,574,176,14,723.67,7.72,27.25,21.18,0,0,0,6,2,539.45,7598.81,8138.26
DG Nalkande,6,12,0,1,6,0,0,12,5,12,2,2,0,0,1,0,6.0,100.0,1,50.0,84,148,6,22,10,8,0,14.0,10.57,24.67,14.0,0,0,0,0,2,68.0,58.29,126.29
A Nortje,49,49,6,0,17,1,2,50,23,23,14,7,0,0,4,7,7.0,98.0,6,48.98,1120,1696,61,422,164,78,1,186.67,9.09,27.8,18.36,0,0,0,3,1,122.5,1973.14,2095.64
Musheer Khan,1,0,0,0,0,0,0,3,3,0,1,1,0,0,1,0,0.0,0.0,0,0.0,12,27,1,1,2,2,0,2.0,13.5,27.0,12.0,0,0,0,0,6,0.0,0.0,0.0
Liton Das,1,4,1,0,0,0,0,4,3,4,1,1,0,0,0,0,4.0,100.0,1,100.0,0,0,0,0,0,0,0,0.0,0.0,0.0,0.0,0,0,0,0,5,56.0,0.0,56.0
Rashid Khan,140,609,44,41,112,36,1,382,137,79,68,43,1,0,19,25,14.16,159.42,85,69.29,3298,3891,163,1181,250,166,4,549.67,7.08,23.87,20.23,0,0,0,13,6,993.21,5551.21,6544.42
Mujeeb Ur Rahman,20,12,2,0,4,0,0,15,7,10,6,3,0,0,3,3,4.0,80.0,2,66.67,446,620,20,151,42,26,0,74.33,8.34,31.0,22.3,0,0,0,1,8,58.0,618.59,676.59
MG Johnson,54,167,10,7,58,12,1,164,69,16,28,13,0,0,3,15,12.85,101.83,17,49.1,1235,1708,62,535,196,55,2,205.83,8.3,27.55,19.92,0,0,0,2,6,301.41,2227.02,2528.43
R Ashwin,217,833,64,29,307,48,0,705,240,50,93,64,1,0,14,29,13.02,118.16,93,51.62,4710,5652,187,1606,334,221,4,785.0,7.2,30.22,25.19,0,0,0,6,6,1308.58,6880.0,8188.58
RE van der Merwe,21,159,11,8,53,4,2,141,61,35,15,11,0,0,0,4,14.45,112.77,19,57.86,443,498,21,148,25,17,1,73.83,6.74,23.71,21.1,0,0,0,0,7,294.88,648.55,943.43
DA Miller,138,3156,228,142,994,196,2,2273,652,101,136,88,13,1,3,48,35.86,138.85,370,55.89,0,0,0,0,0,0,0,0.0,0.0,0.0,0.0,0,0,0,5,2,4803.42,0.0,4803.42
AP Majumdar,4,87,7,2,33,7,0,76,25,31,4,4,0,0,0,0,21.75,114.47,9,45.98,0,0,0,0,0,0,0,0.0,0.0,0.0,0.0,0,0,0,0,2,187.74,0.0,187.74
Azmatullah Omarzai,15,99,8,5,31,3,0,74,27,21,9,8,0,0,0,1,12.38,133.78,13,62.63,288,465,12,95,51,18,0,48.0,9.69,38.75,24.0,0,0,0,0,1,215.39,333.12,548.52
MG Neser,1,0,0,0,0,0,0,0,0,0,0,0,0,0,0,0,0.0,0.0,0,0.0,24,62,0,5,6,4,0,4.0,15.5,0.0,0.0,0,0,0,0,11,0.0,0.0,0.0
N Wadhera,34,746,60,41,205,26,1,532,191,70,34,30,4,0,1,4,24.87,140.23,101,65.15,17,22,0,3,1,1,0,2.83,7.76,0.0,0.0,0,0,0,0,4,1189.11,0.0,1189.11
SN Khan,41,707,80,20,201,33,0,515,171,67,40,30,2,0,3,10,23.57,137.28,100,62.23,2,6,0,0,1,0,0,0.33,18.0,0.0,0.0,0,0,0,0,6,1129.14,0.0,1129.14
PH Solanki,2,0,0,0,0,0,0,0,0,0,0,0,0,0,0,0,0.0,0.0,0,0.0,36,38,2,11,1,2,0,6.0,6.33,19.0,18.0,0,0,0,0,11,0.0,0.0,0.0
KR Sen,12,0,0,0,0,0,0,3,3,0,1,0,0,0,1,1,0.0,0.0,0,0.0,241,387,14,83,41,16,0,40.17,9.63,27.64,17.21,0,0,0,0,5,0.0,349.65,349.65
RR Raje,10,20,1,1,10,0,0,18,6,11,5,1,0,0,0,4,20.0,111.11,2,50.0,139,209,6,39,23,4,0,23.17,9.02,34.83,23.17,0,0,0,0,5,85.56,107.78,193.34
Shakib Al Hasan,71,795,73,21,287,45,0,639,201,66,52,41,2,0,4,11,19.39,124.41,94,52.58,1484,1839,63,504,120,78,1,247.33,7.44,29.19,23.56,0,0,0,2,6,1254.71,2193.65,3448.35
AD Mascarenhas,13,79,5,1,35,9,0,78,27,27,11,9,0,0,2,2,8.78,101.28,6,32.91,308,356,19,124,34,8,1,51.33,6.94,18.74,16.21,0,0,0,1,2,169.14,558.65,727.79
Harpreet Singh,8,123,10,3,49,8,0,119,46,41,8,7,0,0,0,1,17.57,103.36,13,47.15,0,0,0,0,0,0,0,0.0,0.0,0.0,0.0,0,0,0,0,3,236.18,0.0,236.18
JJ van der Wath,3,18,1,1,6,1,0,16,7,14,3,2,0,0,1,1,9.0,112.5,2,55.56,72,129,3,29,17,6,0,12.0,10.75,43.0,24.0,0,0,0,0,5,83.25,10.5,93.75
S Kaushik,10,0,0,0,0,0,0,1,1,0,1,1,0,0,1,0,0.0,0.0,0,0.0,204,297,6,68,25,14,0,34.0,8.74,49.5,34.0,0,0,0,0,11,0.0,168.65,168.65
Saurav Chauhan,3,18,1,1,6,1,0,15,6,9,3,3,0,0,1,0,6.0,120.0,2,55.56,0,0,0,0,0,0,0,0.0,0.0,0.0,0.0,0,0,0,0,6,87.0,0.0,87.0
BB Sran,24,10,0,0,8,1,0,14,4,3,7,1,0,0,1,6,10.0,71.43,0,0.0,483,757,18,168,73,29,0,80.5,9.4,42.06,26.83,0,0,0,0,3,50.71,601.96,652.68
Naman Dhir,24,501,46,28,111,19,0,286,77,62,24,18,2,0,3,6,27.83,175.17,74,70.26,52,76,0,11,6,2,0,8.67,8.77,0.0,0.0,0,0,0,0,3,839.09,0.0,839.09
Yuvraj Singh,129,2754,218,149,741,119,3,2122,864,83,126,111,13,0,4,15,24.81,129.78,367,64.12,869,1077,36,258,59,41,0,144.83,7.44,29.92,24.14,0,0,0,5,8,4195.89,1161.64,5357.53
Sikandar Raza,9,182,12,8,44,18,2,136,50,57,9,7,1,0,0,2,26.0,133.82,20,52.75,84,141,3,21,15,4,0,14.0,10.07,47.0,28.0,0,0,0,1,8,339.91,1.29,341.2
RJ Harris,37,117,6,3,40,16,1,112,45,17,21,12,0,0,2,9,9.75,104.46,9,35.9,832,1047,45,364,119,27,3,138.67,7.55,23.27,18.49,0,0,0,1,8,227.73,1552.5,1780.23
L Ablish,3,0,0,0,0,0,0,2,2,0,1,0,0,0,1,1,0.0,0.0,0,0.0,42,75,3,10,11,1,0,7.0,10.71,25.0,14.0,0,0,0,0,4,0.0,0.0,0.0
I Malhotra,1,7,1,0,3,0,0,4,0,7,1,0,0,0,0,1,7.0,175.0,1,57.14,6,23,0,0,2,2,0,1.0,23.0,0.0,0.0,0,0,0,0,4,98.0,0.0,98.0
DP Conway,28,1080,117,34,306,45,4,773,240,92,28,25,11,0,3,3,43.2,139.72,151,62.22,0,0,0,0,0,0,0,0.0,0.0,0.0,0.0,0,0,0,4,3,1689.86,0.0,1689.86
Niraj Patel,6,121,14,1,38,9,1,119,54,57,6,4,1,0,0,2,30.25,101.68,15,51.24,0,0,0,0,0,0,0,0.0,0.0,0.0,0.0,0,0,0,0,5,232.34,0.0,232.34
AC Gilchrist,80,2069,239,92,417,66,4,1495,628,109,80,76,11,2,7,4,27.22,138.39,331,72.89,1,0,1,1,0,0,0,0.17,0.0,0.0,1.0,0,0,0,7,1,3172.7,22.0,3194.7
CJ Dala,1,0,0,0,0,0,0,0,0,0,0,0,0,0,0,0,0.0,0.0,0,0.0,18,34,0,7,3,2,0,3.0,11.33,0.0,0.0,0,0,0,0,11,0.0,0.0,0.0
V Viyaskanth,3,7,0,0,4,0,1,5,0,7,1,0,0,0,0,1,7.0,140.0,0,0.0,60,86,1,16,4,6,0,10.0,8.6,86.0,60.0,0,0,0,0,11,80.5,0.0,80.5
TR Birt,5,75,9,2,15,6,0,58,24,27,5,5,0,0,0,0,15.0,129.31,11,64.0,0,0,0,0,0,0,0,0.0,0.0,0.0,0.0,0,0,0,0,5,177.16,0.0,177.16
Dhruv Jurel,40,856,68,46,232,38,0,541,154,81,40,28,6,0,4,12,30.57,158.23,114,64.02,0,0,0,0,0,0,0,0.0,0.0,0.0,0.0,0,0,0,0,1,1363.11,0.0,1363.11
GR Napier,1,15,1,0,5,3,0,16,7,15,1,1,0,0,0,0,15.0,93.75,1,26.67,24,27,1,8,2,1,0,4.0,6.75,27.0,24.0,0,0,0,0,3,69.38,0.0,69.38
JR Hopes,20,417,49,11,114,19,1,306,110,71,19,16,4,0,1,3,26.06,136.27,60,62.83,360,548,14,105,44,28,0,60.0,9.13,39.14,25.71,0,0,0,0,3,693.64,398.67,1092.3
TL Seifert,3,26,4,0,5,1,1,23,11,21,3,3,0,0,0,0,8.67,113.04,4,61.54,0,0,0,0,0,0,0,0.0,0.0,0.0,0.0,0,0,0,0,8,95.52,0.0,95.52
UT Yadav,147,208,16,9,70,10,0,201,93,24,48,21,0,0,10,27,9.9,103.48,25,56.73,3056,4332,144,1186,473,151,5,509.33,8.51,30.08,21.22,0,0,0,10,9,363.74,5166.95,5530.69
T Kohler-Cadmore,3,48,7,1,12,1,0,54,32,20,3,3,0,0,0,0,16.0,88.89,8,70.83,0,0,0,0,0,0,0,0.0,0.0,0.0,0.0,0,0,0,0,7,116.44,0.0,116.44
YA Abdulla,11,0,0,0,0,0,0,1,0,0,1,0,0,0,1,1,0.0,0.0,0,0.0,209,307,15,88,32,13,1,34.83,8.81,20.47,13.93,0,0,0,0,10,0.0,387.87,387.87
Mohsin Khan,24,25,2,1,7,2,0,25,13,13,6,4,0,0,2,2,6.25,100.0,3,56.0,510,708,28,221,62,36,3,85.0,8.33,25.29,18.21,0,0,0,1,8,87.5,918.71,1006.21
B Sumanth,4,35,3,0,17,3,0,37,14,16,4,1,0,0,0,3,35.0,94.59,3,34.29,0,0,0,0,0,0,0,0.0,0.0,0.0,0.0,0,0,0,0,3,99.8,0.0,99.8
HH Gibbs,36,886,83,31,264,45,3,807,354,69,36,32,6,0,4,4,27.69,109.79,114,58.47,0,0,0,0,0,0,0,0.0,0.0,0.0,0.0,0,0,0,1,4,1383.89,0.0,1383.89
JP Behrendorff,17,6,0,0,6,0,0,9,3,3,2,0,0,0,0,2,6.0,66.67,0,0.0,366,552,19,139,55,26,0,61.0,9.05,29.05,19.26,0,0,0,0,4,42.33,567.51,609.84
Anirudh Singh,4,63,6,1,23,5,0,66,31,40,4,4,0,0,1,0,15.75,95.45,7,47.62,0,0,0,0,0,0,0,0.0,0.0,0.0,0.0,0,0,0,0,3,142.23,0.0,142.23
S Nadeem,71,39,2,0,25,3,0,87,55,6,20,14,0,0,7,6,2.79,44.83,2,20.51,1415,1784,48,453,114,73,2,235.83,7.56,37.17,29.48,0,0,0,2,8,80.91,1790.35,1871.27
Tejas Baroka,1,0,0,0,0,0,0,0,0,0,0,0,0,0,0,0,0.0,0.0,0,0.0,21,33,0,6,2,2,0,3.5,9.43,0.0,0.0,0,0,0,0,11,0.0,0.0,0.0
LS Livingstone,49,1065,70,76,265,29,2,682,225,94,48,41,7,0,3,7,25.98,156.16,146,69.11,312,469,13,81,38,19,0,52.0,9.02,36.08,24.0,0,0,0,1,4,1675.58,331.81,2007.39
SE Rutherford,24,499,29,37,129,16,0,340,121,71,24,19,1,0,1,5,26.26,146.76,66,67.74,41,59,1,7,4,1,0,6.83,8.63,59.0,41.0,0,0,0,0,6,821.88,0.0,821.88
EJG Morgan,75,1406,112,64,416,73,4,1148,444,68,74,62,5,0,5,12,22.68,122.47,176,59.17,0,0,0,0,0,0,0,0.0,0.0,0.0,0.0,0,0,0,2,2,2170.24,0.0,2170.24
KP Pietersen,36,1001,91,40,284,48,4,743,257,103,36,28,4,1,4,8,35.75,134.72,131,60.34,174,215,7,54,10,9,0,29.0,7.41,30.71,24.86,0,0,0,3,4,1568.86,173.86,1742.72
DR Shorey,2,13,0,1,7,0,0,17,9,8,2,2,0,0,0,0,6.5,76.47,1,46.15,0,0,0,0,0,0,0,0.0,0.0,0.0,0.0,0,0,0,0,4,57.74,0.0,57.74
B Sai Sudharsan,44,1906,199,56,571,96,2,1305,362,108,44,40,13,2,0,4,47.65,146.05,255,59.39,0,0,0,0,0,0,0,0.0,0.0,0.0,0.0,0,0,0,4,1,2932.03,0.0,2932.03
NA Saini,28,31,3,0,15,2,0,35,14,12,6,3,0,0,1,3,10.33,88.57,3,38.71,592,843,18,253,90,34,1,98.67,8.54,46.83,32.89,0,0,0,0,6,90.79,780.56,871.35
DPMD Jayawardene,78,1808,200,40,565,93,4,1464,528,110,78,64,10,1,2,14,28.25,123.5,240,57.52,0,0,0,0,0,0,0,0.0,0.0,0.0,0.0,0,0,0,5,2,2773.75,0.0,2773.75
SE Marsh,69,2489,269,78,724,99,6,1871,647,115,69,63,20,1,1,6,39.51,133.03,347,62.03,0,0,0,0,0,0,0,0.0,0.0,0.0,0.0,0,0,0,9,7,3800.02,0.0,3800.02
RJ Peterson,5,32,3,1,12,1,0,30,11,16,5,3,0,0,1,2,10.67,106.67,4,56.25,48,70,3,21,5,5,0,8.0,8.75,23.33,16.0,0,0,0,0,7,101.33,14.5,115.83
Harpreet Brar,46,244,19,10,76,16,0,203,74,29,26,12,0,0,1,14,20.33,120.2,29,55.74,811,1085,35,269,75,48,1,135.17,8.03,31.0,23.17,0,0,0,4,2,426.1,1157.73,1583.83
MK Tiwary,86,1695,156,40,633,77,8,1449,506,75,83,59,7,0,8,24,28.73,116.98,196,50.97,42,83,1,9,2,7,0,7.0,11.86,83.0,42.0,0,0,0,3,4,2600.99,0.0,2600.99
R McLaren,18,159,14,1,78,8,1,171,65,51,13,8,1,0,2,5,19.88,92.98,15,38.99,354,542,12,116,69,11,0,59.0,9.19,45.17,29.5,0,0,0,1,6,284.99,380.14,665.13
PP Shaw,79,1892,238,61,429,68,3,1283,470,99,79,79,14,0,7,0,23.95,147.47,299,69.66,0,0,0,0,0,0,0,0.0,0.0,0.0,0.0,0,0,0,4,4,2911.73,0.0,2911.73
DR Smith,91,2385,245,117,521,84,3,1764,738,87,88,84,17,0,8,4,28.39,135.2,362,70.52,539,810,26,168,75,33,0,89.83,9.02,31.15,20.73,0,0,0,11,3,3645.1,765.83,4410.94
LE Plunkett,7,1,0,0,1,0,0,3,2,1,2,1,0,0,1,1,1.0,33.33,0,0.0,150,225,4,39,15,12,0,25.0,9.0,56.25,37.5,0,0,0,0,4,18.17,68.0,86.17
SP Jackson,8,61,5,1,27,4,0,57,20,16,8,6,0,0,1,2,10.17,107.02,6,42.62,0,0,0,0,0,0,0,0.0,0.0,0.0,0.0,0,0,0,0,6,145.01,0.0,145.01
Avesh Khan,79,68,7,4,10,3,0,43,18,19,16,4,0,0,3,12,17.0,158.14,11,76.47,1703,2588,92,597,262,105,1,283.83,9.12,28.13,18.51,0,0,0,3,2,181.07,2942.82,3123.89
Mashrafe Mortaza,1,2,0,0,0,1,0,2,1,2,1,0,0,0,0,1,2.0,100.0,0,0.0,24,58,0,6,4,4,0,4.0,14.5,0.0,0.0,0,0,0,0,4,53.0,0.0,53.0
P Kumar,119,340,22,17,102,24,0,314,141,34,57,38,0,0,9,19,8.95,108.28,39,55.88,2524,3251,90,1075,338,104,14,420.67,7.73,36.12,28.04,0,0,0,2,7,564.14,3872.72,4436.86
Shoaib Malik,6,52,5,0,24,4,0,47,13,24,5,4,0,0,0,1,13.0,110.64,5,38.46,51,85,2,15,7,3,0,8.5,10.0,42.5,25.5,0,0,0,0,6,133.32,0.0,133.32
F du Plessis,147,4773,440,174,1459,223,18,3515,1149,96,147,136,39,0,7,11,35.1,135.79,614,58.75,6,16,0,0,0,2,0,1.0,16.0,0.0,0.0,0,0,0,10,2,7227.39,0.0,7227.39
K Khejroliya,8,0,0,0,0,0,0,0,0,0,0,0,0,0,0,0,0.0,0.0,0,0.0,139,246,6,36,17,15,0,23.17,10.62,41.0,23.17,0,0,0,0,11,0.0,85.81,85.81
CH Gayle,141,4997,408,359,1018,92,3,3346,1387,175,141,126,32,6,8,15,39.66,149.34,767,75.77,554,729,18,180,49,27,0,92.33,7.9,40.5,30.78,0,0,0,22,2,7570.17,641.05,8211.22
LJ Wright,7,106,16,3,20,2,0,60,19,44,5,5,0,0,0,0,21.2,176.67,19,77.36,71,124,2,14,5,9,0,11.83,10.48,62.0,35.5,0,0,0,1,3,247.33,0.0,247.33
SP Fleming,10,196,27,3,42,11,2,165,74,45,10,9,0,0,1,1,21.78,118.79,30,64.29,0,0,0,0,0,0,0,0.0,0.0,0.0,0.0,0,0,0,0,8,353.39,0.0,353.39
D Pretorius,7,44,3,3,10,2,0,28,10,22,5,4,0,0,1,1,11.0,157.14,6,68.18,150,238,6,42,14,11,0,25.0,9.52,39.67,25.0,0,0,0,0,2,144.57,108.8,253.37
DM Bravo,1,6,1,0,2,0,0,5,2,6,1,0,0,0,0,1,6.0,120.0,1,66.67,0,0,0,0,0,0,0,0.0,0.0,0.0,0.0,0,0,0,0,1,69.0,0.0,69.0
R Ninan,2,3,0,0,3,0,0,6,2,3,1,1,0,0,0,0,3.0,50.0,0,0.0,36,65,3,8,3,5,0,6.0,10.83,21.67,12.0,0,0,0,0,6,29.5,0.0,29.5
Akash Deep,14,25,2,2,5,0,0,14,5,17,5,3,0,0,2,2,8.33,178.57,4,80.0,278,548,10,89,48,33,1,46.33,11.83,54.8,27.8,0,0,0,0,1,126.79,259.73,386.51
P Dogra,12,127,4,5,58,10,1,138,59,41,12,11,0,0,1,1,11.55,92.03,9,36.22,0,0,0,0,0,0,0,0.0,0.0,0.0,0.0,0,0,0,0,6,236.51,0.0,236.51
KL Nagarkoti,12,22,1,0,14,2,0,33,16,8,7,4,0,0,2,3,5.5,66.67,1,18.18,180,285,5,50,21,14,0,30.0,9.5,57.0,36.0,0,0,0,0,4,66.33,105.0,171.33
R Rampaul,12,51,3,2,15,6,0,50,22,23,7,5,0,0,3,2,10.2,102.0,5,47.06,268,309,16,130,25,14,4,44.67,6.92,19.31,16.75,0,0,0,0,6,127.5,510.82,638.32
DE Bollinger,27,21,1,1,9,1,0,23,9,16,4,1,0,0,1,3,21.0,91.3,2,47.62,576,693,37,254,73,19,3,96.0,7.22,18.73,15.57,0,0,0,2,1,77.15,1175.81,1252.96
KC Cariappa,11,24,0,2,10,1,0,21,8,12,5,3,0,0,0,2,8.0,114.29,2,50.0,216,348,8,61,23,19,0,36.0,9.67,43.5,27.0,0,0,0,0,6,93.14,185.33,278.48
A Nehra,88,41,3,1,21,1,0,62,31,22,17,7,0,0,7,10,5.86,66.13,4,43.9,1908,2495,106,798,279,76,2,318.0,7.85,23.54,18.0,0,0,0,6,1,94.56,3637.54,3732.11
JL Pattinson,10,15,2,0,7,0,0,13,4,11,2,1,0,0,0,1,15.0,115.38,2,53.33,213,320,11,77,34,10,0,35.5,9.01,29.09,19.36,0,0,0,0,3,80.19,283.86,364.05
Mayank Dagar,8,0,0,0,0,0,0,1,1,0,1,1,0,0,1,0,0.0,0.0,0,0.0,137,203,2,43,14,11,0,22.83,8.89,101.5,68.5,0,0,0,0,7,0.0,37.09,37.09
P Nissanka,4,127,17,4,29,3,0,83,28,44,4,4,0,0,0,0,31.75,153.01,21,72.44,0,0,0,0,0,0,0,0.0,0.0,0.0,0.0,0,0,0,0,5,267.01,0.0,267.01
Suyash Sharma,31,0,0,0,0,0,0,0,0,0,0,0,0,0,0,0,0.0,0.0,0,0.0,648,944,22,206,81,44,0,108.0,8.74,42.91,29.45,0,0,0,1,11,0.0,764.59,764.59
PD Collingwood,7,203,9,13,66,10,1,156,54,75,7,5,3,0,0,2,40.6,130.13,22,56.16,89,101,5,24,4,3,0,14.83,6.81,20.2,17.8,0,0,0,1,7,369.56,79.91,449.47
KA Jamieson,13,65,5,3,18,3,1,60,24,16,9,4,0,0,2,5,16.25,108.33,8,58.46,258,416,14,103,41,22,1,43.0,9.67,29.71,18.43,0,0,0,0,5,151.67,389.26,540.92
RS Bopara,24,531,39,16,204,27,7,453,153,84,22,18,3,0,2,4,29.5,117.22,55,47.46,206,292,11,61,25,10,0,34.33,8.5,26.55,18.73,0,0,0,1,7,855.11,256.95,1112.06
CL White,45,971,76,38,335,49,2,760,252,78,45,36,6,0,4,9,26.97,127.76,114,54.79,42,86,1,8,5,6,0,7.0,12.29,86.0,42.0,0,0,0,1,2,1520.38,0.0,1520.38
JM Sharma,51,1029,80,64,234,44,1,658,228,85,51,43,1,0,3,8,23.93,156.38,144,68.42,0,0,0,0,0,0,0,0.0,0.0,0.0,0.0,0,0,0,1,3,1621.69,0.0,1621.69
SB Dubey,11,139,9,10,35,4,0,85,26,34,11,6,0,0,1,5,23.17,163.53,19,69.06,0,0,0,0,0,0,0,0.0,0.0,0.0,0.0,0,0,0,0,6,290.26,0.0,290.26
F Behardien,3,14,2,0,6,0,0,13,5,9,3,2,0,0,1,1,7.0,107.69,2,57.14,0,0,0,0,0,0,0,0.0,0.0,0.0,0.0,0,0,0,0,3,74.85,0.0,74.85
Imran Tahir,59,33,5,0,9,2,0,37,20,13,8,4,0,0,1,4,8.25,89.19,5,60.61,1316,1703,82,437,97,83,1,219.33,7.76,20.77,16.05,0,0,0,1,4,94.09,2436.36,2530.45
RS Gavaskar,2,2,0,0,2,0,0,8,6,2,1,1,0,0,0,0,2.0,25.0,0,0.0,6,8,0,2,1,0,0,1.0,8.0,0.0,0.0,0,0,0,0,8,15.5,0.0,15.5
AG Murtaza,12,10,1,0,6,0,0,14,7,5,3,1,0,0,0,2,10.0,71.43,1,40.0,264,313,9,101,22,14,0,44.0,7.11,34.78,29.33,0,0,0,0,2,50.71,310.86,361.58
PR Veer,2,49,7,1,15,0,0,36,12,43,2,1,0,0,0,1,49.0,136.11,8,69.39,0,0,0,0,0,0,0,0.0,0.0,0.0,0.0,0,0,0,0,5,141.56,0.0,141.56
MD Shanaka,3,26,2,1,10,1,0,26,12,17,3,2,0,0,1,1,13.0,100.0,3,53.85,0,0,0,0,0,0,0,0.0,0.0,0.0,0.0,0,0,0,0,4,89.0,0.0,89.0
KT Maphaka,4,8,2,0,0,0,0,2,0,8,1,0,0,0,0,1,8.0,400.0,2,100.0,66,143,2,22,18,8,0,11.0,13.0,71.5,33.0,0,0,0,0,2,212.0,0.0,212.0
TH David,49,993,63,73,209,44,2,556,156,70,49,27,2,0,3,22,36.78,178.6,136,69.49,6,18,0,1,1,2,0,1.0,18.0,0.0,0.0,0,0,0,3,7,1578.8,0.0,1578.8
Abdul Basith,1,1,0,0,1,0,0,1,0,1,1,0,0,0,0,1,1.0,100.0,0,0.0,0,0,0,0,0,0,0,0.0,0.0,0.0,0.0,0,0,0,0,1,51.5,0.0,51.5
UBT Chand,20,300,32,9,88,15,0,300,148,58,20,20,1,0,4,0,15.0,100.0,41,60.67,0,0,0,0,0,0,0,0.0,0.0,0.0,0.0,0,0,0,0,8,500.0,0.0,500.0
LG Pretorius,1,0,0,0,0,0,0,2,2,0,1,1,0,0,1,0,0.0,0.0,0,0.0,0,0,0,0,0,0,0,0.0,0.0,0.0,0.0,0,0,0,0,4,0.0,0.0,0.0
AA Kazi,1,0,0,0,0,0,0,0,0,0,0,0,0,0,0,0,0.0,0.0,0,0.0,12,21,0,2,1,1,0,2.0,10.5,0.0,0.0,0,0,0,0,11,0.0,0.0,0.0
AUK Pathan,7,39,5,2,3,2,0,23,11,14,7,5,0,0,2,2,7.8,169.57,7,82.05,39,63,0,9,5,2,0,6.5,9.69,0.0,0.0,0,0,0,0,2,143.28,0.0,143.28
VS Malik,13,7,1,0,3,0,0,7,2,6,2,1,0,0,0,1,7.0,100.0,1,57.14,205,261,6,84,30,6,0,34.17,7.64,43.5,34.17,0,0,0,0,10,60.5,211.61,272.11
Younis Khan,1,3,0,0,3,0,0,7,4,3,1,1,0,0,0,0,3.0,42.86,0,0.0,0,0,0,0,0,0,0,0.0,0.0,0.0,0.0,0,0,0,0,9,25.93,0.0,25.93
R Bishnoi,3,19,1,2,3,0,0,17,11,18,3,3,0,0,1,0,6.33,111.76,3,84.21,0,0,0,0,0,0,0,0.0,0.0,0.0,0.0,0,0,0,0,7,84.38,0.0,84.38
AD Nath,10,90,7,2,40,5,0,98,44,24,10,10,0,0,1,0,9.0,91.84,9,44.44,0,0,0,0,0,0,0,0.0,0.0,0.0,0.0,0,0,0,0,1,180.92,0.0,180.92
MA Khote,3,24,2,1,8,1,0,22,7,9,3,2,0,0,0,1,12.0,109.09,3,58.33,30,51,2,5,4,2,0,5.0,10.2,25.5,15.0,0,0,0,0,6,90.55,0.0,90.55
Ashok Sharma,4,0,0,0,0,0,0,1,1,0,1,0,0,0,1,1,0.0,0.0,0,0.0,84,145,4,30,13,8,0,14.0,10.36,36.25,21.0,0,0,0,0,1,0.0,36.43,36.43
JO Holder,46,259,13,18,77,11,0,211,87,47,27,21,0,0,3,6,12.33,122.75,31,61.78,995,1461,53,321,132,54,0,165.83,8.81,27.57,18.77,0,0,0,1,4,449.87,1613.9,2063.77
TL Suman,40,676,55,26,205,43,3,575,230,78,39,32,2,0,3,7,21.12,117.57,81,55.62,150,197,6,43,8,10,0,25.0,7.88,32.83,25.0,0,0,0,1,7,1072.78,127.2,1199.98
J Arunkumar,3,23,5,0,3,0,0,23,14,22,3,3,0,0,1,0,7.67,100.0,5,86.96,0,0,0,0,0,0,0,0.0,0.0,0.0,0.0,0,0,0,0,3,84.5,0.0,84.5
O Thomas,4,0,0,0,0,0,0,0,0,0,0,0,0,0,0,0,0.0,0.0,0,0.0,60,79,5,17,9,1,0,10.0,7.9,15.8,12.0,0,0,0,0,11,0.0,55.0,55.0
Urvil Patel,3,68,5,6,9,0,1,32,11,37,3,3,0,0,1,0,22.67,212.5,11,82.35,0,0,0,0,0,0,0,0.0,0.0,0.0,0.0,0,0,0,0,10,208.25,0.0,208.25
JM Bairstow,52,1674,173,74,378,71,6,1146,422,114,52,48,9,2,3,4,34.88,146.07,247,67.86,0,0,0,0,0,0,0,0.0,0.0,0.0,0.0,0,0,0,6,2,2584.04,0.0,2584.04
PVD Chameera,19,53,3,3,17,3,0,42,14,17,10,4,0,0,3,6,13.25,126.19,6,56.6,384,630,13,146,65,30,0,64.0,9.84,48.46,29.54,0,0,0,0,8,142.6,453.56,596.16
R Dravid,82,2174,269,28,681,118,1,1882,746,75,82,77,11,0,3,5,28.23,115.52,297,57.22,0,0,0,0,0,0,0,0.0,0.0,0.0,0.0,0,0,0,2,5,3318.76,0.0,3318.76
KK Cooper,25,116,9,8,16,8,0,68,26,32,12,9,0,0,1,3,12.89,170.59,17,72.41,576,757,33,184,59,23,1,96.0,7.89,22.94,17.45,0,0,0,1,4,259.29,949.15,1208.44
CM Gautam,13,169,17,6,40,8,3,150,66,33,13,10,0,0,0,3,16.9,112.67,23,61.54,0,0,0,0,0,0,0,0.0,0.0,0.0,0.0,0,0,0,0,4,309.83,0.0,309.83
Misbah-ul-Haq,8,117,10,6,29,6,0,81,28,47,8,7,0,0,2,1,16.71,144.44,16,64.96,0,0,0,0,0,0,0,0.0,0.0,0.0,0.0,0,0,0,0,5,247.72,0.0,247.72
Kumar Kushagra,4,21,3,0,5,2,0,21,11,18,4,4,0,0,1,0,5.25,100.0,3,57.14,0,0,0,0,0,0,0,0.0,0.0,0.0,0.0,0,0,0,0,6,81.5,0.0,81.5
B Laughlin,9,5,0,0,5,0,0,13,8,4,4,2,0,0,2,2,2.5,38.46,0,0.0,168,282,10,42,26,10,0,28.0,10.07,28.2,16.8,0,0,0,0,2,26.73,183.29,210.02
AS Joseph,22,27,3,0,11,2,0,32,15,15,5,1,0,0,1,4,27.0,84.38,3,44.44,434,691,21,162,53,43,1,72.33,9.55,32.9,20.67,0,0,0,1,2,82.69,648.47,731.16
YV Dhull,3,16,1,0,12,0,0,23,10,13,3,3,0,0,0,0,5.33,69.57,1,25.0,0,0,0,0,0,0,0,0.0,0.0,0.0,0.0,0,0,0,0,11,58.78,0.0,58.78
SSB Magala,2,0,0,0,0,0,0,0,0,0,0,0,0,0,0,0,0.0,0.0,0,0.0,36,51,1,5,5,0,0,6.0,8.5,51.0,36.0,0,0,0,0,11,0.0,0.0,0.0
SB Jakati,58,28,3,0,14,1,0,29,11,13,5,1,0,0,0,4,28.0,96.55,3,42.86,1085,1451,47,337,97,60,1,180.83,8.02,30.87,23.09,0,0,0,1,9,90.28,1533.76,1624.04
M Shahrukh Khan,51,747,47,51,199,27,0,501,170,58,50,36,2,0,3,14,20.75,149.1,98,66.13,18,28,1,4,1,2,0,3.0,9.33,28.0,18.0,0,0,0,0,4,1195.05,0.0,1195.05
Y Gnaneswara Rao,2,19,3,0,5,1,0,17,8,19,1,1,0,0,0,0,19.0,111.76,3,63.16,6,7,0,3,1,0,0,1.0,7.0,0.0,0.0,0,0,0,0,7,84.38,0.0,84.38
PWA Mulder,1,9,1,0,5,0,0,11,5,9,1,1,0,0,0,0,9.0,81.82,1,44.44,6,16,0,1,2,1,0,1.0,16.0,0.0,0.0,0,0,0,0,10,54.41,0.0,54.41
Yash Thakur,21,0,0,0,0,0,0,0,0,0,0,0,0,0,0,0,0.0,0.0,0,0.0,443,770,25,138,64,43,1,73.83,10.43,30.8,17.72,0,0,0,1,11,0.0,671.71,671.71
PP Ojha,90,16,0,0,14,1,0,45,25,3,19,12,0,0,7,7,1.33,35.56,0,0.0,1899,2337,89,667,146,97,1,316.5,7.38,26.26,21.34,0,0,0,1,6,41.78,3040.16,3081.94
OC McCoy,8,8,0,1,2,0,0,5,2,8,1,1,0,0,0,0,8.0,160.0,1,75.0,161,250,11,49,20,9,0,26.83,9.32,22.73,14.64,0,0,0,0,3,92.0,224.83,316.83
J Theron,10,10,1,0,6,0,0,12,5,7,4,2,0,0,1,2,5.0,83.33,1,40.0,221,302,11,68,28,9,0,36.83,8.2,27.45,20.09,0,0,0,1,3,56.67,274.01,330.68
Q de Kock,116,3424,333,141,940,139,6,2532,923,140,116,109,24,3,4,7,31.41,135.23,474,63.61,0,0,0,0,0,0,0,0.0,0.0,0.0,0.0,0,0,0,7,5,5203.61,0.0,5203.61
M Kartik,55,113,7,1,60,8,1,108,29,21,14,7,0,0,1,7,16.14,104.63,8,30.09,1149,1388,31,382,97,41,1,191.5,7.25,44.77,37.06,0,0,0,1,5,221.81,1311.52,1533.33
JL Denly,1,0,0,0,0,0,0,1,1,0,1,1,0,0,1,0,0.0,0.0,0,0.0,0,0,0,0,0,0,0,0.0,0.0,0.0,0.0,0,0,0,0,3,0.0,0.0,0.0
RA Tripathi,98,2291,229,85,628,111,5,1662,575,93,98,88,12,0,4,10,26.03,137.85,314,62.24,6,12,0,0,2,0,0,1.0,12.0,0.0,0.0,0,0,0,4,6,3505.42,0.0,3505.42
A Tomar,1,4,1,0,0,0,0,8,7,4,1,1,0,0,0,0,4.0,50.0,1,100.0,0,0,0,0,0,0,0,0.0,0.0,0.0,0.0,0,0,0,0,1,31.0,0.0,31.0
I Udana,10,15,1,1,5,0,0,11,4,10,4,3,0,0,1,1,5.0,136.36,2,66.67,174,282,8,45,26,11,0,29.0,9.72,35.25,21.75,0,0,0,0,4,90.68,152.76,243.44
P Dubey,5,23,2,0,13,1,0,33,16,16,2,1,0,0,0,1,23.0,69.7,2,34.78,78,111,2,23,10,5,0,13.0,8.54,55.5,39.0,0,0,0,0,6,69.35,0.62,69.96
RA Bawa,3,19,1,0,6,3,1,18,7,11,3,2,0,0,1,1,9.5,105.56,1,21.05,0,0,0,0,0,0,0,0.0,0.0,0.0,0.0,0,0,0,0,6,81.28,0.0,81.28
Tilak Varma,56,1542,121,74,462,70,4,1070,320,84,56,45,8,0,2,11,34.27,144.11,195,60.18,22,28,0,8,4,0,0,3.67,7.64,0.0,0.0,0,0,0,0,8,2385.06,0.0,2385.06
DR Martyn,1,19,1,0,15,0,0,24,8,19,1,1,0,0,0,0,19.0,79.17,1,21.05,0,0,0,0,0,0,0,0.0,0.0,0.0,0.0,0,0,0,0,2,68.08,0.0,68.08
V Kohli,265,8899,799,300,2866,487,21,6667,2120,113,264,223,66,8,10,41,39.91,133.48,1099,56.14,251,368,4,52,25,11,0,41.83,8.8,92.0,62.75,0,0,0,19,7,13415.24,96.03,13511.27
A Kamboj,16,42,4,1,16,2,0,36,10,19,8,2,0,0,1,6,21.0,116.67,5,52.38,301,475,20,117,53,20,0,50.17,9.47,23.75,15.05,0,0,0,0,1,121.33,539.32,660.65
JG Bethell,2,67,9,3,13,0,0,39,14,55,2,2,1,0,0,0,33.5,171.79,12,80.6,0,0,0,0,0,0,0,0.0,0.0,0.0,0.0,0,0,0,0,2,186.4,0.0,186.4
LB Williams,2,1,0,0,1,0,0,2,1,1,1,0,0,0,0,1,1.0,50.0,0,0.0,36,72,1,12,7,3,0,6.0,12.0,72.0,36.0,0,0,0,0,6,26.5,0.0,26.5
Harshit Rana,32,59,5,3,12,3,1,56,29,34,10,6,0,0,3,4,9.83,105.36,8,64.41,649,1029,40,247,99,56,1,108.17,9.51,25.72,16.23,0,0,0,0,4,141.18,1198.87,1340.05
A Mishra,162,381,31,5,183,22,0,419,168,31,55,32,0,0,8,23,11.91,90.93,36,40.42,3371,4145,174,1185,239,184,6,561.83,7.38,23.82,19.37,0,0,0,12,1,616.97,5776.22,6393.19
B Muzarabani,2,0,0,0,0,0,0,0,0,0,0,0,0,0,0,0,0.0,0.0,0,0.0,42,75,4,12,9,3,0,7.0,10.71,18.75,10.5,0,0,0,0,11,0.0,0.0,0.0
Y Venugopal Rao,57,985,77,37,341,53,1,836,304,71,52,44,3,0,3,8,22.39,117.82,114,53.81,216,337,6,59,30,13,0,36.0,9.36,56.17,36.0,0,0,0,0,9,1536.41,144.39,1680.8
DJM Short,7,115,11,5,35,3,0,99,44,44,7,7,0,0,0,0,16.43,116.16,16,64.35,18,19,1,7,1,1,0,3.0,6.33,19.0,18.0,0,0,0,0,3,230.58,0.0,230.58
HC Brook,11,190,23,4,50,12,0,154,64,100,11,9,0,1,3,2,21.11,123.38,27,61.05,0,0,0,0,0,0,0,0.0,0.0,0.0,0.0,0,0,0,1,5,346.69,0.0,346.69
AP Tare,28,339,40,11,72,19,1,273,124,59,27,24,1,0,5,3,14.12,124.18,51,66.67,0,0,0,0,0,0,0,0.0,0.0,0.0,0.0,0,0,0,1,1,570.59,0.0,570.59
AF Milne,10,23,0,1,13,2,0,29,13,15,6,4,0,0,2,2,5.75,79.31,1,26.09,207,327,7,69,35,13,0,34.5,9.48,46.71,29.57,0,0,0,0,2,74.16,183.22,257.37
Sanvir Singh,5,25,2,1,9,1,0,21,7,8,5,2,0,0,1,3,12.5,119.05,3,56.0,0,0,0,0,0,0,0,0.0,0.0,0.0,0.0,0,0,0,0,8,97.02,0.0,97.02
A Raghuvanshi,23,645,66,23,189,20,3,437,127,54,23,20,4,0,0,3,32.25,147.6,89,62.33,0,0,0,0,0,0,0,0.0,0.0,0.0,0.0,0,0,0,0,1,1041.3,0.0,1041.3
Sohail Tanvir,11,36,3,1,14,2,0,29,9,13,5,3,0,0,0,2,12.0,124.14,4,50.0,247,266,22,121,27,7,0,41.17,6.46,12.09,11.23,0,0,0,2,8,116.07,617.38,733.45
Harbhajan Singh,163,833,79,42,195,35,0,604,236,64,88,55,1,0,12,33,15.15,137.91,121,68.19,3416,4030,150,1263,296,145,6,569.33,7.08,26.87,22.77,0,0,0,8,3,1318.46,5455.22,6773.67
M Siddharth,7,0,0,0,0,0,0,0,0,0,0,0,0,0,0,0,0.0,0.0,0,0.0,144,201,5,52,15,9,0,24.0,8.38,40.2,28.8,0,0,0,0,11,0.0,120.25,120.25
Anuj Rawat,21,318,26,14,97,15,1,267,105,66,21,16,1,0,4,5,19.88,119.1,40,59.12,0,0,0,0,0,0,0,0.0,0.0,0.0,0.0,0,0,0,1,1,536.55,0.0,536.55
PC Valthaty,23,505,61,20,101,20,0,418,209,120,23,22,2,1,1,1,22.95,120.81,81,72.08,151,205,7,44,15,7,0,25.17,8.15,29.29,21.57,0,0,0,2,6,817.91,146.54,964.45
KD Karthik,234,4843,466,161,1464,258,6,3580,1151,97,233,184,22,0,19,49,26.32,135.28,627,58.43,0,0,0,0,0,0,0,0.0,0.0,0.0,0.0,0,0,0,7,4,7332.14,0.0,7332.14
V Puthur,5,0,0,0,0,0,0,0,0,0,0,0,0,0,0,0,0.0,0.0,0,0.0,72,109,6,24,4,9,0,12.0,9.08,18.17,12.0,0,0,0,0,11,0.0,77.17,77.17
Abdul Samad,57,815,52,51,221,40,0,555,178,45,56,44,0,0,4,12,18.52,146.85,103,63.07,57,125,2,12,6,10,0,9.5,13.16,62.5,28.5,0,0,0,0,2,1295.92,0.0,1295.92
SS Prabhudessai,10,126,11,4,28,12,2,106,45,34,10,10,0,0,1,0,12.6,118.87,15,53.97,0,0,0,0,0,0,0,0.0,0.0,0.0,0.0,0,0,0,0,8,248.43,0.0,248.43
RT Ponting,9,91,5,2,47,6,0,128,63,28,9,9,0,0,3,0,10.11,71.09,7,35.16,0,0,0,0,0,0,0,0.0,0.0,0.0,0.0,0,0,0,0,6,172.05,0.0,172.05
Y Nagar,20,285,20,9,109,18,2,259,91,44,20,14,0,0,3,6,20.36,110.04,29,47.02,66,125,4,16,11,6,0,11.0,11.36,31.25,16.5,0,0,0,0,7,482.52,0.0,482.52
Mandeep Singh,98,1706,176,38,531,113,4,1388,497,77,97,82,6,0,14,15,20.8,122.91,214,54.63,12,26,0,1,1,2,0,2.0,13.0,0.0,0.0,0,0,0,3,5,2620.46,0.0,2620.46
AJ Tye,30,91,6,5,22,6,1,76,30,25,13,9,0,0,3,4,10.11,119.74,11,59.34,684,979,42,208,90,33,0,114.0,8.59,23.31,16.29,0,0,0,2,2,196.37,1170.12,1366.49
Ankit Sharma,21,87,7,4,23,6,0,67,27,30,10,7,0,0,1,3,12.43,129.85,11,59.77,367,450,12,137,28,18,0,61.17,7.36,37.5,30.58,0,0,0,0,2,195.43,440.43,635.86
SM Katich,11,241,26,8,56,15,1,186,73,75,11,10,2,0,1,1,24.1,129.57,34,63.07,0,0,0,0,0,0,0,0.0,0.0,0.0,0.0,0,0,0,1,6,426.28,0.0,426.28
RJ Quiney,7,103,12,3,30,2,1,102,49,51,7,7,1,0,0,0,14.71,100.98,15,64.08,0,0,0,0,0,0,0,0.0,0.0,0.0,0.0,0,0,0,0,6,204.99,0.0,204.99
VS Yeligati,2,2,0,0,0,1,0,2,1,2,1,1,0,0,0,0,2.0,100.0,0,0.0,30,59,0,6,7,2,0,5.0,11.8,0.0,0.0,0,0,0,0,11,53.0,0.0,53.0
Priyansh Arya,22,663,70,42,91,20,0,347,118,103,22,22,4,1,1,0,30.14,191.07,112,80.24,0,0,0,0,0,0,0,0.0,0.0,0.0,0.0,0,0,0,2,5,1090.03,0.0,1090.03
VY Mahesh,17,15,0,0,11,2,0,27,13,6,5,2,0,0,1,3,7.5,55.56,0,0.0,339,499,21,120,47,20,0,56.5,8.83,23.76,16.14,0,0,0,0,10,50.28,571.68,621.96
R Minz,2,6,0,0,4,1,0,15,10,3,2,2,0,0,0,0,3.0,40.0,0,0.0,0,0,0,0,0,0,0,0.0,0.0,0.0,0.0,0,0,0,0,4,29.0,0.0,29.0
Mohit Rathee,1,1,0,0,1,0,0,2,1,1,1,0,0,0,0,1,1.0,50.0,0,0.0,12,29,0,3,3,2,0,2.0,14.5,0.0,0.0,0,0,0,0,5,26.5,0.0,26.5
AB McDonald,10,123,9,4,42,9,1,100,31,33,9,5,0,0,1,4,24.6,123.0,13,48.78,186,261,11,50,20,11,0,31.0,8.42,23.73,16.91,0,0,0,0,1,246.0,235.81,481.81
MJ Guptill,13,271,24,15,60,7,2,197,87,50,13,12,1,0,1,1,22.58,137.56,39,68.63,0,0,0,0,0,0,0,0.0,0.0,0.0,0.0,0,0,0,0,4,475.28,0.0,475.28
WG Jacks,20,463,38,29,115,11,0,303,105,100,19,17,2,1,0,2,27.24,152.81,67,70.41,138,220,8,42,17,11,0,23.0,9.57,27.5,17.25,0,0,0,3,8,770.9,148.35,919.25
nan,0,0,0,0,0,0,0,0,0,0,0,0,0,0,0,0,0.0,0.0,0,0.0,0,0,0,0,0,0,0,0.0,0.0,0.0,0.0,8880,1169,378,0,11,0.0,0.0,44400.0
Karanveer Singh,9,12,1,0,6,1,0,17,9,5,4,1,0,0,0,3,12.0,70.59,1,33.33,204,321,12,64,19,19,0,34.0,9.44,26.75,17.0,0,0,0,0,6,53.29,273.59,326.88
SB Styris,12,131,10,3,63,5,0,133,48,36,10,7,0,0,0,3,18.71,98.5,13,44.27,216,276,8,83,19,14,0,36.0,7.67,34.5,27.0,0,0,0,0,6,245.75,249.33,495.08
R Vinay Kumar,104,310,21,9,110,31,0,274,96,26,42,28,0,0,5,14,11.07,113.14,30,44.52,2127,2986,105,763,296,100,1,354.5,8.42,28.44,20.26,0,0,0,3,7,521.57,3541.77,4063.34
LR Shukla,43,405,33,16,137,20,0,350,130,48,33,27,0,0,3,6,15.0,115.71,49,56.3,314,447,15,109,39,16,0,52.33,8.54,29.8,20.93,0,0,0,1,5,665.36,432.59,1097.94
MS Bisla,39,798,93,23,207,36,3,702,315,92,39,38,4,0,3,1,21.0,113.68,116,63.91,0,0,0,0,0,0,0,0.0,0.0,0.0,0.0,0,0,0,1,5,1253.84,0.0,1253.84
Anureet Singh,22,36,2,1,22,0,0,47,18,15,8,4,0,0,4,4,9.0,76.6,3,38.89,412,623,18,139,65,22,0,68.67,9.07,34.61,22.89,0,0,0,0,2,92.3,547.27,639.57
HE van der Dussen,3,22,2,0,8,3,0,24,9,12,3,2,0,0,0,1,11.0,91.67,2,36.36,0,0,0,0,0,0,0,0.0,0.0,0.0,0.0,0,0,0,0,2,78.83,0.0,78.83
MN Samuels,15,161,9,7,61,11,0,172,75,46,14,13,0,0,1,1,12.38,93.6,16,48.45,214,284,9,79,23,12,0,35.67,7.96,31.56,23.78,0,0,0,1,5,288.3,258.37,546.68
DJG Sammy,22,295,15,18,94,15,1,241,89,60,20,15,1,0,2,5,19.67,122.41,33,56.95,236,350,11,72,33,12,0,39.33,8.9,31.82,21.45,0,0,0,1,3,503.7,275.02,778.72
WA Mota,10,56,2,0,40,4,0,75,27,25,8,6,0,0,0,2,9.33,74.67,2,14.29,72,97,4,24,4,5,0,12.0,8.08,24.25,18.0,0,0,0,0,8,121.33,47.17,168.5
N Pooran,92,2335,159,170,512,79,3,1414,468,87,91,74,14,0,8,17,31.55,165.13,329,70.92,0,0,0,0,0,0,0,0.0,0.0,0.0,0.0,0,0,0,4,6,3585.07,0.0,3585.07
YBK Jaiswal,71,2350,278,102,488,60,6,1534,577,124,71,67,17,2,4,4,35.07,153.19,380,73.36,1,6,0,0,0,1,0,0.17,36.0,0.0,0.0,0,0,0,6,8,3601.6,0.0,3601.6
PK Garg,19,273,16,9,103,23,2,241,83,51,19,18,1,0,2,1,15.17,113.28,25,43.22,0,0,0,0,0,0,0,0.0,0.0,0.0,0.0,0,0,0,1,6,466.14,0.0,466.14
ND Doshi,4,0,0,0,0,0,0,13,13,0,1,1,0,0,1,0,0.0,0.0,0,0.0,56,79,2,24,5,6,0,9.33,8.46,39.5,28.0,0,0,0,0,6,0.0,3.36,3.36
CK Langeveldt,7,8,0,1,2,0,0,9,6,8,2,2,0,0,1,0,4.0,88.89,1,75.0,156,187,13,69,17,8,0,26.0,7.19,14.38,12.0,0,0,0,0,4,56.44,326.08,382.52
A Badoni,53,1076,86,41,330,72,4,776,233,74,51,41,7,0,3,10,26.24,138.66,127,54.83,35,49,4,8,1,3,0,5.83,8.4,12.25,8.75,0,0,0,0,1,1683.33,12.0,1695.33
RN ten Doeschate,24,326,26,15,102,15,0,235,71,70,21,14,1,0,3,7,23.29,138.72,41,59.51,78,94,2,22,4,3,0,13.0,7.23,47.0,39.0,0,0,0,0,5,558.36,11.69,570.05
Abishek Porel,29,661,65,27,179,26,1,441,139,65,29,26,3,0,2,3,25.42,149.89,92,63.84,0,0,0,0,0,0,0,0.0,0.0,0.0,0.0,0,0,0,0,2,1066.44,0.0,1066.44
KJ Abbott,5,13,0,1,2,1,1,8,3,12,3,1,0,0,1,2,13.0,162.5,1,46.15,96,177,2,28,24,4,0,16.0,11.06,88.5,48.0,0,0,0,0,6,100.75,0.0,100.75
N Jagadeesan,10,162,21,2,52,7,0,147,64,39,10,9,0,0,2,1,18.0,110.2,23,59.26,0,0,0,0,0,0,0,0.0,0.0,0.0,0.0,0,0,0,0,4,298.1,0.0,298.1
SR Tendulkar,78,2334,296,29,721,117,7,1948,725,100,78,69,13,1,4,9,33.83,119.82,325,58.18,36,58,0,4,6,1,0,6.0,9.67,0.0,0.0,0,0,0,8,6,3560.91,0.0,3560.91
MJ Henry,9,7,1,0,3,0,0,10,6,5,2,2,0,0,0,0,3.5,70.0,1,57.14,162,311,4,40,26,18,0,27.0,11.52,77.75,40.5,0,0,0,0,5,45.5,44.81,90.31
B Chipli,21,280,28,7,100,7,4,251,101,61,21,15,1,0,0,6,18.67,111.55,35,55.0,6,20,0,1,1,2,0,1.0,20.0,0.0,0.0,0,0,0,0,2,475.78,0.0,475.78
LMP Simmons,29,1079,109,44,269,52,2,852,359,100,29,27,11,1,2,2,39.96,126.64,153,64.87,18,34,1,2,2,2,0,3.0,11.33,34.0,18.0,0,0,0,3,5,1681.82,0.0,1681.82
SO Hetmyer,82,1512,95,95,391,84,1,996,310,75,81,53,5,0,5,28,28.53,151.81,190,62.83,0,0,0,0,0,0,0,0.0,0.0,0.0,0.0,0,0,0,3,6,2343.9,0.0,2343.9
A Chopra,6,53,7,0,21,2,0,71,40,24,6,6,0,0,0,0,8.83,74.65,7,52.83,0,0,0,0,0,0,0,0.0,0.0,0.0,0.0,0,0,0,0,1,116.82,0.0,116.82
A Choudhary,5,25,1,1,13,1,0,20,4,15,3,1,0,0,0,2,25.0,125.0,2,40.0,101,144,5,42,13,6,2,16.83,8.55,28.8,20.2,0,0,0,0,1,100.0,98.46,198.46
JA Richardson,4,17,2,0,7,1,0,26,16,15,3,3,0,0,1,0,5.67,65.38,2,47.06,90,157,3,30,12,10,0,15.0,10.47,52.33,30.0,0,0,0,0,3,58.19,15.33,73.53
KV Sharma,88,352,20,17,121,23,1,295,101,39,40,26,0,0,1,14,13.54,119.32,37,51.7,1585,2215,83,507,125,132,1,264.17,8.38,26.69,19.1,0,0,0,2,5,587.66,2590.15,3177.81
DNT Zoysa,3,11,1,0,3,2,0,9,1,10,2,1,0,0,0,1,11.0,122.22,1,36.36,66,99,2,24,12,3,0,11.0,9.0,49.5,33.0,0,0,0,0,3,77.61,0.0,77.61
RW Price,1,0,0,0,0,0,0,0,0,0,0,0,0,0,0,0,0.0,0.0,0,0.0,18,33,0,1,2,2,0,3.0,11.0,0.0,0.0,0,0,0,0,11,0.0,0.0,0.0
R Shukla,7,19,2,0,11,0,0,23,10,14,4,1,0,0,0,3,19.0,82.61,2,42.11,120,208,5,38,21,9,0,20.0,10.4,41.6,24.0,0,0,0,0,8,69.8,72.0,141.8
MB Parmar,1,0,0,0,0,0,0,0,0,0,0,0,0,0,0,0,0.0,0.0,0,0.0,18,33,0,4,6,0,0,3.0,11.0,0.0,0.0,0,0,0,0,11,0.0,0.0,0.0
MG Bracewell,5,58,6,1,22,3,0,47,12,26,4,2,0,0,0,2,29.0,123.4,7,51.72,66,95,6,26,7,6,0,11.0,8.64,15.83,11.0,0,0,0,0,5,148.7,85.64,234.34
Mustafizur Rahman,60,13,0,1,7,0,0,24,16,8,7,2,0,0,3,5,6.5,54.17,1,46.15,1364,1849,65,487,171,61,2,227.33,8.13,28.45,20.98,0,0,0,2,7,46.58,2192.67,2239.25
L Ngidi,20,3,0,0,1,1,0,7,4,3,2,1,0,0,1,1,3.0,42.86,0,0.0,466,655,34,178,61,29,2,77.67,8.43,19.26,13.71,0,0,0,1,6,25.93,951.67,977.59
D Padikkal,78,1941,208,62,566,75,7,1503,555,101,78,75,13,1,6,3,25.88,129.14,270,62.03,0,0,0,0,0,0,0,0.0,0.0,0.0,0.0,0,0,0,2,2,2976.07,0.0,2976.07
SC Ganguly,57,1349,137,42,427,54,3,1263,567,91,56,53,7,0,4,3,25.45,106.81,179,59.3,276,363,10,75,25,14,0,46.0,7.89,36.3,27.6,0,0,0,5,6,2076.9,271.09,2347.99
Ankit Soni,6,7,0,1,1,0,0,9,5,7,3,2,0,0,2,1,3.5,77.78,1,85.71,109,144,2,37,8,7,0,18.17,7.93,72.0,54.5,0,0,0,0,2,49.39,34.73,84.12
Sameer Rizvi,13,338,28,20,78,14,0,230,86,90,13,10,3,0,2,3,33.8,146.96,48,68.64,0,0,0,0,0,0,0,0.0,0.0,0.0,0.0,0,0,0,3,7,580.48,0.0,580.48
S Badrinath,67,1441,154,28,484,85,1,1212,431,71,65,47,11,0,6,18,30.66,118.89,182,54.41,0,0,0,0,0,0,0,0.0,0.0,0.0,0.0,0,0,0,1,6,2220.95,0.0,2220.95
GD Phillips,11,107,5,8,27,6,0,85,38,25,11,9,0,0,1,2,11.89,125.88,13,63.55,30,40,2,10,4,1,0,5.0,8.0,20.0,15.0,0,0,0,1,3,223.44,0.0,223.44
TA Boult,122,86,5,3,30,9,0,83,36,17,25,10,0,0,7,15,8.6,103.61,8,44.19,2741,3872,144,1122,435,134,11,456.83,8.48,26.89,19.03,0,0,0,7,9,180.81,5039.24,5220.05
A Zampa,22,15,1,0,11,0,0,24,12,7,5,5,0,0,1,0,3.0,62.5,1,26.67,467,652,31,139,36,35,0,77.83,8.38,21.03,15.06,0,0,0,1,1,53.75,814.23,867.98
V Suryavanshi,12,452,36,42,50,3,0,198,64,101,12,12,3,1,2,0,37.67,228.28,78,87.61,0,0,0,0,0,0,0,0.0,0.0,0.0,0.0,0,0,0,2,6,792.14,0.0,792.14
RK Bhui,4,10,0,0,6,2,0,26,18,7,4,4,0,0,2,0,2.5,38.46,0,0.0,0,0,0,0,0,0,0,0.0,0.0,0.0,0.0,0,0,0,0,6,34.23,0.0,34.23
Shivam Sharma,5,5,1,0,1,0,0,3,1,4,2,1,0,0,0,1,5.0,166.67,1,80.0,114,165,4,37,9,10,0,19.0,8.68,41.25,28.5,0,0,0,0,8,90.83,67.16,157.99
V Sehwag,104,2728,334,106,558,96,2,1755,601,122,104,99,16,2,7,5,27.56,155.44,440,72.29,136,235,6,44,19,16,0,22.67,10.37,39.17,22.67,0,0,0,11,7,4169.72,104.32,4274.04
P Simran Singh,56,1566,163,82,323,45,3,1009,380,103,56,54,10,1,4,2,29.0,155.2,245,73.05,0,0,0,0,0,0,0,0.0,0.0,0.0,0.0,0,0,0,3,5,2426.6,0.0,2426.6
PV Tambe,33,18,1,0,14,0,0,39,22,7,6,2,0,0,0,4,9.0,46.15,1,22.22,660,853,28,204,64,28,0,110.0,7.75,30.46,23.57,0,0,0,2,6,50.08,890.45,940.53
W Jaffer,8,130,14,3,41,6,1,121,55,50,8,8,1,0,1,0,16.25,107.44,17,56.92,0,0,0,0,0,0,0,0.0,0.0,0.0,0.0,0,0,0,0,9,248.72,0.0,248.72
Jaskaran Singh,8,8,0,0,4,2,0,11,5,4,4,1,0,0,1,3,8.0,72.73,0,0.0,102,171,6,39,23,4,0,17.0,10.06,28.5,17.0,0,0,0,0,4,48.36,97.41,145.78
M Ntini,9,11,2,0,1,1,0,18,14,11,2,1,0,0,1,1,11.0,61.11,2,72.73,210,242,7,99,29,8,2,35.0,6.91,34.57,30.0,0,0,0,2,4,47.06,268.86,315.91
Gagandeep Singh,4,0,0,0,0,0,0,0,0,0,0,0,0,0,0,0,0.0,0.0,0,0.0,84,141,3,25,14,6,0,14.0,10.07,47.0,28.0,0,0,0,0,11,0.0,9.29,9.29
JDS Neesham,14,92,6,2,34,11,0,93,39,22,10,9,0,0,2,1,10.22,98.92,8,39.13,216,334,8,63,32,14,0,36.0,9.28,41.75,27.0,0,0,0,0,3,187.46,193.22,380.68
Arshad Khan (2),1,5,1,0,1,0,0,4,2,5,1,1,0,0,0,0,5.0,125.0,1,80.0,12,24,0,4,5,0,0,2.0,12.0,0.0,0.0,0,0,0,0,2,70.0,0.0,70.0
L Balaji,73,36,2,1,15,2,1,49,25,15,13,8,0,0,5,5,4.5,73.47,3,38.89,1512,2028,76,537,188,69,2,252.0,8.05,26.68,19.89,0,0,0,3,3,90.73,2513.52,2604.26
TG Southee,54,120,8,4,37,11,0,107,45,36,19,13,0,0,3,6,9.23,112.15,12,46.67,1206,1742,47,447,175,62,2,201.0,8.67,37.06,25.66,0,0,0,1,9,236.07,1747.33,1983.41
Harsh Dubey,8,13,2,0,3,1,0,9,3,9,4,2,0,0,1,2,6.5,144.44,2,61.54,150,228,10,45,15,13,0,25.0,9.12,22.8,15.0,0,0,0,0,4,91.72,198.8,290.52
S Arora,4,42,2,4,10,0,0,28,11,24,4,3,0,0,1,1,14.0,150.0,6,76.19,0,0,0,0,0,0,0,0.0,0.0,0.0,0.0,0,0,0,0,7,138.0,0.0,138.0
K Rabada,88,238,17,11,80,12,0,217,90,44,31,18,0,0,6,13,13.22,109.68,28,56.3,2001,2903,126,773,271,129,2,333.5,8.7,23.04,15.88,0,0,0,2,4,411.84,3978.95,4390.79
SS Mundhe,1,0,0,0,0,0,0,0,0,0,0,0,0,0,0,0,0.0,0.0,0,0.0,6,6,1,4,1,0,0,1.0,6.0,6.0,6.0,0,0,0,0,11,0.0,0.0,0.0
M Rawat,12,55,4,1,29,2,0,69,30,23,11,5,0,0,1,6,11.0,79.71,5,40.0,0,0,0,0,0,0,0,0.0,0.0,0.0,0.0,0,0,0,0,4,122.36,0.0,122.36
M Jansen,39,150,8,7,60,8,0,139,49,34,21,12,0,0,3,9,12.5,107.91,15,49.33,829,1282,39,312,117,61,1,138.17,9.28,32.87,21.26,0,0,0,1,4,278.96,1311.21,1590.17
A Chandila,12,4,0,0,4,0,0,7,3,4,2,0,0,0,1,2,4.0,57.14,0,0.0,234,242,11,103,17,10,0,39.0,6.21,22.0,21.27,0,0,0,1,1,34.57,363.95,398.52
Y Prithvi Raj,2,0,0,0,0,0,0,1,1,0,1,0,0,0,1,1,0.0,0.0,0,0.0,30,57,1,8,6,2,0,5.0,11.4,57.0,30.0,0,0,0,0,10,0.0,0.0,0.0
V Shankar,69,1233,88,48,428,81,1,950,287,69,63,47,7,0,2,16,26.23,129.79,136,51.91,238,344,9,80,29,12,0,39.67,8.67,38.22,26.44,0,0,0,0,7,1914.39,253.28,2167.67
K Kartikeya,16,12,1,0,6,1,0,17,7,6,4,4,0,0,0,0,3.0,70.59,1,33.33,282,407,12,85,25,23,0,47.0,8.66,33.92,23.5,0,0,0,0,4,53.29,323.4,376.7
S Sandeep Warrier,10,0,0,0,0,0,0,0,0,0,0,0,0,0,0,0,0.0,0.0,0,0.0,168,253,8,72,25,14,0,28.0,9.04,31.62,21.0,0,0,0,0,11,0.0,213.64,213.64
A Mithun,16,34,4,1,8,2,0,26,9,11,6,5,0,0,1,1,6.8,130.77,5,64.71,288,472,7,90,42,21,0,48.0,9.83,67.43,41.14,0,0,0,0,1,116.38,221.67,338.05
G Gambhir,152,4217,492,59,1352,249,15,3404,1170,93,151,136,36,0,11,15,31.01,123.88,551,55.06,0,0,0,0,0,0,0,0.0,0.0,0.0,0.0,0,0,0,13,2,6387.44,0.0,6387.44
Salman Butt,7,193,30,2,47,7,0,161,70,73,7,7,1,0,0,0,27.57,119.88,32,68.39,0,0,0,0,0,0,0,0.0,0.0,0.0,0.0,0,0,0,0,7,349.44,0.0,349.44
SPD Smith,93,2495,226,60,882,164,7,1945,577,101,93,72,11,1,0,21,34.65,128.28,286,50.66,2,5,0,0,1,0,0,0.33,15.0,0.0,0.0,0,0,0,5,7,3806.64,0.0,3806.64
SP Goswami,21,293,32,3,110,17,1,295,129,52,21,20,1,0,4,1,14.65,99.32,35,49.83,0,0,0,0,0,0,0,0.0,0.0,0.0,0.0,0,0,0,1,7,489.16,0.0,489.16
AD Hales,6,148,13,6,44,8,0,118,46,45,6,6,0,0,0,0,24.67,125.42,19,59.46,0,0,0,0,0,0,0,0.0,0.0,0.0,0.0,0,0,0,0,1,284.71,0.0,284.71
WD Parnell,33,65,4,1,33,5,0,80,34,16,13,10,0,0,0,3,6.5,81.25,5,33.85,723,937,35,296,102,24,1,120.5,7.78,26.77,20.66,0,0,0,1,9,138.12,1214.24,1352.37
CR Woakes,21,78,7,2,32,3,0,77,33,18,12,6,0,0,1,6,13.0,101.3,9,51.28,440,658,30,161,68,28,0,73.33,8.97,21.93,14.67,0,0,0,0,2,167.65,832.27,999.92
K Santokie,2,0,0,0,0,0,0,0,0,0,0,0,0,0,0,0,0.0,0.0,0,0.0,48,90,3,15,6,6,0,8.0,11.25,30.0,16.0,0,0,0,0,11,0.0,0.0,0.0
SK Trivedi,76,42,3,1,16,4,0,59,34,9,14,7,0,0,3,7,6.0,71.19,4,42.86,1506,1904,65,492,154,51,2,251.0,7.59,29.29,23.17,0,0,0,2,8,98.59,2208.14,2306.74
KP Appanna,13,2,0,0,2,0,0,4,1,1,3,1,0,0,1,2,2.0,50.0,0,0.0,216,286,9,68,20,11,0,36.0,7.94,31.78,24.0,0,0,0,0,5,28.0,236.56,264.56
DJ Thornely,5,39,2,2,19,0,0,53,26,30,4,3,0,0,1,1,13.0,73.58,4,51.28,42,40,3,19,5,0,0,7.0,5.71,13.33,14.0,0,0,0,0,2,95.29,40.86,136.15
GS Sandhu,2,0,0,0,0,0,0,0,0,0,0,0,0,0,0,0,0.0,0.0,0,0.0,48,82,1,9,8,2,0,8.0,10.25,82.0,48.0,0,0,0,0,11,0.0,0.0,0.0
Sunny Gupta,1,0,0,0,0,0,0,1,1,0,1,1,0,0,1,0,0.0,0.0,0,0.0,18,47,0,0,4,3,0,3.0,15.67,0.0,0.0,0,0,0,0,7,0.0,0.0,0.0
M Prasidh Krishna,70,9,0,0,9,0,0,24,15,4,7,3,0,0,3,4,3.0,37.5,0,0.0,1601,2353,85,650,255,88,3,266.83,8.82,27.68,18.84,0,0,0,3,6,32.25,2911.82,2944.07
SB Joshi,4,6,0,0,6,0,0,14,8,3,2,2,0,0,0,0,3.0,42.86,0,0.0,55,82,1,18,6,5,0,9.17,8.95,82.0,55.0,0,0,0,0,8,30.43,0.0,30.43
A Kumble,42,35,3,0,21,1,0,47,20,8,15,3,0,0,1,12,11.67,74.47,3,34.29,965,1058,45,374,72,35,1,160.83,6.58,23.51,21.44,0,0,0,3,1,89.73,1582.22,1671.95
Sediqullah Atal,1,22,0,2,6,2,0,16,5,22,1,1,0,0,0,0,22.0,137.5,2,54.55,0,0,0,0,0,0,0,0.0,0.0,0.0,0.0,0,0,0,0,5,101.75,0.0,101.75
LPC Silva,3,40,5,1,8,3,0,26,7,23,3,2,0,0,1,1,20.0,153.85,6,65.0,6,21,0,0,0,3,0,1.0,21.0,0.0,0.0,0,0,0,0,5,136.92,0.0,136.92
MM Patel,63,39,5,0,17,1,0,41,17,23,12,6,0,0,6,6,6.5,95.12,5,51.28,1355,1698,74,590,188,53,5,225.83,7.52,22.95,18.31,0,0,0,2,5,106.06,2584.81,2690.87
SD Chitnis,9,99,10,2,37,5,0,89,34,38,8,7,0,0,0,1,14.14,111.24,12,52.53,36,60,2,9,4,3,0,6.0,10.0,30.0,18.0,0,0,0,0,6,204.12,0.0,204.12
SR Watson,145,3880,377,190,933,135,8,2813,1129,117,141,126,21,4,7,15,30.79,137.93,567,68.25,2029,2682,92,803,293,74,3,338.17,7.93,29.15,22.05,0,0,0,16,6,5888.97,3366.69,9255.66
CJ McKay,2,8,0,0,6,1,0,15,8,8,1,1,0,0,0,0,8.0,53.33,0,0.0,42,60,1,14,8,1,0,7.0,8.57,60.0,42.0,0,0,0,0,2,38.67,0.0,38.67
Shivam Singh,1,2,0,0,2,0,0,3,1,2,1,0,0,0,0,1,2.0,66.67,0,0.0,0,0,0,0,0,0,0,0.0,0.0,0.0,0.0,0,0,0,0,7,36.33,0.0,36.33
R Sai Kishore,25,18,0,2,6,0,0,16,7,13,4,4,0,0,0,0,4.5,112.5,2,66.67,441,651,32,130,35,40,0,73.5,8.86,20.34,13.78,0,0,0,1,6,83.25,811.43,894.68
MD Mishra,17,237,24,8,65,14,0,208,93,41,17,16,0,0,1,1,14.81,113.94,32,60.76,0,0,0,0,0,0,0,0.0,0.0,0.0,0.0,0,0,0,1,4,412.47,0.0,412.47
Fazalhaq Farooqi,12,5,0,0,5,0,0,15,10,2,3,0,0,0,0,3,5.0,33.33,0,0.0,254,437,6,80,55,12,0,42.33,10.32,72.83,42.33,0,0,0,0,4,24.17,176.77,200.94
Shivam Mavi,32,51,4,2,17,3,0,56,29,20,11,9,0,0,3,2,5.67,91.07,6,54.9,649,942,30,254,92,38,2,108.17,8.71,31.4,21.63,0,0,0,2,9,122.04,1020.91,1142.95
B Akhil,15,76,5,5,16,5,0,55,22,27,11,6,0,0,2,5,12.67,138.18,10,65.79,188,242,6,60,18,9,0,31.33,7.72,40.33,31.33,0,0,0,0,1,183.09,162.77,345.86
OA Shah,22,506,34,23,168,29,2,389,121,76,22,15,4,0,0,7,33.73,130.08,57,54.15,0,0,0,0,0,0,0,0.0,0.0,0.0,0.0,0,0,0,0,4,824.04,0.0,824.04
RE Levi,6,83,10,4,19,0,0,73,36,50,6,6,1,0,2,0,13.83,113.7,14,77.11,0,0,0,0,0,0,0,0.0,0.0,0.0,0.0,0,0,0,1,6,181.35,0.0,181.35
Gurkeerat Singh,32,511,55,11,176,23,1,422,145,65,32,24,2,0,4,8,21.29,121.09,66,55.97,78,97,5,26,6,3,0,13.0,7.46,19.4,15.6,0,0,0,0,4,827.05,77.38,904.43
D Ferreira,5,79,8,3,19,5,0,61,24,69,5,5,1,0,0,0,15.8,129.51,11,63.29,0,0,0,0,0,0,0,0.0,0.0,0.0,0.0,0,0,0,0,2,183.25,0.0,183.25
Ashutosh Sharma,19,412,25,30,98,17,0,250,70,66,19,15,2,0,0,4,27.47,164.8,55,67.96,0,0,0,0,0,0,0,0.0,0.0,0.0,0.0,0,0,0,1,2,700.4,0.0,700.4
KK Nair,76,1694,185,49,470,85,5,1286,467,89,76,71,11,0,5,5,23.86,131.73,234,61.04,0,0,0,0,0,0,0,0.0,0.0,0.0,0.0,0,0,0,3,4,2606.86,0.0,2606.86
BJ Rohrer,8,193,21,5,48,14,1,141,48,64,8,7,1,0,0,1,27.57,136.88,26,59.07,6,12,0,1,2,0,0,1.0,12.0,0.0,0.0,0,0,0,0,1,357.94,0.0,357.94
K Gowtham,36,247,15,17,47,16,2,148,48,33,27,18,0,0,3,9,13.72,166.89,32,65.59,588,808,21,206,68,37,1,98.0,8.24,38.48,28.0,0,0,0,0,4,453.95,749.55,1203.5
LH Ferguson,49,72,7,2,20,6,0,47,11,24,8,3,0,0,1,5,24.0,153.19,9,55.56,1026,1532,53,376,147,67,1,171.0,8.96,28.91,19.36,0,0,0,3,4,184.6,1722.41,1907.01
M Markande,40,48,5,1,14,4,0,42,14,18,10,3,0,0,1,7,16.0,114.29,6,54.17,750,1145,37,215,78,66,0,125.0,9.16,30.95,20.27,0,0,0,0,7,129.14,1078.4,1207.54
JA Duffy,3,0,0,0,0,0,0,0,0,0,0,0,0,0,0,0,0.0,0.0,0,0.0,72,138,6,29,8,12,0,12.0,11.5,23.0,12.0,0,0,0,1,11,0.0,63.0,63.0
Arshdeep Singh,86,31,4,0,8,2,1,46,30,10,13,6,0,0,4,7,5.17,67.39,4,51.61,1822,2741,102,648,299,84,2,303.67,9.03,26.87,17.86,0,0,0,2,1,80.2,3245.74,3325.93
JP Duminy,81,2029,126,79,781,126,6,1636,480,78,75,51,14,0,1,24,39.78,124.02,205,48.2,678,834,23,234,53,33,0,113.0,7.38,36.26,29.48,0,0,0,4,3,3105.51,854.19,3959.71
GH Vihari,23,284,23,1,137,23,1,321,133,46,23,20,0,0,0,3,14.2,88.47,24,34.51,42,47,1,17,5,1,0,7.0,6.71,47.0,42.0,0,0,0,2,4,470.24,0.0,470.24
SMSM Senanayake,8,10,0,0,8,1,0,17,7,7,4,1,0,0,1,3,10.0,58.82,0,0.0,192,209,9,73,17,5,1,32.0,6.53,23.22,21.33,0,0,0,0,8,44.41,260.69,305.1
Z Khan,99,117,11,2,47,7,0,141,71,23,27,14,0,0,6,13,8.36,82.98,13,47.86,2200,2782,102,873,312,64,5,366.67,7.59,27.27,21.57,0,0,0,1,11,216.99,3710.13,3927.12
HH Pandya,153,2839,218,152,793,121,5,1927,611,91,144,101,10,0,6,43,28.11,147.33,370,62.84,1700,2626,80,564,234,121,0,283.33,9.27,32.83,21.25,0,0,0,8,2,4332.16,2635.32,6967.48
DJ Harris,4,111,11,5,33,2,0,101,48,47,4,4,0,0,0,0,27.75,109.9,16,66.67,18,26,0,4,2,1,0,3.0,8.67,0.0,0.0,0,0,0,0,4,221.45,0.0,221.45
RS Sodhi,1,4,1,0,0,0,0,2,1,4,1,0,0,0,0,1,4.0,200.0,1,100.0,0,0,0,0,0,0,0,0.0,0.0,0.0,0.0,0,0,0,0,5,106.0,0.0,106.0
NL McCullum,2,26,0,1,9,4,1,22,6,15,2,1,0,0,0,1,26.0,118.18,1,23.08,30,34,0,10,1,2,0,5.0,6.8,0.0,0.0,0,0,0,0,6,98.09,0.0,98.09
P Chopra,1,8,2,0,0,0,0,6,4,8,1,1,0,0,0,0,8.0,133.33,2,100.0,0,0,0,0,0,0,0,0.0,0.0,0.0,0.0,0,0,0,0,5,78.67,0.0,78.67
JP Inglis,11,278,26,16,54,12,0,171,60,73,11,9,1,0,0,2,30.89,162.57,42,71.94,0,0,0,0,0,0,0,0.0,0.0,0.0,0.0,0,0,0,1,1,498.29,0.0,498.29
PSP Handscomb,1,6,0,0,6,0,0,12,6,6,1,1,0,0,0,0,6.0,50.0,0,0.0,0,0,0,0,0,0,0,0.0,0.0,0.0,0.0,0,0,0,0,4,34.0,0.0,34.0
SP Narine,192,1816,191,120,242,41,1,1090,449,109,120,103,7,1,18,17,17.63,166.61,311,81.72,4441,5036,195,1688,325,193,3,740.17,6.8,25.83,22.77,0,0,0,17,7,2807.3,7207.96,10015.26
PVSN Raju,2,1,0,0,1,0,0,1,0,1,1,0,0,0,0,1,1.0,100.0,0,0.0,24,53,1,3,4,3,0,4.0,13.25,53.0,24.0,0,0,0,0,4,51.5,0.0,51.5
IR Jaggi,7,76,6,0,36,5,2,97,46,28,7,5,0,0,0,2,15.2,78.35,6,31.58,0,0,0,0,0,0,0,0.0,0.0,0.0,0.0,0,0,0,0,5,153.18,0.0,153.18
L Ronchi,5,34,6,1,4,0,0,34,23,13,5,5,0,0,1,0,6.8,100.0,7,88.24,0,0,0,0,0,0,0,0.0,0.0,0.0,0.0,0,0,0,0,5,101.0,0.0,101.0
Ishan Kishan,117,3211,310,146,859,112,4,2290,829,106,117,108,19,1,9,9,29.73,140.22,456,65.9,1,4,0,0,1,0,0,0.17,24.0,0.0,0.0,0,0,0,6,3,4886.61,0.0,4886.61
Vijaykumar Vyshak,20,14,0,1,6,1,0,12,4,13,4,2,0,0,2,2,7.0,116.67,1,42.86,411,717,22,117,56,38,0,68.5,10.47,32.59,18.68,0,0,0,0,10,79.33,569.33,648.66
SH Johnson,9,8,1,0,4,0,0,11,5,5,5,0,0,0,1,5,8.0,72.73,1,50.0,164,284,5,59,30,15,0,27.33,10.39,56.8,32.8,0,0,0,0,8,48.36,114.1,162.46
TM Dilshan,50,1153,140,24,335,54,2,1007,421,76,50,43,9,0,6,7,26.81,114.5,164,61.06,271,366,5,79,27,15,0,45.17,8.1,73.2,54.2,0,0,0,1,6,1786.75,176.97,1963.72
K Goel,17,218,17,9,71,11,1,231,114,38,16,15,0,0,1,1,14.53,94.37,26,55.96,66,93,0,19,9,2,0,11.0,8.45,0.0,0.0,0,0,0,0,3,374.19,0.0,374.19
UT Khawaja,6,127,14,3,38,6,1,100,36,30,6,6,0,0,0,0,21.17,127.0,17,58.27,0,0,0,0,0,0,0,0.0,0.0,0.0,0.0,0,0,0,0,8,254.0,0.0,254.0
DW Steyn,95,167,14,3,55,19,0,160,66,19,33,22,0,0,5,11,7.59,104.38,17,44.31,2182,2523,97,1019,284,55,7,363.67,6.94,26.01,22.49,0,0,0,5,4,302.69,3908.62,4211.31
S Sriram,2,31,3,0,15,2,0,36,15,27,2,2,0,0,0,0,15.5,86.11,3,38.71,18,49,0,2,4,4,0,3.0,16.33,0.0,0.0,0,0,0,0,6,89.56,0.0,89.56
MA Wood,5,12,1,1,2,0,0,8,4,10,3,2,0,0,0,1,6.0,150.0,2,83.33,120,179,11,47,13,12,1,20.0,8.95,16.27,10.91,0,0,0,1,7,93.0,224.5,317.5
MV Boucher,24,394,32,13,127,29,1,309,99,50,23,14,1,0,0,9,28.14,127.51,45,52.28,0,0,0,0,0,0,0,0.0,0.0,0.0,0.0,0,0,0,2,4,654.75,0.0,654.75
Brijesh Sharma,2,0,0,0,0,0,0,0,0,0,0,0,0,0,0,0,0.0,0.0,0,0.0,42,54,3,13,7,0,0,7.0,7.71,18.0,14.0,0,0,0,0,11,0.0,8.86,8.86
P Parameswaran,8,1,0,0,1,0,0,2,1,1,2,0,0,0,1,2,1.0,50.0,0,0.0,154,224,9,64,23,10,0,25.67,8.73,24.89,17.11,0,0,0,1,6,26.5,220.73,247.23
DT Christian,49,460,23,19,190,29,2,398,128,39,41,31,0,0,2,10,14.84,115.58,42,44.78,883,1192,38,296,103,39,0,147.17,8.1,31.37,23.24,0,0,0,0,3,747.79,1271.0,2018.79
Mohammad Hafeez,8,64,7,2,24,0,0,83,46,16,8,7,0,0,0,1,9.14,77.11,9,62.5,60,68,2,22,5,2,0,10.0,6.8,34.0,30.0,0,0,0,0,6,134.55,16.0,150.55
JC Buttler,123,4297,430,192,994,201,8,2871,991,124,123,108,26,7,8,15,39.79,149.67,622,66.84,0,0,0,0,0,0,0,0.0,0.0,0.0,0.0,0,0,0,14,3,6520.33,0.0,6520.33
AS Yadav,6,49,5,2,13,2,0,39,15,16,6,5,0,0,1,1,9.8,125.64,7,65.31,0,0,0,0,0,0,0,0.0,0.0,0.0,0.0,0,0,0,0,2,136.32,0.0,136.32
K Yadav,3,0,0,0,0,0,0,4,4,0,1,0,0,0,1,1,0.0,0.0,0,0.0,54,84,2,13,6,4,0,9.0,9.33,42.0,27.0,0,0,0,0,5,0.0,0.0,0.0
JR Hazlewood,41,19,1,0,13,1,0,29,14,7,7,0,0,0,2,7,19.0,65.52,1,21.05,915,1260,60,394,128,59,1,152.5,8.26,21.0,15.25,0,0,0,3,4,61.26,1905.38,1966.64
A Manohar,20,292,23,14,98,9,0,235,90,43,20,19,0,0,2,1,15.37,124.26,37,60.27,0,0,0,0,0,0,0,0.0,0.0,0.0,0.0,0,0,0,1,1,500.13,0.0,500.13
Naveen-ul-Haq,17,18,2,0,6,2,0,25,11,13,4,1,0,0,0,3,18.0,72.0,2,44.44,387,591,25,133,54,24,0,64.5,9.16,23.64,15.48,0,0,0,0,8,63.0,674.37,737.37
Gurnoor Brar,1,0,0,0,0,0,0,0,0,0,0,0,0,0,0,0,0.0,0.0,0,0.0,18,42,0,7,4,3,0,3.0,14.0,0.0,0.0,0,0,0,0,11,0.0,0.0,0.0
WP Saha,145,2934,296,87,878,166,6,2300,812,115,143,121,13,1,7,22,24.25,127.57,383,58.15,0,0,0,0,0,0,0,0.0,0.0,0.0,0.0,0,0,0,5,8,4464.78,0.0,4464.78
KK Ahmed,76,2,0,0,2,0,0,9,7,1,6,5,0,0,4,1,0.4,22.22,0,0.0,1657,2474,91,683,255,113,4,276.17,8.96,27.19,18.21,0,0,0,2,5,14.11,3096.42,3110.53
RD Gaikwad,75,2565,236,96,763,129,8,1880,629,108,75,67,20,2,7,8,38.28,136.44,332,59.26,0,0,0,0,0,0,0,0.0,0.0,0.0,0.0,0,0,0,11,6,3915.72,0.0,3915.72
U Kaul,1,0,0,0,0,0,0,1,1,0,1,0,0,0,1,1,0.0,0.0,0,0.0,0,0,0,0,0,0,0,0.0,0.0,0.0,0.0,0,0,0,0,8,0.0,0.0,0.0
P Awana,33,5,0,0,5,0,0,14,9,4,5,2,0,0,3,3,2.5,35.71,0,0.0,747,1029,39,293,107,35,2,124.5,8.27,26.38,19.15,0,0,0,0,7,25.36,1283.35,1308.71
SS Sarkar,2,0,0,0,0,0,0,0,0,0,0,0,0,0,0,0,0.0,0.0,0,0.0,25,34,1,4,4,0,0,4.17,8.16,34.0,25.0,0,0,0,0,11,0.0,0.0,0.0
AN Ahmed,17,36,4,1,8,3,0,26,9,18,6,1,0,0,0,5,36.0,138.46,5,61.11,344,498,12,120,43,20,1,57.33,8.69,41.5,28.67,0,0,0,0,2,123.23,393.14,516.37
AR Patel,167,1919,130,94,643,96,0,1436,452,66,126,90,3,0,8,36,21.32,133.64,224,56.49,3405,4187,131,1110,269,174,2,567.5,7.38,31.96,25.99,0,0,0,8,1,2945.32,4766.22,7711.54
PD Salt,39,1195,134,64,198,37,1,683,229,89,39,36,11,0,4,3,33.19,174.96,198,76.99,0,0,0,0,0,0,0,0.0,0.0,0.0,0.0,0,0,0,4,4,1879.98,0.0,1879.98
Shashank Singh,38,807,59,44,224,40,1,510,130,68,36,20,5,0,2,16,40.35,158.24,103,61.96,60,91,4,15,8,3,0,10.0,9.1,22.75,15.0,0,0,0,1,8,1289.62,19.0,1308.62
Akash Madhwal,17,8,0,0,6,1,0,14,6,4,2,0,0,0,0,2,8.0,57.14,0,0.0,352,590,23,105,55,25,0,58.67,10.06,25.65,15.3,0,0,0,2,1,40.57,569.43,610.0
Sandeep Sharma,141,60,4,0,38,3,0,75,28,9,26,6,0,0,8,20,10.0,80.0,4,26.67,3145,4264,151,1202,408,153,8,524.17,8.13,28.24,20.83,0,0,0,7,9,130.0,5342.65,5472.65
Mayank Rawat,1,0,0,0,0,0,0,0,0,0,0,0,0,0,0,0,0.0,0.0,0,0.0,0,0,0,0,0,0,0,0.0,0.0,0.0,0.0,0,0,0,0,11,0.0,0.0,0.0
Prince Yadav,11,5,0,0,5,0,0,10,5,4,2,0,0,0,0,2,5.0,50.0,0,0.0,245,389,12,83,40,16,0,40.83,9.53,32.42,20.42,0,0,0,0,8,32.5,310.73,343.23
SB Bangar,10,49,1,3,25,1,0,58,25,17,7,7,0,0,0,0,7.0,84.48,4,44.9,150,219,4,55,24,7,0,25.0,8.76,54.75,37.5,0,0,0,0,6,115.74,102.4,218.14
R Ravindra,18,413,40,16,114,20,1,287,92,65,18,17,2,0,2,1,24.29,143.9,56,61.99,12,7,0,5,0,0,0,2.0,3.5,0.0,0.0,0,0,0,0,4,691.45,0.0,691.45
VRV Singh,18,4,1,0,0,0,0,3,1,4,2,2,0,0,1,0,2.0,133.33,1,100.0,360,542,12,114,58,16,0,60.0,9.03,45.17,30.0,0,0,0,0,10,72.67,377.67,450.33
MN van Wyk,5,167,19,1,58,12,1,132,37,74,5,3,1,0,1,2,55.67,126.52,20,49.1,0,0,0,0,0,0,0,0.0,0.0,0.0,0.0,0,0,0,0,5,313.76,0.0,313.76
NS Naik,4,31,2,0,17,3,0,50,27,22,4,4,0,0,0,0,7.75,62.0,2,25.81,0,0,0,0,0,0,0,0.0,0.0,0.0,0.0,0,0,0,0,6,77.5,0.0,77.5
T Banton,2,18,1,1,6,1,0,20,11,10,2,2,0,0,0,0,9.0,90.0,2,55.56,0,0,0,0,0,0,0,0.0,0.0,0.0,0.0,0,0,0,0,10,72.0,0.0,72.0
M Manhas,38,514,43,10,191,44,1,470,174,42,38,23,0,0,6,15,22.35,109.36,53,45.14,42,42,0,15,2,1,0,7.0,6.0,0.0,0.0,0,0,0,0,4,825.68,0.0,825.68
AB Barath,3,42,5,1,14,1,0,42,20,33,3,2,0,0,0,1,21.0,100.0,6,61.9,0,0,0,0,0,0,0,0.0,0.0,0.0,0.0,0,0,0,0,1,113.0,0.0,113.0
Kamran Khan,9,3,0,0,1,1,0,5,3,3,1,1,0,0,0,0,3.0,60.0,0,0.0,166,239,10,63,25,10,0,27.67,8.64,23.9,16.6,0,0,0,0,3,34.5,239.61,274.11
GD McGrath,14,4,1,0,0,0,0,5,4,4,2,1,0,0,1,1,4.0,80.0,1,100.0,324,357,12,153,41,10,2,54.0,6.61,29.75,27.0,0,0,0,1,3,46.0,479.89,525.89
GHS Garton,5,2,0,0,2,0,0,4,2,2,2,1,0,0,1,1,2.0,50.0,0,0.0,90,135,3,31,11,6,0,15.0,9.0,45.0,30.0,0,0,0,0,4,28.0,32.0,60.0
Aniket Verma,17,306,17,25,64,12,0,183,59,74,17,13,1,0,0,4,23.54,167.21,42,71.24,0,0,0,0,0,0,0,0.0,0.0,0.0,0.0,0,0,0,0,2,542.61,0.0,542.61
ER Dwivedi,2,24,2,2,4,0,0,14,5,19,2,2,0,0,0,0,12.0,171.43,4,83.33,0,0,0,0,0,0,0,0.0,0.0,0.0,0.0,0,0,0,0,6,121.71,0.0,121.71
RV Uthappa,197,4954,481,182,1418,230,15,3801,1388,88,197,180,27,0,8,17,27.52,130.33,663,60.88,0,0,0,0,0,0,0,0.0,0.0,0.0,0.0,0,0,0,7,6,7496.17,0.0,7496.17
T Thushara,6,12,0,0,6,3,0,18,9,8,4,2,0,0,0,2,6.0,66.67,0,0.0,135,161,8,57,15,4,0,22.5,7.16,20.12,16.88,0,0,0,0,9,51.33,202.44,253.78
Azhar Mahmood,23,388,39,13,116,19,0,303,107,80,21,19,2,0,2,2,20.42,128.05,52,60.31,537,700,29,199,73,18,0,89.5,7.82,24.14,18.52,0,0,0,2,2,646.03,899.79,1545.81
S Kaul,55,20,1,0,8,4,0,36,23,7,9,4,0,0,3,5,5.0,55.56,1,20.0,1209,1739,58,387,166,65,3,201.5,8.63,29.98,20.84,0,0,0,0,8,57.78,1847.7,1905.48
R Tewatia,95,1146,93,55,334,55,0,836,275,53,80,49,1,0,3,31,23.39,137.08,148,61.26,843,1111,32,264,54,61,0,140.5,7.91,34.72,26.34,0,0,0,2,5,1787.54,1088.93,2876.47
R Sharma,44,66,5,3,14,7,0,75,43,14,19,14,0,0,10,5,4.71,88.0,8,57.58,928,1086,40,334,70,45,1,154.67,7.02,27.15,23.2,0,0,0,2,7,143.0,1397.78,1540.78
S Sreesanth,44,34,6,0,6,2,0,55,36,15,12,4,0,0,6,8,8.5,61.82,6,70.59,880,1194,40,399,130,39,4,146.67,8.14,29.85,22.0,0,0,0,1,9,81.91,1516.59,1598.5
S Dhawan,221,6769,768,153,2102,299,23,5326,1879,106,221,193,51,2,12,28,35.07,127.09,921,58.95,48,66,4,17,7,3,0,8.0,8.25,16.5,12.0,0,0,0,12,6,10217.05,31.5,10248.55
P Amarnath,6,0,0,0,0,0,0,0,0,0,0,0,0,0,0,0,0.0,0.0,0,0.0,132,236,7,29,29,7,0,22.0,10.73,33.71,18.86,0,0,0,0,11,0.0,90.73,90.73
RV Patel,7,80,6,2,35,3,1,73,25,23,7,5,0,0,0,2,16.0,109.59,8,45.0,18,22,0,5,2,0,0,3.0,7.33,0.0,0.0,0,0,0,0,10,174.79,0.0,174.79
V Nigam,17,154,18,8,28,3,0,86,26,39,9,8,0,0,1,1,19.25,179.07,26,77.92,264,411,12,81,27,24,0,44.0,9.34,34.25,22.0,0,0,0,0,10,320.53,308.59,629.13
KM Asif,7,0,0,0,0,0,0,2,2,0,1,1,0,0,1,0,0.0,0.0,0,0.0,133,231,7,46,16,14,0,22.17,10.42,33.0,19.0,0,0,0,0,6,0.0,127.79,127.79
C Green,34,763,67,34,225,30,2,499,136,100,33,21,2,1,1,12,36.33,152.91,101,61.86,463,722,17,155,62,36,0,77.17,9.36,42.47,27.24,0,0,0,3,1,1220.95,556.44,1777.39
Yudhvir Singh,9,22,1,2,4,1,0,16,8,14,4,4,0,0,1,0,5.5,137.5,3,72.73,138,253,8,54,28,13,0,23.0,11.0,31.62,17.25,0,0,0,0,10,101.75,158.0,259.75
KA Maharaj,2,1,0,0,1,0,0,2,1,1,1,1,0,0,0,0,1.0,50.0,0,0.0,36,39,2,11,2,1,0,6.0,6.5,19.5,18.0,0,0,0,0,2,26.5,0.0,26.5
SM Curran,64,997,85,41,293,59,0,731,244,88,53,40,6,0,5,13,24.92,136.39,126,58.78,1253,2033,59,394,197,89,0,208.83,9.74,34.46,21.24,0,0,0,4,7,1563.69,1870.65,3434.34
J Yadav,20,40,2,1,16,5,0,36,12,23,4,4,0,0,0,0,10.0,111.11,3,35.0,390,445,8,153,31,15,0,65.0,6.85,55.62,48.75,0,0,0,0,2,115.56,397.54,513.09
MM Sharma,120,125,9,4,48,7,1,136,63,21,30,18,0,0,7,12,6.94,91.91,13,48.0,2403,3513,134,813,342,131,0,400.5,8.77,26.22,17.93,0,0,0,5,6,233.46,4218.28,4451.74
Ramandeep Singh,24,266,14,18,73,13,1,173,48,35,23,13,0,0,1,10,20.46,153.76,32,61.65,40,63,6,12,5,3,0,6.67,9.45,10.5,6.67,0,0,0,0,7,475.88,49.5,525.38
XC Bartlett,9,22,1,1,10,1,0,20,7,11,2,1,0,0,0,1,22.0,110.0,2,45.45,166,270,6,58,32,9,0,27.67,9.76,45.0,27.67,0,0,0,0,10,88.0,138.41,226.41
L Wood,2,9,0,1,1,1,0,3,0,9,1,0,0,0,0,1,9.0,300.0,1,66.67,36,93,1,8,12,5,0,6.0,15.5,93.0,36.0,0,0,0,0,3,163.5,0.0,163.5
S Vidyut,8,145,21,3,30,5,1,109,48,54,8,8,1,0,1,0,18.12,133.03,24,70.34,12,22,1,5,1,2,0,2.0,11.0,22.0,12.0,0,0,0,0,6,284.01,0.0,284.01
Umar Gul,6,39,1,5,5,0,0,19,6,24,4,3,0,0,0,1,13.0,205.26,6,87.18,135,184,12,51,17,5,1,22.5,8.18,15.33,11.25,0,0,0,1,8,161.13,260.22,421.35
Ashwani Kumar,7,0,0,0,0,0,0,0,0,0,0,0,0,0,0,0,0.0,0.0,0,0.0,123,232,11,35,18,15,0,20.5,11.32,21.09,11.18,0,0,0,1,11,0.0,176.83,176.83
Rahmanullah Gurbaz,18,363,34,22,68,12,1,269,125,81,18,17,2,0,2,1,21.35,134.94,56,73.83,0,0,0,0,0,0,0,0.0,0.0,0.0,0.0,0,0,0,0,5,611.97,0.0,611.97
AD Russell,134,2655,187,223,449,60,0,1525,580,88,114,95,12,0,6,19,27.95,174.1,410,78.57,1806,2863,123,612,274,130,0,301.0,9.51,23.28,14.68,0,0,0,16,1,4069.55,3588.88,7658.43
TP Sudhindra,3,0,0,0,0,0,0,0,0,0,0,0,0,0,0,0,0.0,0.0,0,0.0,70,136,1,18,9,9,0,11.67,11.66,136.0,70.0,0,0,0,0,11,0.0,0.0,0.0
LA Pomersbach,16,302,25,13,85,18,1,246,92,79,16,11,1,0,0,5,27.45,122.76,38,58.94,0,0,0,0,0,0,0,0.0,0.0,0.0,0.0,0,0,0,0,4,514.38,0.0,514.38
HV Patel,120,274,17,15,90,13,0,233,94,36,43,31,0,0,10,12,8.84,117.6,32,57.66,2470,3673,151,802,317,148,2,411.67,8.92,24.32,16.36,0,0,0,5,4,469.8,4534.78,5004.58
BA Stokes,45,935,81,32,290,59,2,698,222,107,43,38,2,2,3,5,24.61,133.95,113,55.19,689,992,28,228,99,33,2,114.83,8.64,35.43,24.61,0,0,0,5,2,1469.48,929.61,2399.09
J Overton,7,102,8,5,29,4,1,65,15,43,5,2,0,0,0,3,51.0,156.92,13,60.78,102,189,5,32,10,15,0,17.0,11.12,37.8,20.4,0,0,0,0,3,231.46,52.82,284.29
Mohammad Asif,8,3,0,0,3,0,0,6,3,3,2,2,0,0,1,0,1.5,50.0,0,0.0,192,296,8,64,37,8,0,32.0,9.25,37.0,24.0,0,0,0,0,6,29.5,195.5,225.0
AA Noffke,1,9,1,0,5,0,0,10,4,9,1,1,0,0,0,0,9.0,90.0,1,44.44,24,40,1,6,2,2,0,4.0,10.0,40.0,24.0,0,0,0,0,1,58.5,0.0,58.5
V Kaverappa,1,0,0,0,0,0,0,0,0,0,0,0,0,0,0,0,0.0,0.0,0,0.0,24,36,2,11,2,3,0,4.0,9.0,18.0,12.0,0,0,0,0,11,0.0,0.0,0.0
J Botha,34,409,39,5,143,37,2,359,126,67,28,20,1,0,0,8,20.45,113.93,44,45.48,694,800,25,254,60,24,0,115.67,6.92,32.0,27.76,0,0,0,1,4,670.46,938.84,1609.3
RV Gomez,13,50,5,1,16,4,0,51,22,26,9,5,0,0,3,4,10.0,98.04,6,52.0,96,129,5,37,10,7,1,16.0,8.06,25.8,19.2,0,0,0,0,8,124.02,93.38,217.39
AA Bilakhia,7,69,5,0,31,9,0,85,36,22,7,5,0,0,0,2,13.8,81.18,5,28.99,0,0,0,0,0,0,0,0.0,0.0,0.0,0.0,0,0,0,0,2,144.09,0.0,144.09
DS Lehmann,2,18,3,0,6,0,0,18,8,17,2,2,0,0,0,0,9.0,100.0,3,66.67,0,0,0,0,0,0,0,0.0,0.0,0.0,0.0,0,0,0,0,2,77.0,0.0,77.0
RD Rickelton,19,525,56,29,99,14,0,345,142,81,19,18,4,0,0,1,29.17,152.17,85,75.81,0,0,0,0,0,0,0,0.0,0.0,0.0,0.0,0,0,0,1,4,863.59,0.0,863.59
MJ Owen,1,0,0,0,0,0,0,2,2,0,1,1,0,0,1,0,0.0,0.0,0,0.0,0,0,0,0,0,0,0,0.0,0.0,0.0,0.0,0,0,0,0,2,0.0,0.0,0.0
SM Pollock,13,147,12,8,47,2,0,111,40,33,8,8,0,0,2,0,18.38,132.43,20,65.31,276,301,11,130,30,9,1,46.0,6.54,27.36,25.09,0,0,0,2,7,286.72,414.57,701.28
RS Hangargekar,2,0,0,0,0,0,0,0,0,0,0,0,0,0,0,0,0.0,0.0,0,0.0,36,60,3,14,6,2,0,6.0,10.0,20.0,12.0,0,0,0,0,11,0.0,0.0,0.0
R Bhatia,94,342,24,13,119,23,1,284,97,26,47,30,0,0,5,17,11.4,120.42,37,50.88,1636,2020,71,436,120,68,1,272.67,7.41,28.45,23.04,0,0,0,1,6,573.21,2217.92,2791.13
Karim Janat,1,0,0,0,0,0,0,0,0,0,0,0,0,0,0,0,0.0,0.0,0,0.0,6,30,0,0,3,3,0,1.0,30.0,0.0,0.0,0,0,0,0,11,0.0,0.0,0.0
PJ Sangwan,42,26,1,0,16,3,0,44,23,6,14,8,0,0,5,6,3.25,59.09,1,15.38,856,1240,38,319,127,43,1,142.67,8.69,32.63,22.53,0,0,0,0,7,68.55,1311.08,1379.63
JJ Bumrah,150,73,6,1,33,5,0,81,34,16,28,7,0,0,10,21,10.43,90.12,7,41.1,3473,4223,186,1390,379,129,8,578.83,7.3,22.7,18.67,0,0,0,10,4,154.56,6427.04,6581.6
P Suyal,5,0,0,0,0,0,0,0,0,0,0,0,0,0,0,0,0.0,0.0,0,0.0,96,151,2,36,16,5,0,16.0,9.44,75.5,48.0,0,0,0,0,11,0.0,17.62,17.62
NV Ojha,94,1554,121,79,438,64,10,1313,581,94,94,75,6,0,9,19,20.72,118.35,200,61.65,0,0,0,0,0,0,0,0.0,0.0,0.0,0.0,0,0,0,1,5,2390.18,0.0,2390.18
R Sanjay Yadav,1,0,0,0,0,0,0,2,2,0,1,1,0,0,1,0,0.0,0.0,0,0.0,12,23,0,6,3,1,0,2.0,11.5,0.0,0.0,0,0,0,0,4,0.0,0.0,0.0
DJ Jacobs,7,92,10,4,22,3,0,98,53,32,7,7,0,0,1,0,13.14,93.88,14,69.57,0,0,0,0,0,0,0,0.0,0.0,0.0,0.0,0,0,0,0,3,184.94,0.0,184.94
S Badree,12,13,0,0,9,2,0,23,12,8,5,5,0,0,2,0,2.6,56.52,0,0.0,258,319,11,109,28,14,1,43.0,7.42,29.0,23.45,0,0,0,0,7,47.76,363.81,411.57
SS Tiwary,73,1494,111,50,554,95,2,1244,413,61,73,52,8,0,1,21,28.73,120.1,161,49.8,0,0,0,0,0,0,0,0.0,0.0,0.0,0.0,0,0,0,0,7,2301.05,0.0,2301.05
M Kaif,22,259,22,6,86,23,1,250,106,34,22,18,0,0,0,4,14.39,103.6,28,47.88,0,0,0,0,0,0,0,0.0,0.0,0.0,0.0,0,0,0,0,3,440.3,0.0,440.3
IS Sodhi,8,7,0,0,7,0,0,17,10,6,2,2,0,0,0,0,3.5,41.18,0,0.0,181,202,9,64,9,8,1,30.17,6.7,22.44,20.11,0,0,0,0,3,31.09,241.04,272.13
S Lamichhane,9,0,0,0,0,0,0,1,1,0,1,1,0,0,1,0,0.0,0.0,0,0.0,210,292,13,75,21,17,0,35.0,8.34,22.46,16.15,0,0,0,0,10,0.0,326.57,326.57
CR Brathwaite,16,181,10,16,37,4,0,111,41,43,14,13,0,0,0,1,13.92,163.06,26,75.14,254,379,13,74,37,12,0,42.33,8.95,29.15,19.54,0,0,0,1,2,353.03,318.47,671.5
C Madan,1,15,3,0,3,0,0,19,12,15,1,1,0,0,0,0,15.0,78.95,3,80.0,0,0,0,0,0,0,0,0.0,0.0,0.0,0.0,0,0,0,0,2,61.97,0.0,61.97
Parvez Rasool,11,17,1,0,11,1,0,20,6,10,4,2,0,0,0,2,8.5,85.0,1,23.53,198,271,4,60,22,11,0,33.0,8.21,67.75,49.5,0,0,0,0,6,68.0,117.88,185.88
DT Patil,2,13,1,0,5,2,0,13,5,9,2,2,0,0,0,0,6.5,100.0,1,30.77,0,0,0,0,0,0,0,0.0,0.0,0.0,0.0,0,0,0,0,4,69.5,0.0,69.5
VVS Laxman,20,282,33,5,100,10,0,267,113,52,20,19,1,0,4,1,14.84,105.62,38,57.45,0,0,0,0,0,0,0,0.0,0.0,0.0,0.0,0,0,0,0,8,475.81,0.0,475.81
S Joseph,1,0,0,0,0,0,0,0,0,0,0,0,0,0,0,0,0.0,0.0,0,0.0,24,47,0,9,4,2,0,4.0,11.75,0.0,0.0,0,0,0,0,11,0.0,0.0,0.0
Navdeep Saini,5,2,0,0,0,1,0,2,1,2,1,1,0,0,0,0,2.0,100.0,0,0.0,90,174,6,26,21,7,0,15.0,11.6,29.0,15.0,0,0,0,0,3,53.0,56.0,109.0
R Powell,25,435,27,32,101,17,0,295,113,67,25,20,1,0,2,5,21.75,147.46,59,68.97,18,35,1,4,2,2,0,3.0,11.67,35.0,18.0,0,0,0,0,6,726.23,0.0,726.23
Shahid Afridi,10,81,7,6,12,0,0,46,19,33,9,8,0,0,1,1,10.12,176.09,13,79.01,180,225,9,57,19,7,0,30.0,7.5,25.0,20.0,0,0,0,0,8,209.54,219.0,428.54
S Rana,8,91,9,1,29,10,0,81,30,19,8,4,0,0,0,4,22.75,112.35,10,46.15,16,18,0,5,2,0,0,2.67,6.75,0.0,0.0,0,0,0,0,5,192.67,0.0,192.67
NT Ellis,17,19,0,1,9,2,0,25,13,12,5,4,0,0,2,1,4.75,76.0,1,31.58,378,546,19,117,46,21,0,63.0,8.67,28.74,19.89,0,0,0,1,8,66.5,527.33,593.83
M Vohra,51,1083,104,43,249,64,9,829,345,95,51,49,3,0,3,2,22.1,130.64,147,62.23,0,0,0,0,0,0,0,0.0,0.0,0.0,0.0,0,0,0,3,5,1689.82,0.0,1689.82
SZ Mulani,2,1,0,0,1,0,0,1,0,1,1,0,0,0,0,1,1.0,100.0,0,0.0,30,57,0,7,2,4,0,5.0,11.4,0.0,0.0,0,0,0,0,9,51.5,0.0,51.5
Vivrant Sharma,2,69,9,2,19,1,0,47,14,69,1,1,1,0,0,0,69.0,146.81,11,69.57,18,37,0,5,1,3,0,3.0,12.33,0.0,0.0,0,0,0,0,7,176.9,0.0,176.9
KA Pollard,181,3437,221,224,872,154,8,2329,787,87,168,121,16,0,6,47,28.4,147.57,445,64.82,1488,2180,69,405,169,78,0,248.0,8.79,31.59,21.57,0,0,0,14,4,5229.29,2102.1,7331.38
MS Bhandage,1,1,0,0,1,0,0,4,3,1,1,1,0,0,0,0,1.0,25.0,0,0.0,0,0,0,0,0,0,0,0.0,0.0,0.0,0.0,0,0,0,0,6,14.0,0.0,14.0
SD Lad,1,15,1,1,2,0,1,13,8,15,1,1,0,0,0,0,15.0,115.38,2,66.67,0,0,0,0,0,0,0,0.0,0.0,0.0,0.0,0,0,0,0,9,80.19,0.0,80.19
SM Boland,2,0,0,0,0,0,0,0,0,0,0,0,0,0,0,0,0.0,0.0,0,0.0,42,54,2,14,6,1,0,7.0,7.71,27.0,21.0,0,0,0,0,11,0.0,0.0,0.0
AA Jhunjhunwala,19,217,19,5,82,13,1,210,86,53,15,13,1,0,1,2,16.69,103.33,24,48.85,85,129,1,27,10,5,0,14.17,9.11,129.0,85.0,0,0,0,1,1,377.17,0.0,377.17
UA Birla,1,7,1,0,3,0,0,14,10,7,1,1,0,0,0,0,7.0,50.0,1,57.14,0,0,0,0,0,0,0,0.0,0.0,0.0,0.0,0,0,0,0,9,35.5,0.0,35.5
Basil Thampi,25,32,1,1,16,3,0,35,12,13,7,1,0,0,1,6,32.0,91.43,2,31.25,521,846,22,152,75,41,1,86.83,9.74,38.45,23.68,0,0,0,0,4,93.71,646.57,740.29
H Sharma,2,0,0,0,0,0,0,0,0,0,0,0,0,0,0,0,0.0,0.0,0,0.0,30,57,0,2,6,2,0,5.0,11.4,0.0,0.0,0,0,0,0,11,0.0,0.0,0.0
MR Marsh,60,1407,113,82,371,40,4,991,358,117,54,52,9,1,7,2,27.06,141.98,195,67.09,560,795,37,181,72,28,1,93.33,8.52,21.49,15.14,0,0,0,4,5,2181.49,1016.82,3198.31
A Uniyal,2,4,0,0,4,0,0,7,3,4,2,1,0,0,1,1,4.0,57.14,0,0.0,36,66,2,8,6,3,0,6.0,11.0,33.0,18.0,0,0,0,0,1,34.57,0.0,34.57
AD Mathews,46,724,44,29,267,49,3,575,176,65,41,31,1,0,2,10,23.35,125.91,73,48.34,791,1079,27,224,98,29,0,131.83,8.18,39.96,29.3,0,0,0,1,1,1148.96,906.15,2055.11
T Henderson,2,11,0,1,3,1,0,16,10,11,2,2,0,0,1,0,5.5,68.75,1,54.55,36,40,1,14,5,0,0,6.0,6.67,40.0,36.0,0,0,0,0,10,50.88,0.0,50.88
GB Hogg,21,22,1,0,14,2,0,22,5,13,4,3,0,0,0,1,7.33,100.0,1,18.18,458,570,23,159,40,21,1,76.33,7.47,24.78,19.91,0,0,0,0,3,83.0,703.33,786.33
Aman Hakim Khan,10,115,8,6,33,7,0,104,48,51,10,9,1,0,1,1,12.78,110.58,14,59.13,6,13,0,1,1,1,0,1.0,13.0,0.0,0.0,0,0,0,0,3,227.79,0.0,227.79
MA Starc,51,111,11,0,49,9,0,119,45,29,21,11,0,0,3,10,10.09,93.28,11,39.64,1064,1537,65,418,174,45,1,177.33,8.67,23.65,16.37,0,0,0,5,5,213.14,2049.33,2262.47
SK Rasheed,5,71,9,2,13,5,0,63,33,27,5,5,0,0,1,0,14.2,112.7,11,67.61,0,0,0,0,0,0,0,0.0,0.0,0.0,0.0,0,0,0,0,7,162.85,0.0,162.85
Vishnu Vinod,6,56,3,3,24,1,0,57,25,30,6,6,0,0,0,0,9.33,98.25,6,53.57,0,0,0,0,0,0,0,0.0,0.0,0.0,0.0,0,0,0,0,8,133.12,0.0,133.12
JM Kemp,5,26,1,1,9,2,1,24,10,22,2,2,0,0,0,0,13.0,108.33,2,38.46,44,54,3,15,6,1,0,7.33,7.36,18.0,14.67,0,0,0,0,2,93.17,16.36,109.53
PHKD Mendis,5,92,7,2,24,14,0,69,20,32,5,4,0,0,1,1,23.0,133.33,9,43.48,42,60,2,11,4,3,0,7.0,8.57,30.0,21.0,0,0,0,0,7,204.67,0.0,204.67
A Singh,23,2,0,0,2,0,0,10,7,1,5,4,0,0,3,1,0.5,20.0,0,0.0,473,620,28,189,67,17,1,78.83,7.86,22.14,16.89,0,0,0,1,1,13.0,859.35,872.35
Pankaj Singh,17,7,0,0,5,1,0,12,6,4,5,2,0,0,1,3,3.5,58.33,0,0.0,300,468,11,111,52,17,1,50.0,9.36,42.55,27.27,0,0,0,0,6,39.67,348.4,388.07
Sumit Kumar,3,18,2,1,4,0,0,24,14,9,3,2,0,0,0,1,9.0,75.0,3,77.78,20,38,0,4,3,2,0,3.33,11.4,0.0,0.0,0,0,0,0,9,64.5,0.0,64.5
JDP Oram,15,106,6,5,46,3,0,108,46,41,11,8,0,0,1,3,13.25,98.15,11,50.94,237,349,9,79,34,14,0,39.5,8.84,38.78,26.33,0,0,0,1,2,208.07,249.65,457.72
KS Bharat,9,199,12,8,70,15,1,163,53,78,8,7,1,0,1,1,28.43,122.09,20,48.24,0,0,0,0,0,0,0,0.0,0.0,0.0,0.0,0,0,0,1,6,359.54,0.0,359.54
PN Mankad,6,97,13,2,23,5,0,73,28,64,5,3,1,0,1,2,32.33,132.88,15,65.98,0,0,0,0,0,0,0,0.0,0.0,0.0,0.0,0,0,0,1,6,211.94,0.0,211.94
RJW Topley,6,3,0,0,3,0,0,6,3,3,1,0,0,0,0,1,3.0,50.0,0,0.0,120,222,5,44,23,13,0,20.0,11.1,44.4,24.0,0,0,0,0,9,29.5,77.0,106.5
AM Ghazanfar,3,0,0,0,0,0,0,0,0,0,0,0,0,0,0,0,0.0,0.0,0,0.0,60,103,4,17,8,6,0,10.0,10.3,25.75,15.0,0,0,0,0,11,0.0,11.0,11.0
AB de Villiers,170,5181,414,253,1420,268,17,3411,983,133,170,130,41,3,10,40,39.85,151.89,667,61.26,0,0,0,0,0,0,0,0.0,0.0,0.0,0.0,0,0,0,25,1,7847.45,0.0,7847.45
DS Kulkarni,92,104,7,2,45,8,1,108,43,28,20,9,0,0,0,11,11.56,96.3,9,38.46,1787,2474,86,742,272,81,8,297.83,8.31,28.77,20.78,0,0,0,0,4,204.15,3120.93,3325.08
Kamran Akmal,6,128,13,8,20,4,0,78,31,53,6,5,1,0,0,1,25.6,164.1,21,78.12,0,0,0,0,0,0,0,0.0,0.0,0.0,0.0,0,0,0,0,2,274.05,0.0,274.05
NB Singh,2,0,0,0,0,0,0,0,0,0,0,0,0,0,0,0,0.0,0.0,0,0.0,24,15,1,13,2,0,0,4.0,3.75,15.0,24.0,0,0,0,0,11,0.0,8.5,8.5
MK Pandey,162,3951,340,116,1386,229,12,3248,1129,114,161,135,22,1,14,26,29.27,121.64,456,52.04,0,0,0,0,0,0,0,0.0,0.0,0.0,0.0,0,0,0,5,4,5987.32,0.0,5987.32
HM Amla,16,577,60,21,164,22,1,407,130,104,16,13,3,2,2,3,44.38,141.77,81,63.43,0,0,0,0,0,0,0,0.0,0.0,0.0,0.0,0,0,0,2,3,936.38,0.0,936.38
C Nanda,3,0,0,0,0,0,0,1,1,0,1,1,0,0,1,0,0.0,0.0,0,0.0,48,57,2,13,1,2,0,8.0,7.12,28.5,24.0,0,0,0,0,3,0.0,0.0,0.0
D Brevis,17,496,34,35,118,16,0,326,123,57,17,17,2,0,2,0,29.18,152.15,69,69.76,3,8,1,1,2,0,0,0.5,16.0,8.0,3.0,0,0,0,1,1,820.07,0.0,820.07
KH Pandya,147,1757,153,65,495,121,6,1332,462,86,115,82,2,0,8,33,21.43,131.91,218,57.03,2500,3141,100,789,217,112,1,416.67,7.54,31.41,25.0,0,0,0,9,4,2701.45,3502.62,6204.07
AT Rayudu,187,4348,359,173,1495,188,1,3409,1142,100,185,155,22,1,13,30,28.05,127.54,532,56.9,0,0,0,0,0,0,0,0.0,0.0,0.0,0.0,0,0,0,10,1,6585.77,0.0,6585.77
MJ Lumb,12,278,45,6,41,9,1,194,83,83,12,12,1,0,3,0,23.17,143.3,51,77.7,0,0,0,0,0,0,0,0.0,0.0,0.0,0.0,0,0,0,1,4,488.65,0.0,488.65
JH Kallis,98,2427,255,44,888,113,8,2222,878,89,95,85,17,0,8,10,28.55,109.23,299,52.9,1742,2293,65,601,236,58,3,290.33,7.9,35.28,26.8,0,0,0,10,3,3695.11,2423.02,6118.13
JA Morkel,90,975,61,55,288,55,1,687,211,73,67,40,3,0,3,27,24.38,141.92,116,58.87,1723,2359,85,646,264,56,3,287.17,8.21,27.75,20.27,0,0,0,2,2,1533.46,2909.85,4443.31
B Indrajith,3,21,2,0,9,2,0,30,17,15,3,3,0,0,1,0,7.0,70.0,2,38.1,0,0,0,0,0,0,0,0.0,0.0,0.0,0.0,0,0,0,0,3,66.5,0.0,66.5
SE Bond,8,1,0,0,1,0,0,2,1,1,1,1,0,0,0,0,1.0,50.0,0,0.0,186,224,9,75,27,3,1,31.0,7.23,24.89,20.67,0,0,0,0,10,26.5,257.74,284.24
Mohammed Shami,124,98,8,3,36,6,0,100,44,21,31,17,0,0,7,14,5.76,98.0,11,51.02,2728,3887,137,1095,410,148,3,454.67,8.55,28.37,19.91,0,0,0,4,7,196.0,4844.51,5040.51
AS Raut,17,194,13,7,73,9,3,167,62,36,16,9,0,0,1,7,21.56,116.17,20,48.45,30,44,0,6,4,1,0,5.0,8.8,0.0,0.0,0,0,0,0,2,349.08,0.0,349.08
Joginder Sharma,16,36,1,2,14,3,0,30,10,16,5,4,0,0,2,1,9.0,120.0,3,44.44,256,419,12,71,38,17,0,42.67,9.82,34.92,21.33,0,0,0,0,3,114.0,283.8,397.8
P Prasanth,1,0,0,0,0,0,0,0,0,0,0,0,0,0,0,0,0.0,0.0,0,0.0,6,18,0,3,0,3,0,1.0,18.0,0.0,0.0,0,0,0,0,11,0.0,0.0,0.0
Mukesh Choudhary,16,6,1,0,2,0,0,6,3,4,2,1,0,0,0,1,6.0,100.0,1,66.67,315,522,17,131,59,23,0,52.5,9.94,30.71,18.53,0,0,0,1,7,59.0,502.57,561.57
Shoaib Akhtar,3,2,0,0,2,0,0,7,5,2,1,1,0,0,0,0,2.0,28.57,0,0.0,42,54,5,23,6,2,0,7.0,7.71,10.8,8.4,0,0,0,1,10,17.29,68.86,86.14
Mohammad Ashraful,1,2,0,0,2,0,0,10,7,2,1,1,0,0,0,0,2.0,20.0,0,0.0,0,0,0,0,0,0,0,0.0,0.0,0.0,0.0,0,0,0,0,5,13.0,0.0,13.0
WPUJC Vaas,13,81,2,3,33,11,0,73,22,20,11,8,0,0,3,3,10.12,110.96,5,32.1,282,355,18,128,40,13,2,47.0,7.55,19.72,15.67,0,0,0,1,9,176.98,540.47,717.45
Mohammed Siraj,112,112,10,4,36,6,0,123,61,14,21,10,0,0,4,11,11.2,91.06,14,57.14,2384,3483,112,982,352,154,4,397.33,8.77,31.1,21.29,0,0,0,6,6,213.53,4116.34,4329.87
DJ Hooda,107,1497,98,62,521,100,4,1173,372,64,101,85,8,0,5,16,17.61,127.62,160,51.04,379,546,10,102,40,23,0,63.17,8.64,54.6,37.9,0,0,0,1,2,2309.31,317.56,2626.87
MS Dhoni,242,5439,375,264,1622,344,15,3957,1248,84,241,142,24,0,8,99,38.3,137.45,639,56.7,0,0,0,0,0,0,0,0.0,0.0,0.0,0.0,0,0,0,18,4,8227.23,0.0,8227.23
S Dube,81,1961,118,126,566,82,1,1360,448,95,80,63,10,0,3,17,31.13,144.19,244,62.62,136,243,6,26,18,12,0,22.67,10.72,40.5,22.67,0,0,0,2,7,3013.6,64.79,3078.39
M Tiwari,2,3,0,0,1,1,0,4,2,3,1,1,0,0,0,0,3.0,75.0,0,0.0,6,14,0,0,2,0,0,1.0,14.0,0.0,0.0,0,0,0,0,6,42.0,0.0,42.0
JP Faulkner,60,527,36,23,160,41,1,390,121,46,45,26,0,0,0,19,20.27,135.13,59,53.51,1238,1799,61,399,160,67,4,206.33,8.72,29.49,20.3,0,0,0,5,4,858.06,1930.81,2788.88
SW Tait,21,23,1,1,13,0,0,26,11,11,5,3,0,0,1,2,7.67,88.46,2,43.48,473,640,23,200,71,12,1,78.83,8.12,27.83,20.57,0,0,0,0,11,78.73,778.82,857.55
AM Salvi,7,0,0,0,0,0,0,0,0,0,0,0,0,0,0,0,0.0,0.0,0,0.0,150,200,7,57,18,7,0,25.0,8.0,28.57,21.43,0,0,0,0,11,0.0,174.0,174.0
KL Rahul,140,5346,466,213,1651,269,5,3914,1255,132,139,119,41,5,6,20,44.92,136.59,679,58.77,0,0,0,0,0,0,0,0.0,0.0,0.0,0.0,0,0,0,15,4,8087.29,0.0,8087.29
MP Yadav,6,0,0,0,0,0,0,0,0,0,0,0,0,0,0,0,0.0,0.0,0,0.0,121,185,9,57,17,12,0,20.17,9.17,20.56,13.44,0,0,0,2,11,0.0,202.26,202.26
VR Iyer,57,1497,137,67,393,73,1,1084,392,104,57,49,12,1,2,8,30.55,138.1,204,63.46,81,143,3,15,12,7,0,13.5,10.59,47.67,27.0,0,0,0,3,9,2314.55,0.0,2314.55
YV Takawale,10,192,26,3,41,12,0,178,89,45,10,8,0,0,2,2,24.0,107.87,29,63.54,0,0,0,0,0,0,0,0.0,0.0,0.0,0.0,0,0,0,0,9,341.93,0.0,341.93
BB Samantray,8,125,13,2,45,8,0,113,42,55,8,5,1,0,1,3,25.0,110.62,15,51.2,0,0,0,0,0,0,0,0.0,0.0,0.0,0.0,0,0,0,0,1,242.81,0.0,242.81
D Salunkhe,5,33,5,0,9,2,0,24,8,26,3,2,0,0,0,1,16.5,137.5,5,60.61,47,78,1,13,6,3,0,7.83,9.96,78.0,47.0,0,0,0,0,1,118.25,0.0,118.25
M Pathirana,32,0,0,0,0,0,0,0,0,0,0,0,0,0,0,0,0.0,0.0,0,0.0,702,1016,47,236,72,39,0,117.0,8.68,21.62,14.94,0,0,0,2,11,0.0,1325.16,1325.16
KC Sangakkara,68,1687,195,27,563,81,5,1392,484,94,68,65,10,0,4,3,25.95,121.19,222,55.84,0,0,0,0,0,0,0,0.0,0.0,0.0,0.0,0,0,0,5,4,2591.1,0.0,2591.1
HR Shokeen,13,66,9,0,20,5,0,65,29,25,5,3,0,0,1,2,22.0,101.54,9,54.55,204,314,5,78,20,20,0,34.0,9.24,62.8,40.8,0,0,0,0,3,149.77,163.65,313.42
S Aravind,38,59,7,0,21,5,0,57,21,14,10,4,0,0,2,6,14.75,103.51,7,47.46,760,1039,45,290,105,38,0,126.67,8.2,23.09,16.89,0,0,0,1,7,140.25,1397.97,1538.23
D du Preez,2,10,0,0,6,2,0,13,5,10,1,1,0,0,0,0,10.0,76.92,0,0.0,42,56,4,18,6,1,1,7.0,8.0,14.0,10.5,0,0,0,0,1,53.46,36.0,89.46
Kartik Sharma,3,25,0,2,7,3,0,21,9,18,3,3,0,0,0,0,8.33,119.05,2,48.0,0,0,0,0,0,0,0,0.0,0.0,0.0,0.0,0,0,0,0,4,97.02,0.0,97.02
PWH de Silva,37,81,7,1,31,8,0,88,41,18,19,15,0,0,5,4,5.4,92.05,8,41.98,798,1119,46,264,65,70,1,133.0,8.41,24.33,17.35,0,0,0,2,6,167.52,1363.86,1531.39
Ravi Bishnoi,81,45,2,2,18,2,1,67,41,13,17,11,0,0,5,6,4.09,67.16,4,44.44,1729,2386,81,586,176,110,1,288.17,8.28,29.46,21.35,0,0,0,1,10,101.08,2709.2,2810.28
KS Sharma,3,16,1,0,12,0,0,25,12,9,3,3,0,0,0,0,5.33,64.0,1,25.0,0,0,0,0,0,0,0,0.0,0.0,0.0,0.0,0,0,0,0,5,56.0,0.0,56.0
C Connolly,4,136,13,7,36,3,0,90,30,72,4,3,1,0,0,1,45.33,151.11,20,69.12,0,0,0,0,0,0,0,0.0,0.0,0.0,0.0,0,0,0,1,1,279.56,0.0,279.56
TS Mills,10,8,0,1,2,0,0,14,10,6,5,4,0,0,3,1,2.0,57.14,1,75.0,209,343,11,69,37,14,0,34.83,9.85,31.18,19.0,0,0,0,0,9,40.57,259.53,300.1
Monu Kumar,1,0,0,0,0,0,0,0,0,0,0,0,0,0,0,0,0.0,0.0,0,0.0,12,20,0,4,2,0,0,2.0,10.0,0.0,0.0,0,0,0,0,11,0.0,0.0,0.0
CA Pujara,22,390,50,4,133,15,1,391,178,51,22,19,1,0,1,3,20.53,99.74,54,57.44,0,0,0,0,0,0,0,0.0,0.0,0.0,0.0,0,0,0,0,2,634.87,0.0,634.87
AT Carey,3,32,0,1,14,6,0,29,6,14,3,2,0,0,0,1,16.0,110.34,1,18.75,0,0,0,0,0,0,0,0.0,0.0,0.0,0.0,0,0,0,0,3,103.17,0.0,103.17
NJ Rimmington,1,1,0,0,1,0,0,1,0,1,1,0,0,0,0,1,1.0,100.0,0,0.0,18,19,0,9,3,0,0,3.0,6.33,0.0,0.0,0,0,0,0,4,51.5,0.0,51.5
DP Vijaykumar,9,1,0,0,1,0,0,1,0,1,1,0,0,0,0,1,1.0,100.0,0,0.0,152,199,4,63,23,5,0,25.33,7.86,49.75,38.0,0,0,0,0,3,51.5,127.45,178.95
TK Curran,13,127,10,3,47,11,0,107,34,54,10,5,1,0,1,5,25.4,118.69,13,45.67,238,430,13,57,33,23,0,39.67,10.84,33.08,18.31,0,0,0,0,9,249.85,265.6,515.44
T Shamsi,5,2,0,0,2,0,0,4,2,2,1,0,0,0,0,1,2.0,50.0,0,0.0,120,181,3,28,14,8,0,20.0,9.05,60.33,40.0,0,0,0,0,7,28.0,25.5,53.5
Lalit Yadav,25,305,27,7,122,15,1,290,108,48,21,16,0,0,1,5,19.06,105.17,34,49.18,288,425,10,82,26,24,0,48.0,8.85,42.5,28.8,0,0,0,0,4,510.09,275.46,785.54
BB McCullum,109,2882,293,130,715,103,3,2190,886,158,109,104,13,2,6,5,27.71,131.6,423,67.73,0,0,0,0,0,0,0,0.0,0.0,0.0,0.0,0,0,0,5,1,4388.8,0.0,4388.8
AA Chavan,13,12,2,0,4,0,0,11,5,7,3,2,0,0,0,1,6.0,109.09,2,66.67,248,326,8,100,28,16,0,41.33,7.89,40.75,31.0,0,0,0,0,1,72.55,281.13,353.67
Gulbadin Naib,2,19,1,1,9,0,0,15,4,19,1,1,0,0,0,0,19.0,126.67,2,52.63,6,12,0,1,2,0,0,1.0,12.0,0.0,0.0,0,0,0,0,3,91.83,0.0,91.83
FY Fazal,12,183,22,1,75,7,0,173,62,45,11,10,0,0,1,1,18.3,105.78,23,51.37,12,20,0,1,1,1,0,2.0,10.0,0.0,0.0,0,0,0,0,3,327.39,0.0,327.39
Harmeet Singh,27,18,3,0,2,2,0,12,5,14,4,4,0,0,1,0,4.5,150.0,3,66.67,525,697,26,189,66,20,0,87.5,7.97,26.81,20.19,0,0,0,2,5,102.0,818.34,920.34
TM Head,42,1266,143,59,250,45,0,753,238,102,42,38,8,1,5,4,33.32,168.13,202,73.14,58,113,2,9,6,8,0,9.67,11.69,56.5,29.0,0,0,0,3,8,1983.06,0.0,1983.06
PP Chawla,192,624,56,20,203,37,1,563,226,24,86,56,0,0,15,30,11.14,110.83,76,55.13,3850,5108,192,1325,374,222,2,641.67,7.96,26.6,20.05,0,0,0,3,6,991.42,6410.39,7401.81
Atharva Taide,10,260,30,8,61,14,1,177,58,66,10,10,2,0,1,0,26.0,146.89,38,64.62,1,4,0,0,1,0,0,0.17,24.0,0.0,0.0,0,0,0,0,1,463.45,0.0,463.45
Abhinandan Singh,3,0,0,0,0,0,0,0,0,0,0,0,0,0,0,0,0.0,0.0,0,0.0,58,122,3,15,13,7,0,9.67,12.62,40.67,19.33,0,0,0,0,11,0.0,0.0,0.0
FA Allen,5,14,1,0,8,1,0,19,9,8,3,2,0,0,1,1,7.0,73.68,1,28.57,90,136,2,26,11,7,1,15.0,9.07,68.0,45.0,0,0,0,0,3,57.84,1.33,59.18
JR Philippe,5,78,9,1,28,4,0,77,34,33,5,4,0,0,1,1,19.5,101.3,10,53.85,0,0,0,0,0,0,0,0.0,0.0,0.0,0.0,0,0,0,0,5,167.65,0.0,167.65
MJ Suthar,1,1,0,0,1,0,0,2,1,1,1,1,0,0,0,0,1.0,50.0,0,0.0,12,26,0,4,1,3,0,2.0,13.0,0.0,0.0,0,0,0,0,4,26.5,0.0,26.5
C de Grandhomme,25,303,18,18,91,16,0,225,77,40,21,16,0,0,3,5,18.94,134.67,36,59.41,216,319,6,58,22,13,0,36.0,8.86,53.17,36.0,0,0,0,0,2,521.83,147.39,669.22
DJ Mitchell,15,351,28,10,130,23,1,267,73,63,15,13,2,0,0,2,27.0,131.46,38,49.0,48,97,1,5,9,4,0,8.0,12.12,97.0,48.0,0,0,0,0,2,592.23,0.0,592.23
R Shepherd,22,223,15,19,35,7,0,108,29,53,15,8,1,0,2,7,27.88,206.48,34,78.03,259,527,13,70,37,39,0,43.17,12.21,40.54,19.92,0,0,0,2,6,437.74,277.92,715.66
BKG Mendis,1,20,1,2,2,1,0,10,4,20,1,1,0,0,0,0,20.0,200.0,3,80.0,0,0,0,0,0,0,0,0.0,0.0,0.0,0.0,0,0,0,0,2,130.0,0.0,130.0
S Narwal,7,37,6,0,9,2,0,27,10,23,4,3,0,0,1,1,12.33,137.04,6,64.86,106,202,5,37,17,13,0,17.67,11.43,40.4,21.2,0,0,0,0,7,124.02,59.66,183.68
SA Yadav,157,4417,465,171,1140,185,7,2971,960,103,156,129,30,2,12,27,34.24,148.67,636,65.34,6,8,0,2,1,0,0,1.0,8.0,0.0,0.0,0,0,0,10,6,6699.84,0.0,6699.84
DJ Bravo,160,1560,120,66,447,111,5,1204,425,70,110,69,5,0,6,41,22.61,129.57,186,56.15,3120,4360,183,998,349,155,3,520.0,8.38,23.83,17.05,0,0,0,4,2,2404.78,5572.15,7976.94
RG Sharma,271,7185,653,311,2126,276,8,5420,1983,109,270,241,48,2,17,29,29.81,132.56,964,62.32,339,453,15,88,29,14,0,56.5,8.02,30.2,22.6,0,0,0,21,6,10843.78,395.82,11239.61
BE Hendricks,7,1,0,0,1,0,0,3,2,1,2,1,0,0,1,1,1.0,33.33,0,0.0,150,235,9,52,24,7,0,25.0,9.4,26.11,16.67,0,0,0,0,2,18.17,190.0,208.17
YS Chahal,176,37,0,0,28,3,1,86,52,8,17,7,0,0,3,10,5.29,43.02,0,0.0,3869,5159,224,1284,303,258,4,644.83,8.0,23.03,17.27,0,0,0,7,11,77.01,6967.99,7045.01
MF Maharoof,20,177,12,9,43,16,0,123,40,39,14,10,0,0,2,4,17.7,143.9,21,57.63,420,520,27,165,46,16,0,70.0,7.43,19.26,15.56,0,0,0,1,5,337.45,795.71,1133.17
MA Agarwal,125,2764,275,100,786,125,6,2066,738,106,125,120,13,1,7,5,23.03,133.79,375,61.51,0,0,0,0,0,0,0,0.0,0.0,0.0,0.0,0,0,0,4,5,4212.89,0.0,4212.89
M de Lange,5,1,0,0,1,0,0,2,1,1,1,1,0,0,0,0,1.0,50.0,0,0.0,108,169,5,39,21,4,1,18.0,9.39,33.8,21.6,0,0,0,0,7,26.5,84.11,110.61
DAJ Bracewell,1,12,1,0,6,1,0,9,1,12,1,0,0,0,0,1,12.0,133.33,1,33.33,24,32,3,10,2,2,0,4.0,8.0,10.67,8.0,0,0,0,0,2,84.67,0.0,84.67
Kartik Tyagi,24,18,2,0,8,1,0,21,8,7,7,5,0,0,1,2,3.6,85.71,2,44.44,512,870,20,177,86,40,0,85.33,10.2,43.5,25.6,0,0,0,1,4,69.86,652.05,721.9
S Gopal,51,180,19,2,70,11,0,169,65,24,22,14,0,0,4,8,12.86,106.51,21,48.89,991,1349,52,317,77,74,1,165.17,8.17,25.94,19.06,0,0,0,2,8,323.25,1592.32,1915.58
RR Sarwan,4,73,6,1,31,6,0,75,30,31,4,4,0,0,0,0,18.25,97.33,7,41.1,0,0,0,0,0,0,0,0.0,0.0,0.0,0.0,0,0,0,0,5,158.17,0.0,158.17
DJ Malan,1,26,1,1,12,2,0,26,9,26,1,1,0,0,0,0,26.0,100.0,2,38.46,0,0,0,0,0,0,0,0.0,0.0,0.0,0.0,0,0,0,0,4,89.0,0.0,89.0
B Stanlake,6,5,1,0,1,0,0,2,0,5,1,0,0,0,0,1,5.0,250.0,1,80.0,144,200,7,64,19,9,0,24.0,8.33,28.57,20.57,0,0,0,1,1,132.5,184.67,317.17
GC Smith,29,739,94,9,228,39,1,668,283,91,29,26,4,0,3,3,28.42,110.63,103,58.19,0,0,0,0,0,0,0,0.0,0.0,0.0,0.0,0,0,0,2,1,1163.81,0.0,1163.81
DB Das,22,304,23,16,92,12,0,261,107,35,22,14,0,0,1,8,21.71,116.48,39,61.84,0,0,0,0,0,0,0,0.0,0.0,0.0,0.0,0,0,0,0,2,514.24,0.0,514.24
KW Richardson,15,36,2,1,16,3,0,39,17,26,4,3,0,0,0,1,12.0,92.31,3,38.89,335,472,19,129,40,23,0,55.83,8.45,24.84,17.63,0,0,0,0,5,100.15,553.46,653.62
MJ McClenaghan,56,85,5,7,21,1,0,70,34,20,20,13,0,0,7,7,6.54,121.43,12,72.94,1274,1803,71,507,181,72,1,212.33,8.49,25.39,17.94,0,0,0,2,7,188.21,2349.09,2537.3
P Negi,46,365,27,16,108,25,1,289,104,36,35,26,0,0,3,9,14.04,126.3,43,55.89,716,939,34,237,57,47,0,119.33,7.87,27.62,21.06,0,0,0,2,6,610.65,1075.31,1685.96
RP Singh,82,52,2,1,31,2,1,76,34,10,28,15,0,0,6,13,3.47,68.42,3,26.92,1775,2338,90,744,254,70,2,295.83,7.9,25.98,19.72,0,0,0,1,7,112.21,3208.97,3321.18
V Pratap Singh,9,0,0,0,0,0,0,1,1,0,1,1,0,0,1,0,0.0,0.0,0,0.0,204,296,10,71,31,10,0,34.0,8.71,29.6,20.4,0,0,0,0,11,0.0,254.94,254.94
DR Sams,16,44,1,3,14,4,0,44,22,15,13,9,0,0,4,4,4.89,100.0,4,50.0,360,523,14,142,41,25,0,60.0,8.72,37.36,25.71,0,0,0,1,2,116.0,476.83,592.83
RJ Gleeson,3,2,0,0,0,1,0,2,0,2,1,0,0,0,0,1,2.0,100.0,0,0.0,68,110,2,24,14,3,0,11.33,9.71,55.0,34.0,0,0,0,0,8,53.0,0.0,53.0
MEK Hussey,58,1977,198,52,648,96,11,1612,572,116,58,51,15,1,1,7,38.76,122.64,250,55.84,0,0,0,0,0,0,0,0.0,0.0,0.0,0.0,0,0,0,12,3,3026.82,0.0,3026.82
KS Williamson,77,2132,187,64,733,119,8,1697,558,89,76,60,18,0,1,16,35.53,125.63,251,53.1,18,31,0,2,1,2,0,3.0,10.33,0.0,0.0,0,0,0,6,3,3260.82,0.0,3260.82
DH Yagnik,17,170,23,2,44,11,0,137,48,34,17,10,0,0,1,7,17.0,124.09,25,61.18,0,0,0,0,0,0,0,0.0,0.0,0.0,0.0,0,0,0,0,3,317.04,0.0,317.04
J Suchith,21,70,6,3,18,5,0,61,25,34,9,4,0,0,2,5,17.5,114.75,9,60.0,420,602,19,140,47,26,0,70.0,8.6,31.68,22.11,0,0,0,0,4,162.38,574.0,736.38
A Nel,1,0,0,0,0,0,0,0,0,0,0,1,0,0,0,0,0.0,0.0,0,0.0,18,31,1,7,3,2,0,3.0,10.33,31.0,18.0,0,0,0,0,11,0.0,0.0,0.0
BAW Mendis,10,3,0,0,3,0,0,6,3,2,3,2,0,0,1,1,1.5,50.0,0,0.0,244,303,8,76,17,12,0,40.67,7.45,37.88,30.5,0,0,0,0,4,29.5,237.49,266.99
PP Hinge,1,0,0,0,0,0,0,0,0,0,0,0,0,0,0,0,0.0,0.0,0,0.0,24,34,4,14,2,3,0,4.0,8.5,8.5,6.0,0,0,0,1,11,0.0,23.0,23.0
CJ Green,1,0,0,0,0,0,0,0,0,0,0,0,0,0,0,0,0.0,0.0,0,0.0,17,24,0,6,4,0,0,2.83,8.47,0.0,0.0,0,0,0,0,11,0.0,0.0,0.0
KMDN Kulasekara,5,5,1,0,1,0,0,3,0,5,1,0,0,0,0,1,5.0,166.67,1,80.0,102,120,5,45,16,0,0,17.0,7.06,24.0,20.4,0,0,0,1,4,90.83,119.41,210.25
CJ Jordan,34,81,3,3,23,14,0,77,31,30,12,10,0,0,1,2,8.1,105.19,6,37.04,674,1081,30,206,96,46,1,112.33,9.62,36.03,22.47,0,0,0,1,2,174.1,915.77,1089.87
DL Vettori,34,121,11,2,54,4,1,113,31,29,16,8,0,0,1,8,15.12,107.08,13,46.28,777,879,28,270,67,24,0,129.5,6.79,31.39,27.75,0,0,0,1,4,235.04,1032.12,1267.16
M Morkel,70,126,11,5,33,8,1,90,32,23,20,11,0,0,4,9,11.45,140.0,16,58.73,1629,2089,77,708,230,61,3,271.5,7.69,27.13,21.16,0,0,0,2,5,259.0,2879.06,3138.06
MW Short,7,119,15,4,25,5,0,99,48,36,7,7,0,0,0,0,17.0,120.2,19,70.59,25,26,0,11,2,1,0,4.17,6.24,0.0,0.0,0,0,0,0,6,238.6,0.0,238.6
MP Stoinis,111,2045,162,106,561,96,1,1410,459,124,102,73,9,1,10,29,28.01,145.04,268,62.79,894,1466,44,240,116,75,0,149.0,9.84,33.32,20.32,0,0,0,9,5,3140.02,1261.61,4401.63
R Sathish,28,270,22,6,89,24,3,231,79,27,24,17,0,0,2,7,15.88,116.88,28,45.93,139,232,3,30,18,10,0,23.17,10.01,77.33,46.33,0,0,0,0,6,463.44,19.86,483.3
Sachin Baby,13,144,11,5,44,13,0,118,43,33,11,9,0,0,1,2,16.0,122.03,16,51.39,10,8,2,5,1,0,0,1.67,4.8,4.0,5.0,0,0,0,0,7,277.02,2.0,279.02
BA Bhatt,15,6,0,1,0,0,0,7,6,6,2,1,0,0,1,1,6.0,85.71,1,100.0,296,397,12,93,35,13,0,49.33,8.05,33.08,24.67,0,0,0,1,3,51.86,345.53,397.38
S Tyagi,14,3,0,0,3,0,0,4,1,3,1,1,0,0,0,0,3.0,75.0,0,0.0,209,295,6,93,34,12,0,34.83,8.47,49.17,34.83,0,0,0,0,10,42.0,221.31,263.31
SD Hope,9,183,12,12,43,10,0,122,45,41,9,8,0,0,0,1,22.88,150.0,24,65.57,0,0,0,0,0,0,0,0.0,0.0,0.0,0.0,0,0,0,0,5,349.5,0.0,349.5
FH Allen,5,81,13,4,5,0,0,42,19,37,5,5,0,0,0,0,16.2,192.86,17,93.83,0,0,0,0,0,0,0,0.0,0.0,0.0,0.0,0,0,0,0,4,217.93,0.0,217.93
Shoaib Ahmed,7,1,0,0,1,0,0,6,5,1,3,2,0,0,2,1,0.5,16.67,0,0.0,102,152,5,33,14,7,0,17.0,8.94,30.4,20.4,0,0,0,0,8,9.83,76.59,86.42
NLTC Perera,37,424,23,26,121,26,1,309,104,40,30,22,0,0,1,8,19.27,137.22,49,58.49,698,1016,31,227,113,28,0,116.33,8.73,32.77,22.52,0,0,0,0,6,704.61,986.66,1691.27
SK Raina,200,5536,506,204,1708,271,11,4046,1276,100,200,171,39,1,8,29,32.37,136.83,710,58.67,908,1118,25,280,71,44,0,151.33,7.39,44.72,36.32,0,0,0,14,6,8372.41,986.12,9358.54
LA Carseldine,5,81,11,0,23,4,2,68,26,39,5,4,0,0,0,1,20.25,119.12,11,54.32,6,6,1,4,1,0,0,1.0,6.0,6.0,6.0,0,0,0,0,3,181.06,0.0,181.06
KAJ Roach,2,10,1,0,4,1,0,9,3,10,1,1,0,0,0,0,10.0,111.11,1,40.0,48,80,0,20,10,3,0,8.0,10.0,0.0,0.0,0,0,0,0,5,70.56,0.0,70.56
VG Arora,36,10,0,0,8,1,0,26,17,2,10,4,0,0,3,6,2.5,38.46,0,0.0,734,1208,42,271,131,52,1,122.33,9.87,28.76,17.48,0,0,0,1,10,34.23,1283.25,1317.48
Bipul Sharma,29,187,11,9,51,19,0,123,31,35,17,8,0,0,0,9,23.38,152.03,20,52.41,426,572,17,131,28,31,0,71.0,8.06,33.65,25.06,0,0,0,0,2,356.52,521.44,877.95
A Mukund,2,19,1,0,11,2,0,22,8,19,2,2,0,0,1,0,9.5,86.36,1,21.05,0,0,0,0,0,0,0,0.0,0.0,0.0,0.0,0,0,0,0,1,71.68,0.0,71.68
T Kohli,4,11,0,1,5,0,0,19,13,7,3,3,0,0,0,0,3.67,57.89,1,54.55,0,0,0,0,0,0,0,0.0,0.0,0.0,0.0,0,0,0,0,7,45.45,0.0,45.45
RG More,2,2,0,0,2,0,0,2,0,2,1,0,0,0,0,1,2.0,100.0,0,0.0,35,59,1,4,5,1,0,5.83,10.11,59.0,35.0,0,0,0,0,10,53.0,0.0,53.0
Arjun Tendulkar,5,13,0,1,5,1,0,9,2,13,1,1,0,0,0,0,13.0,144.44,1,46.15,73,114,3,30,10,5,0,12.17,9.37,38.0,24.33,0,0,0,0,1,91.72,26.3,118.02
AG Paunikar,5,49,9,0,9,2,0,58,35,20,5,5,0,0,1,0,9.8,84.48,9,73.47,0,0,0,0,0,0,0,0.0,0.0,0.0,0.0,0,0,0,0,1,115.74,0.0,115.74
BCJ Cutting,21,238,15,19,44,10,0,141,49,39,17,11,0,0,1,6,21.64,168.79,34,73.11,281,429,10,77,44,15,0,46.83,9.16,42.9,28.1,0,0,0,1,1,441.4,262.4,703.8
M Muralitharan,66,20,1,0,9,2,1,30,15,6,9,6,0,0,3,3,3.33,66.67,1,20.0,1528,1706,64,600,105,67,1,254.67,6.7,26.66,23.88,0,0,0,2,4,63.33,2413.01,2476.34
N Burger,10,3,0,0,3,0,0,5,2,3,1,0,0,0,0,1,3.0,60.0,0,0.0,198,284,12,85,29,14,0,33.0,8.61,23.67,16.5,0,0,0,1,5,34.5,323.94,358.44
Kuldeep Yadav,102,206,18,3,88,14,0,240,112,35,39,17,0,0,8,22,12.12,85.83,21,43.69,2142,2906,105,643,149,156,1,357.0,8.14,27.68,20.4,0,0,0,7,5,351.92,3304.6,3656.52
MP Breetzke,1,14,1,1,2,1,0,12,6,14,1,1,0,0,0,0,14.0,116.67,2,71.43,0,0,0,0,0,0,0,0.0,0.0,0.0,0.0,0,0,0,0,2,79.33,0.0,79.33
Yashpal Singh,4,47,5,0,20,2,1,66,37,20,4,4,0,0,0,0,11.75,71.21,5,42.55,0,0,0,0,0,0,0,0.0,0.0,0.0,0.0,0,0,0,0,9,106.11,0.0,106.11
C Sakariya,20,20,3,0,6,1,0,31,19,7,7,6,0,0,2,1,3.33,64.52,3,60.0,444,638,20,146,53,23,1,74.0,8.62,31.9,22.2,0,0,0,0,1,62.26,605.78,668.04
S Randiv,8,2,0,0,0,1,0,4,3,2,1,1,0,0,0,0,2.0,50.0,0,0.0,174,223,6,60,20,5,0,29.0,7.69,37.17,29.0,0,0,0,0,10,28.0,163.1,191.1
J Syed Mohammad,11,29,4,0,11,1,0,26,10,13,5,2,0,0,0,3,14.5,111.54,4,55.17,192,283,8,47,18,12,0,32.0,8.84,35.38,24.0,0,0,0,0,4,99.27,165.56,264.83
Suryansh Shedge,3,7,0,0,5,1,0,11,4,4,3,3,0,0,0,0,2.33,63.64,0,0.0,18,40,0,1,3,2,0,3.0,13.33,0.0,0.0,0,0,0,0,10,42.32,0.0,42.32
JE Taylor,5,3,0,0,1,1,0,3,1,2,2,1,0,0,0,1,3.0,100.0,0,0.0,117,157,6,48,10,9,0,19.5,8.05,26.17,19.5,0,0,0,0,2,54.5,135.49,189.99
TD Paine,2,10,0,0,10,0,0,26,14,8,2,2,0,0,0,0,5.0,38.46,0,0.0,0,0,0,0,0,0,0,0.0,0.0,0.0,0.0,0,0,0,0,8,34.23,0.0,34.23
AS Roy,15,27,3,0,9,3,0,28,12,13,9,5,0,0,4,4,5.4,96.43,3,44.44,221,302,10,78,21,14,0,36.83,8.2,30.2,22.1,0,0,0,0,3,88.71,274.01,362.72
J Fraser-McGurk,15,385,39,30,34,6,1,193,78,84,15,15,4,0,3,0,25.67,199.48,69,87.27,0,0,0,0,0,0,0,0.0,0.0,0.0,0.0,0,0,0,1,4,677.24,0.0,677.24
JD Unadkat,115,201,16,7,63,16,0,169,62,26,28,16,0,0,3,12,12.56,118.93,23,52.74,2351,3504,114,757,295,158,3,391.83,8.94,30.74,20.62,0,0,0,6,5,360.97,3704.57,4065.54
PA Patel,137,2848,365,49,811,127,8,2358,928,81,136,126,13,0,13,10,22.6,120.78,414,61.59,0,0,0,0,0,0,0,0.0,0.0,0.0,0.0,0,0,0,5,5,4332.39,0.0,4332.39
MM Ali,69,1167,95,67,307,39,0,835,309,93,59,53,6,0,7,6,22.02,139.76,162,67.01,854,1029,41,295,43,57,1,142.33,7.23,25.1,20.83,0,0,0,2,3,1820.38,1337.7,3158.09
YK Pathan,162,3222,263,161,877,156,5,2245,744,100,153,110,14,1,10,43,29.29,143.52,424,62.63,1147,1415,42,393,99,57,1,191.17,7.4,33.69,27.31,0,0,0,16,8,4904.76,1551.98,6456.74
RA Jadeja,251,3336,247,117,1150,239,6,2566,753,77,197,118,5,0,9,79,28.27,130.01,364,50.66,4098,5245,173,1305,316,227,2,683.0,7.68,30.32,23.69,0,0,0,16,6,5069.0,5993.21,11062.21
KMA Paul,8,18,1,1,6,1,0,24,13,7,5,5,0,0,1,0,3.6,75.0,2,55.56,163,237,9,52,18,8,0,27.17,8.72,26.33,18.11,0,0,0,1,4,64.5,196.76,261.26
CJ Ferguson,8,98,9,0,42,10,0,117,55,23,8,6,0,0,0,2,16.33,83.76,9,36.73,0,0,0,0,0,0,0,0.0,0.0,0.0,0.0,0,0,0,0,2,188.88,0.0,188.88
SJ Srivastava,14,5,0,0,3,1,0,5,1,3,4,1,0,0,1,3,5.0,100.0,0,0.0,282,441,14,103,50,13,0,47.0,9.38,31.5,20.14,0,0,0,0,10,57.5,392.17,449.67
JEC Franklin,19,327,25,9,129,22,0,301,109,79,16,11,1,0,0,5,29.73,108.64,34,47.09,151,220,9,39,21,6,0,25.17,8.74,24.44,16.78,0,0,0,1,3,544.82,170.58,715.4
D Jansen,1,0,0,0,0,0,0,0,0,0,0,0,0,0,0,0,0.0,0.0,0,0.0,24,53,1,6,3,4,0,4.0,13.25,53.0,24.0,0,0,0,0,11,0.0,0.0,0.0
S Midhun,1,0,0,0,0,0,0,0,0,0,0,0,0,0,0,0,0.0,0.0,0,0.0,12,27,0,3,2,2,0,2.0,13.5,0.0,0.0,0,0,0,0,11,0.0,0.0,0.0
RR Powar,26,67,6,1,23,7,0,64,26,28,9,3,0,0,1,6,22.33,104.69,7,44.78,426,527,13,166,41,18,0,71.0,7.42,40.54,32.77,0,0,0,0,7,152.84,517.77,670.62
DJ Willey,11,53,7,0,17,4,0,62,32,20,5,2,0,0,1,3,26.5,85.48,7,52.83,216,272,6,79,28,8,1,36.0,7.56,45.33,36.0,0,0,0,0,2,122.24,202.44,324.69
RR Bhatkal,1,0,0,0,0,0,0,2,2,0,1,1,0,0,1,0,0.0,0.0,0,0.0,12,35,0,0,2,3,0,2.0,17.5,0.0,0.0,0,0,0,0,7,0.0,0.0,0.0
LI Meriwala,1,0,0,0,0,0,0,0,0,0,0,0,0,0,0,0,0.0,0.0,0,0.0,18,32,1,6,4,1,0,3.0,10.67,32.0,18.0,0,0,0,0,11,0.0,0.0,0.0
S Ladda,9,0,0,0,0,0,0,9,9,0,2,1,0,0,2,1,0.0,0.0,0,0.0,138,224,5,48,12,17,0,23.0,9.74,44.8,27.6,0,0,0,0,8,0.0,98.61,98.61
ML Hayden,32,1107,121,44,257,48,2,806,308,93,32,31,8,0,1,1,35.71,137.34,165,67.57,0,0,0,0,0,0,0,0.0,0.0,0.0,0.0,0,0,0,4,3,1729.17,0.0,1729.17
AJ Turner,6,24,0,2,12,0,0,28,13,16,6,5,0,0,3,1,4.8,85.71,2,50.0,0,0,0,0,0,0,0,0.0,0.0,0.0,0.0,0,0,0,0,1,78.86,0.0,78.86
PA Reddy,11,164,15,2,65,12,1,160,65,42,10,10,0,0,0,0,16.4,102.5,17,43.9,0,0,0,0,0,0,0,0.0,0.0,0.0,0.0,0,0,0,0,8,297.25,0.0,297.25
STR Binny,86,880,66,35,263,61,7,683,239,48,66,46,0,0,7,20,19.13,128.84,101,53.86,594,758,22,199,76,14,0,99.0,7.66,34.45,27.0,0,0,0,0,7,1384.42,761.43,2145.86
B Geeves,2,0,0,0,0,0,0,0,0,0,0,0,0,0,0,0,0.0,0.0,0,0.0,48,91,1,15,17,1,0,8.0,11.38,91.0,48.0,0,0,0,0,11,0.0,0.0,0.0
D Kalyankrishna,3,3,0,0,3,0,0,8,4,3,1,1,0,0,0,0,3.0,37.5,0,0.0,48,87,2,10,8,4,0,8.0,10.88,43.5,24.0,0,0,0,0,2,23.25,0.0,23.25
G Coetzee,14,31,2,2,11,0,0,33,16,12,7,6,0,0,1,1,5.17,93.94,4,64.52,273,472,15,90,41,26,0,45.5,10.37,31.47,18.2,0,0,0,0,2,93.47,376.26,469.73
MS Gony,44,99,6,8,19,4,0,71,32,42,15,10,0,0,4,5,9.9,139.44,14,72.73,888,1287,37,348,135,53,3,148.0,8.7,34.78,24.0,0,0,0,1,6,218.22,1349.04,1567.26
Abhishek Sharma,82,1945,183,114,384,68,3,1174,403,141,79,72,10,1,5,7,27.01,165.67,297,72.8,347,523,11,93,36,27,0,57.83,9.04,47.55,31.55,0,0,0,6,2,3000.34,315.57,3315.9
MK Lomror,37,527,33,30,165,25,0,373,106,54,35,29,1,0,4,6,18.17,141.29,63,59.2,90,127,1,22,8,5,0,15.0,8.47,127.0,90.0,0,0,0,0,5,861.14,0.0,861.14
